2026-09-15 13:42:37,954 [INFO] run_once: Found 0 candidates.
2026-09-15 18:28:40,475 [INFO] run_once: Found 0 candidates.
2026-09-15 18:30:43,182 [INFO] run_once: Found 0 candidates.
2026-09-15 18:35:40,965 [INFO] run_once: Found 0 candidates.
2026-09-15 18:37:50,751 [INFO] run_once: Found 0 candidates.
2026-09-15 18:40:48,767 [INFO] run_once: Found 0 candidates.
2026-09-15 18:45:43,882 [INFO] run_once: Found 1 candidates.
2026-09-15 18:45:43,884 [INFO] trade_executor: [paper] opened STEALF for $1.50 at $0.0008564
2026-09-15 18:50:45,051 [INFO] run_once: Found 1 candidates.
2026-09-15 18:55:44,032 [INFO] run_once: Found 0 candidates.
2026-09-15 19:00:31,729 [INFO] position_manager: Closed STEALF: $-0.29 (-19.5%, stop_loss)
2026-09-15 19:00:47,910 [INFO] run_once: Found 0 candidates.
2026-09-15 19:05:45,375 [INFO] run_once: Found 0 candidates.
2026-09-15 19:10:48,386 [INFO] run_once: Found 0 candidates.
2026-09-15 19:15:47,776 [INFO] run_once: Found 0 candidates.
2026-09-15 19:20:49,456 [INFO] run_once: Found 1 candidates.
2026-09-15 19:20:49,459 [INFO] trade_executor: [paper] opened CASHCAT for $1.46 at $0.0003367
2026-09-15 19:25:47,711 [INFO] run_once: Found 1 candidates.
2026-09-15 19:25:47,713 [INFO] trade_executor: [paper] opened TROLLP for $1.45 at $0.0006188
2026-09-15 19:30:31,792 [INFO] position_manager: Closed CASHCAT: $-0.22 (-15.2%, stop_loss)
2026-09-15 19:30:47,712 [INFO] run_once: Found 1 candidates.
2026-09-15 19:35:29,960 [INFO] position_manager: Closed TROLLP: $-0.30 (-20.6%, stop_loss)
2026-09-15 19:40:32,016 [WARNING] run_once: Circuit breaker already tripped: 3 consecutive losing paper trades
2026-09-15 19:45:34,289 [WARNING] run_once: Circuit breaker already tripped: 3 consecutive losing paper trades
2026-09-15 19:50:32,863 [WARNING] run_once: Circuit breaker already tripped: 3 consecutive losing paper trades
2026-09-15 19:55:25,960 [WARNING] run_once: Circuit breaker already tripped: 3 consecutive losing paper trades
2026-09-15 20:00:36,468 [WARNING] run_once: Circuit breaker already tripped: 3 consecutive losing paper trades
2026-09-15 20:05:28,811 [WARNING] run_once: Circuit breaker already tripped: 3 consecutive losing paper trades
2026-09-15 20:10:31,605 [WARNING] run_once: Circuit breaker already tripped: 3 consecutive losing paper trades
2026-09-15 20:15:32,663 [WARNING] run_once: Circuit breaker already tripped: 3 consecutive losing paper trades
2026-09-15 20:20:31,207 [WARNING] run_once: Circuit breaker already tripped: 3 consecutive losing paper trades
2026-09-15 20:25:25,117 [WARNING] run_once: Circuit breaker already tripped: 3 consecutive losing paper trades
2026-09-15 20:30:34,757 [WARNING] run_once: Circuit breaker already tripped: 3 consecutive losing paper trades
2026-09-15 20:35:28,362 [WARNING] run_once: Circuit breaker already tripped: 3 consecutive losing paper trades
2026-09-15 20:40:27,362 [WARNING] run_once: Circuit breaker already tripped: 3 consecutive losing paper trades
2026-09-15 20:45:28,751 [WARNING] run_once: Circuit breaker already tripped: 3 consecutive losing paper trades
2026-09-15 20:50:37,416 [WARNING] run_once: Circuit breaker already tripped: 3 consecutive losing paper trades
2026-09-15 20:55:24,488 [WARNING] run_once: Circuit breaker already tripped: 3 consecutive losing paper trades
2026-09-15 21:00:35,178 [WARNING] run_once: Circuit breaker already tripped: 3 consecutive losing paper trades
2026-09-15 21:05:27,016 [WARNING] run_once: Circuit breaker already tripped: 3 consecutive losing paper trades
2026-09-15 21:10:30,697 [WARNING] run_once: Circuit breaker already tripped: 3 consecutive losing paper trades
2026-09-15 21:15:28,246 [WARNING] run_once: Circuit breaker already tripped: 3 consecutive losing paper trades
2026-09-15 21:20:28,810 [WARNING] run_once: Circuit breaker already tripped: 3 consecutive losing paper trades
2026-09-15 21:25:34,429 [WARNING] run_once: Circuit breaker already tripped: 3 consecutive losing paper trades
2026-09-15 21:30:33,490 [WARNING] run_once: Circuit breaker already tripped: 3 consecutive losing paper trades
2026-09-15 21:35:25,827 [WARNING] run_once: Circuit breaker already tripped: 3 consecutive losing paper trades
2026-09-15 21:40:35,846 [WARNING] run_once: Circuit breaker already tripped: 3 consecutive losing paper trades
2026-09-15 21:45:36,668 [WARNING] run_once: Circuit breaker already tripped: 3 consecutive losing paper trades
2026-09-15 21:50:31,417 [WARNING] run_once: Circuit breaker already tripped: 3 consecutive losing paper trades
2026-09-15 21:55:27,010 [WARNING] run_once: Circuit breaker already tripped: 3 consecutive losing paper trades
2026-09-15 22:00:33,612 [WARNING] run_once: Circuit breaker already tripped: 3 consecutive losing paper trades
2026-09-15 22:05:24,963 [WARNING] run_once: Circuit breaker already tripped: 3 consecutive losing paper trades
2026-09-15 22:10:34,210 [WARNING] run_once: Circuit breaker already tripped: 3 consecutive losing paper trades
2026-09-15 22:15:27,011 [WARNING] run_once: Circuit breaker already tripped: 3 consecutive losing paper trades
2026-09-15 22:20:29,202 [WARNING] run_once: Circuit breaker already tripped: 3 consecutive losing paper trades
2026-09-15 22:25:36,194 [WARNING] run_once: Circuit breaker already tripped: 3 consecutive losing paper trades
2026-09-15 22:30:29,856 [WARNING] run_once: Circuit breaker already tripped: 3 consecutive losing paper trades
2026-09-15 22:35:26,121 [WARNING] run_once: Circuit breaker already tripped: 3 consecutive losing paper trades
2026-09-15 22:40:29,804 [WARNING] run_once: Circuit breaker already tripped: 3 consecutive losing paper trades
2026-09-15 22:45:33,310 [WARNING] run_once: Circuit breaker already tripped: 3 consecutive losing paper trades
2026-09-15 22:50:29,796 [WARNING] run_once: Circuit breaker already tripped: 3 consecutive losing paper trades
2026-09-15 22:55:24,476 [WARNING] run_once: Circuit breaker already tripped: 3 consecutive losing paper trades
2026-09-15 23:00:37,900 [WARNING] run_once: Circuit breaker already tripped: 3 consecutive losing paper trades
2026-09-15 23:05:27,808 [WARNING] run_once: Circuit breaker already tripped: 3 consecutive losing paper trades
2026-09-15 23:10:27,018 [WARNING] run_once: Circuit breaker already tripped: 3 consecutive losing paper trades
2026-09-15 23:15:27,950 [WARNING] run_once: Circuit breaker already tripped: 3 consecutive losing paper trades
2026-09-15 23:20:28,477 [WARNING] run_once: Circuit breaker already tripped: 3 consecutive losing paper trades
2026-09-15 23:25:26,912 [WARNING] run_once: Circuit breaker already tripped: 3 consecutive losing paper trades
2026-09-15 23:30:29,382 [WARNING] run_once: Circuit breaker already tripped: 3 consecutive losing paper trades
2026-09-15 23:35:31,937 [WARNING] run_once: Circuit breaker already tripped: 3 consecutive losing paper trades
2026-09-15 23:40:25,806 [WARNING] run_once: Circuit breaker already tripped: 3 consecutive losing paper trades
2026-09-15 23:45:30,828 [WARNING] run_once: Circuit breaker already tripped: 3 consecutive losing paper trades
2026-09-15 23:50:28,591 [WARNING] run_once: Circuit breaker already tripped: 3 consecutive losing paper trades
2026-09-15 23:55:46,512 [WARNING] run_once: Circuit breaker already tripped: 3 consecutive losing paper trades
2026-09-16 00:00:32,142 [WARNING] run_once: Circuit breaker already tripped: 3 consecutive losing paper trades
2026-09-16 00:05:29,158 [WARNING] run_once: Circuit breaker already tripped: 3 consecutive losing paper trades
2026-09-16 00:10:27,538 [WARNING] run_once: Circuit breaker already tripped: 3 consecutive losing paper trades
2026-09-16 00:15:27,556 [WARNING] run_once: Circuit breaker already tripped: 3 consecutive losing paper trades
2026-09-16 00:20:28,500 [WARNING] run_once: Circuit breaker already tripped: 3 consecutive losing paper trades
2026-09-16 00:25:24,620 [WARNING] run_once: Circuit breaker already tripped: 3 consecutive losing paper trades
2026-09-16 00:30:34,899 [WARNING] run_once: Circuit breaker already tripped: 3 consecutive losing paper trades
2026-09-16 00:35:25,340 [WARNING] run_once: Circuit breaker already tripped: 3 consecutive losing paper trades
2026-09-16 00:40:35,965 [WARNING] run_once: Circuit breaker already tripped: 3 consecutive losing paper trades
2026-09-16 00:45:25,555 [WARNING] run_once: Circuit breaker already tripped: 3 consecutive losing paper trades
2026-09-16 00:51:39,253 [WARNING] run_once: Circuit breaker already tripped: 3 consecutive losing paper trades
2026-09-16 00:55:19,383 [WARNING] run_once: Circuit breaker already tripped: 3 consecutive losing paper trades
2026-09-16 01:00:33,010 [WARNING] run_once: Circuit breaker already tripped: 3 consecutive losing paper trades
2026-09-16 01:05:27,438 [WARNING] run_once: Circuit breaker already tripped: 3 consecutive losing paper trades
2026-09-16 01:10:31,492 [WARNING] run_once: Circuit breaker already tripped: 3 consecutive losing paper trades
2026-09-16 01:15:31,639 [WARNING] run_once: Circuit breaker already tripped: 3 consecutive losing paper trades
2026-09-16 01:20:30,851 [WARNING] run_once: Circuit breaker already tripped: 3 consecutive losing paper trades
2026-09-16 01:25:25,806 [WARNING] run_once: Circuit breaker already tripped: 3 consecutive losing paper trades
2026-09-16 01:30:31,540 [WARNING] run_once: Circuit breaker already tripped: 3 consecutive losing paper trades
2026-09-16 01:35:24,137 [WARNING] run_once: Circuit breaker already tripped: 3 consecutive losing paper trades
2026-09-16 01:40:27,601 [WARNING] run_once: Circuit breaker already tripped: 3 consecutive losing paper trades
2026-09-16 01:45:26,570 [WARNING] run_once: Circuit breaker already tripped: 3 consecutive losing paper trades
2026-09-16 01:50:26,431 [WARNING] run_once: Circuit breaker already tripped: 3 consecutive losing paper trades
2026-09-16 01:55:25,374 [WARNING] run_once: Circuit breaker already tripped: 3 consecutive losing paper trades
2026-09-16 02:00:31,862 [WARNING] run_once: Circuit breaker already tripped: 3 consecutive losing paper trades
2026-09-16 02:05:28,655 [WARNING] run_once: Circuit breaker already tripped: 3 consecutive losing paper trades
2026-09-16 02:10:29,442 [WARNING] run_once: Circuit breaker already tripped: 3 consecutive losing paper trades
2026-09-16 02:15:27,955 [WARNING] run_once: Circuit breaker already tripped: 3 consecutive losing paper trades
2026-09-16 02:21:03,064 [WARNING] run_once: Circuit breaker already tripped: 3 consecutive losing paper trades
2026-09-16 02:25:24,641 [WARNING] run_once: Circuit breaker already tripped: 3 consecutive losing paper trades
2026-09-16 02:30:28,975 [WARNING] run_once: Circuit breaker already tripped: 3 consecutive losing paper trades
2026-09-16 02:35:27,321 [WARNING] run_once: Circuit breaker already tripped: 3 consecutive losing paper trades
2026-09-16 02:40:21,827 [WARNING] run_once: Circuit breaker already tripped: 3 consecutive losing paper trades
2026-09-16 02:45:28,248 [WARNING] run_once: Circuit breaker already tripped: 3 consecutive losing paper trades
2026-09-16 02:50:25,872 [WARNING] run_once: Circuit breaker already tripped: 3 consecutive losing paper trades
2026-09-16 02:55:24,521 [WARNING] run_once: Circuit breaker already tripped: 3 consecutive losing paper trades
2026-09-16 03:00:29,744 [WARNING] run_once: Circuit breaker already tripped: 3 consecutive losing paper trades
2026-09-16 03:05:34,435 [WARNING] run_once: Circuit breaker already tripped: 3 consecutive losing paper trades
2026-09-16 03:10:31,761 [WARNING] run_once: Circuit breaker already tripped: 3 consecutive losing paper trades
2026-09-16 03:15:26,927 [WARNING] run_once: Circuit breaker already tripped: 3 consecutive losing paper trades
2026-09-16 03:20:26,477 [WARNING] run_once: Circuit breaker already tripped: 3 consecutive losing paper trades
2026-09-16 03:25:24,416 [WARNING] run_once: Circuit breaker already tripped: 3 consecutive losing paper trades
2026-09-16 03:30:34,948 [WARNING] run_once: Circuit breaker already tripped: 3 consecutive losing paper trades
2026-09-16 03:35:27,746 [WARNING] run_once: Circuit breaker already tripped: 3 consecutive losing paper trades
2026-09-16 03:40:31,258 [WARNING] run_once: Circuit breaker already tripped: 3 consecutive losing paper trades
2026-09-16 03:45:27,951 [WARNING] run_once: Circuit breaker already tripped: 3 consecutive losing paper trades
2026-09-16 03:51:04,786 [WARNING] run_once: Circuit breaker already tripped: 3 consecutive losing paper trades
2026-09-16 03:55:26,960 [WARNING] run_once: Circuit breaker already tripped: 3 consecutive losing paper trades
2026-09-16 04:00:27,990 [WARNING] run_once: Circuit breaker already tripped: 3 consecutive losing paper trades
2026-09-16 04:05:27,107 [WARNING] run_once: Circuit breaker already tripped: 3 consecutive losing paper trades
2026-09-16 04:10:26,279 [WARNING] run_once: Circuit breaker already tripped: 3 consecutive losing paper trades
2026-09-16 04:15:30,001 [WARNING] run_once: Circuit breaker already tripped: 3 consecutive losing paper trades
2026-09-16 04:20:26,234 [WARNING] run_once: Circuit breaker already tripped: 3 consecutive losing paper trades
2026-09-16 04:25:27,531 [WARNING] run_once: Circuit breaker already tripped: 3 consecutive losing paper trades
2026-09-16 04:30:27,813 [WARNING] run_once: Circuit breaker already tripped: 3 consecutive losing paper trades
2026-09-16 04:35:27,340 [WARNING] run_once: Circuit breaker already tripped: 3 consecutive losing paper trades
2026-09-16 04:41:03,935 [WARNING] run_once: Circuit breaker already tripped: 3 consecutive losing paper trades
2026-09-16 04:45:26,732 [WARNING] run_once: Circuit breaker already tripped: 3 consecutive losing paper trades
2026-09-16 04:50:31,107 [WARNING] run_once: Circuit breaker already tripped: 3 consecutive losing paper trades
2026-09-16 04:55:40,189 [WARNING] run_once: Circuit breaker already tripped: 3 consecutive losing paper trades
2026-09-16 05:00:29,778 [WARNING] run_once: Circuit breaker already tripped: 3 consecutive losing paper trades
2026-09-16 05:05:25,903 [WARNING] run_once: Circuit breaker already tripped: 3 consecutive losing paper trades
2026-09-16 05:10:31,799 [WARNING] run_once: Circuit breaker already tripped: 3 consecutive losing paper trades
2026-09-16 05:15:27,951 [WARNING] run_once: Circuit breaker already tripped: 3 consecutive losing paper trades
2026-09-16 05:20:31,305 [WARNING] run_once: Circuit breaker already tripped: 3 consecutive losing paper trades
2026-09-16 05:25:26,989 [WARNING] run_once: Circuit breaker already tripped: 3 consecutive losing paper trades
2026-09-16 05:30:27,048 [WARNING] run_once: Circuit breaker already tripped: 3 consecutive losing paper trades
2026-09-16 05:35:27,778 [WARNING] run_once: Circuit breaker already tripped: 3 consecutive losing paper trades
2026-09-16 05:40:29,066 [WARNING] run_once: Circuit breaker already tripped: 3 consecutive losing paper trades
2026-09-16 05:45:29,465 [WARNING] run_once: Circuit breaker already tripped: 3 consecutive losing paper trades
2026-09-16 05:50:28,467 [WARNING] run_once: Circuit breaker already tripped: 3 consecutive losing paper trades
2026-09-16 05:55:26,127 [WARNING] run_once: Circuit breaker already tripped: 3 consecutive losing paper trades
2026-09-16 06:00:30,325 [WARNING] run_once: Circuit breaker already tripped: 3 consecutive losing paper trades
2026-09-16 06:05:26,129 [WARNING] run_once: Circuit breaker already tripped: 3 consecutive losing paper trades
2026-09-16 06:10:25,115 [WARNING] run_once: Circuit breaker already tripped: 3 consecutive losing paper trades
2026-09-16 06:15:27,853 [WARNING] run_once: Circuit breaker already tripped: 3 consecutive losing paper trades
2026-09-16 06:20:30,692 [WARNING] run_once: Circuit breaker already tripped: 3 consecutive losing paper trades
2026-09-16 06:25:22,423 [WARNING] run_once: Circuit breaker already tripped: 3 consecutive losing paper trades
2026-09-16 06:30:31,947 [WARNING] run_once: Circuit breaker already tripped: 3 consecutive losing paper trades
2026-09-16 06:35:26,559 [WARNING] run_once: Circuit breaker already tripped: 3 consecutive losing paper trades
2026-09-16 06:40:30,930 [WARNING] run_once: Circuit breaker already tripped: 3 consecutive losing paper trades
2026-09-16 06:45:29,271 [WARNING] run_once: Circuit breaker already tripped: 3 consecutive losing paper trades
2026-09-16 06:50:32,284 [WARNING] run_once: Circuit breaker already tripped: 3 consecutive losing paper trades
2026-09-16 06:55:26,645 [WARNING] run_once: Circuit breaker already tripped: 3 consecutive losing paper trades
2026-09-16 07:00:29,814 [WARNING] run_once: Circuit breaker already tripped: 3 consecutive losing paper trades
2026-09-16 07:05:28,562 [WARNING] run_once: Circuit breaker already tripped: 3 consecutive losing paper trades
2026-09-16 07:10:28,059 [WARNING] run_once: Circuit breaker already tripped: 3 consecutive losing paper trades
2026-09-16 07:15:28,866 [WARNING] run_once: Circuit breaker already tripped: 3 consecutive losing paper trades
2026-09-16 07:20:27,861 [WARNING] run_once: Circuit breaker already tripped: 3 consecutive losing paper trades
2026-09-16 07:25:25,129 [WARNING] run_once: Circuit breaker already tripped: 3 consecutive losing paper trades
2026-09-16 07:30:32,923 [WARNING] run_once: Circuit breaker already tripped: 3 consecutive losing paper trades
2026-09-16 07:35:26,396 [WARNING] run_once: Circuit breaker already tripped: 3 consecutive losing paper trades
2026-09-16 07:40:28,156 [WARNING] run_once: Circuit breaker already tripped: 3 consecutive losing paper trades
2026-09-16 07:45:32,750 [WARNING] run_once: Circuit breaker already tripped: 3 consecutive losing paper trades
2026-09-16 07:50:28,635 [WARNING] run_once: Circuit breaker already tripped: 3 consecutive losing paper trades
2026-09-16 07:55:24,795 [WARNING] run_once: Circuit breaker already tripped: 3 consecutive losing paper trades
2026-09-16 08:00:32,251 [WARNING] run_once: Circuit breaker already tripped: 3 consecutive losing paper trades
2026-09-16 08:05:27,659 [WARNING] run_once: Circuit breaker already tripped: 3 consecutive losing paper trades
2026-09-16 08:10:29,239 [WARNING] run_once: Circuit breaker already tripped: 3 consecutive losing paper trades
2026-09-16 08:15:31,165 [WARNING] run_once: Circuit breaker already tripped: 3 consecutive losing paper trades
2026-09-16 08:20:29,695 [WARNING] run_once: Circuit breaker already tripped: 3 consecutive losing paper trades
2026-09-16 08:25:25,078 [WARNING] run_once: Circuit breaker already tripped: 3 consecutive losing paper trades
2026-09-16 08:30:29,399 [WARNING] run_once: Circuit breaker already tripped: 3 consecutive losing paper trades
2026-09-16 08:35:27,832 [WARNING] run_once: Circuit breaker already tripped: 3 consecutive losing paper trades
2026-09-16 08:40:27,350 [WARNING] run_once: Circuit breaker already tripped: 3 consecutive losing paper trades
2026-09-16 08:45:37,532 [WARNING] run_once: Circuit breaker already tripped: 3 consecutive losing paper trades
2026-09-16 08:50:31,303 [WARNING] run_once: Circuit breaker already tripped: 3 consecutive losing paper trades
2026-09-16 08:55:25,596 [WARNING] run_once: Circuit breaker already tripped: 3 consecutive losing paper trades
2026-09-16 09:00:31,181 [WARNING] run_once: Circuit breaker already tripped: 3 consecutive losing paper trades
2026-09-16 09:05:23,612 [WARNING] run_once: Circuit breaker already tripped: 3 consecutive losing paper trades
2026-09-16 09:10:28,153 [WARNING] run_once: Circuit breaker already tripped: 3 consecutive losing paper trades
2026-09-16 09:15:32,572 [WARNING] run_once: Circuit breaker already tripped: 3 consecutive losing paper trades
2026-09-16 09:20:29,291 [WARNING] run_once: Circuit breaker already tripped: 3 consecutive losing paper trades
2026-09-16 09:25:29,808 [WARNING] run_once: Circuit breaker already tripped: 3 consecutive losing paper trades
2026-09-16 09:30:30,864 [WARNING] run_once: Circuit breaker already tripped: 3 consecutive losing paper trades
2026-09-16 09:35:27,200 [WARNING] run_once: Circuit breaker already tripped: 3 consecutive losing paper trades
2026-09-16 09:40:28,884 [WARNING] run_once: Circuit breaker already tripped: 3 consecutive losing paper trades
2026-09-16 09:45:28,113 [WARNING] run_once: Circuit breaker already tripped: 3 consecutive losing paper trades
2026-09-16 09:50:28,834 [WARNING] run_once: Circuit breaker already tripped: 3 consecutive losing paper trades
2026-09-16 09:55:25,277 [WARNING] run_once: Circuit breaker already tripped: 3 consecutive losing paper trades
2026-09-16 10:00:31,676 [WARNING] run_once: Circuit breaker already tripped: 3 consecutive losing paper trades
2026-09-16 10:05:26,243 [WARNING] run_once: Circuit breaker already tripped: 3 consecutive losing paper trades
2026-09-16 10:10:27,749 [WARNING] run_once: Circuit breaker already tripped: 3 consecutive losing paper trades
2026-09-16 10:15:28,689 [WARNING] run_once: Circuit breaker already tripped: 3 consecutive losing paper trades
2026-09-16 10:20:26,210 [WARNING] run_once: Circuit breaker already tripped: 3 consecutive losing paper trades
2026-09-16 10:25:27,862 [WARNING] run_once: Circuit breaker already tripped: 3 consecutive losing paper trades
2026-09-16 10:30:28,759 [WARNING] run_once: Circuit breaker already tripped: 3 consecutive losing paper trades
2026-09-16 10:35:24,985 [WARNING] run_once: Circuit breaker already tripped: 3 consecutive losing paper trades
2026-09-16 10:40:29,340 [WARNING] run_once: Circuit breaker already tripped: 3 consecutive losing paper trades
2026-09-16 10:45:30,865 [WARNING] run_once: Circuit breaker already tripped: 3 consecutive losing paper trades
2026-09-16 10:50:35,383 [WARNING] run_once: Circuit breaker already tripped: 3 consecutive losing paper trades
2026-09-16 10:55:29,522 [WARNING] run_once: Circuit breaker already tripped: 3 consecutive losing paper trades
2026-09-16 11:00:32,469 [WARNING] run_once: Circuit breaker already tripped: 3 consecutive losing paper trades
2026-09-16 11:05:25,804 [WARNING] run_once: Circuit breaker already tripped: 3 consecutive losing paper trades
2026-09-16 11:10:30,903 [WARNING] run_once: Circuit breaker already tripped: 3 consecutive losing paper trades
2026-09-16 11:15:33,305 [WARNING] run_once: Circuit breaker already tripped: 3 consecutive losing paper trades
2026-09-16 11:20:32,284 [WARNING] run_once: Circuit breaker already tripped: 3 consecutive losing paper trades
2026-09-16 11:25:24,618 [WARNING] run_once: Circuit breaker already tripped: 3 consecutive losing paper trades
2026-09-16 11:30:37,089 [WARNING] run_once: Circuit breaker already tripped: 3 consecutive losing paper trades
2026-09-16 11:35:25,740 [WARNING] run_once: Circuit breaker already tripped: 3 consecutive losing paper trades
2026-09-16 11:40:30,008 [WARNING] run_once: Circuit breaker already tripped: 3 consecutive losing paper trades
2026-09-16 11:45:32,422 [WARNING] run_once: Circuit breaker already tripped: 3 consecutive losing paper trades
2026-09-16 11:50:32,830 [WARNING] run_once: Circuit breaker already tripped: 3 consecutive losing paper trades
2026-09-16 11:55:26,796 [WARNING] run_once: Circuit breaker already tripped: 3 consecutive losing paper trades
2026-09-16 12:00:33,340 [WARNING] run_once: Circuit breaker already tripped: 3 consecutive losing paper trades
2026-09-16 12:05:28,819 [WARNING] run_once: Circuit breaker already tripped: 3 consecutive losing paper trades
2026-09-16 12:10:30,579 [WARNING] run_once: Circuit breaker already tripped: 3 consecutive losing paper trades
2026-09-16 12:15:30,467 [WARNING] run_once: Circuit breaker already tripped: 3 consecutive losing paper trades
2026-09-16 12:20:30,317 [WARNING] run_once: Circuit breaker already tripped: 3 consecutive losing paper trades
2026-09-16 12:25:26,012 [WARNING] run_once: Circuit breaker already tripped: 3 consecutive losing paper trades
2026-09-16 12:30:47,573 [WARNING] run_once: Circuit breaker already tripped: 3 consecutive losing paper trades
2026-09-16 12:35:32,778 [WARNING] run_once: Circuit breaker already tripped: 3 consecutive losing paper trades
2026-09-16 12:40:35,480 [WARNING] run_once: Circuit breaker already tripped: 3 consecutive losing paper trades
2026-09-16 12:45:28,406 [WARNING] run_once: Circuit breaker already tripped: 3 consecutive losing paper trades
2026-09-16 12:51:05,902 [WARNING] run_once: Circuit breaker already tripped: 3 consecutive losing paper trades
2026-09-16 12:55:24,903 [WARNING] run_once: Circuit breaker already tripped: 3 consecutive losing paper trades
2026-09-16 13:00:33,298 [WARNING] run_once: Circuit breaker already tripped: 3 consecutive losing paper trades
2026-09-16 13:05:27,315 [WARNING] run_once: Circuit breaker already tripped: 3 consecutive losing paper trades
2026-09-16 13:10:31,318 [WARNING] run_once: Circuit breaker already tripped: 3 consecutive losing paper trades
2026-09-16 13:15:44,271 [WARNING] run_once: Circuit breaker already tripped: 3 consecutive losing paper trades
2026-09-16 13:20:31,449 [WARNING] run_once: Circuit breaker already tripped: 3 consecutive losing paper trades
2026-09-16 13:25:27,485 [WARNING] run_once: Circuit breaker already tripped: 3 consecutive losing paper trades
2026-09-16 13:30:30,430 [WARNING] run_once: Circuit breaker already tripped: 3 consecutive losing paper trades
2026-09-16 13:35:26,606 [WARNING] run_once: Circuit breaker already tripped: 3 consecutive losing paper trades
2026-09-16 13:40:38,678 [WARNING] run_once: Circuit breaker already tripped: 3 consecutive losing paper trades
2026-09-16 13:45:29,177 [WARNING] run_once: Circuit breaker already tripped: 3 consecutive losing paper trades
2026-09-16 13:50:29,848 [WARNING] run_once: Circuit breaker already tripped: 3 consecutive losing paper trades
2026-09-16 13:55:26,552 [WARNING] run_once: Circuit breaker already tripped: 3 consecutive losing paper trades
2026-09-16 14:00:34,511 [WARNING] run_once: Circuit breaker already tripped: 3 consecutive losing paper trades
2026-09-16 14:05:24,414 [WARNING] run_once: Circuit breaker already tripped: 3 consecutive losing paper trades
2026-09-16 14:10:29,174 [WARNING] run_once: Circuit breaker already tripped: 3 consecutive losing paper trades
2026-09-16 14:15:28,765 [WARNING] run_once: Circuit breaker already tripped: 3 consecutive losing paper trades
2026-09-16 14:20:44,933 [WARNING] run_once: Circuit breaker already tripped: 3 consecutive losing paper trades
2026-09-16 14:25:27,349 [WARNING] run_once: Circuit breaker already tripped: 3 consecutive losing paper trades
2026-09-16 14:30:29,434 [WARNING] run_once: Circuit breaker already tripped: 3 consecutive losing paper trades
2026-09-16 14:35:28,734 [WARNING] run_once: Circuit breaker already tripped: 3 consecutive losing paper trades
2026-09-16 14:40:30,573 [WARNING] run_once: Circuit breaker already tripped: 3 consecutive losing paper trades
2026-09-16 14:45:28,290 [WARNING] run_once: Circuit breaker already tripped: 3 consecutive losing paper trades
2026-09-16 14:50:31,994 [WARNING] run_once: Circuit breaker already tripped: 3 consecutive losing paper trades
2026-09-16 14:55:27,368 [WARNING] run_once: Circuit breaker already tripped: 3 consecutive losing paper trades
2026-09-16 15:00:35,179 [WARNING] run_once: Circuit breaker already tripped: 3 consecutive losing paper trades
2026-09-16 15:05:30,540 [WARNING] run_once: Circuit breaker already tripped: 3 consecutive losing paper trades
2026-09-16 15:10:31,202 [WARNING] run_once: Circuit breaker already tripped: 3 consecutive losing paper trades
2026-09-16 15:15:31,203 [WARNING] run_once: Circuit breaker already tripped: 3 consecutive losing paper trades
2026-09-16 15:20:35,661 [WARNING] run_once: Circuit breaker already tripped: 3 consecutive losing paper trades
2026-09-16 15:26:01,251 [WARNING] run_once: Circuit breaker already tripped: 3 consecutive losing paper trades
2026-09-16 15:30:29,040 [WARNING] run_once: Circuit breaker already tripped: 3 consecutive losing paper trades
2026-09-16 15:35:25,787 [WARNING] run_once: Circuit breaker already tripped: 3 consecutive losing paper trades
2026-09-16 15:40:33,399 [WARNING] run_once: Circuit breaker already tripped: 3 consecutive losing paper trades
2026-09-16 15:46:03,214 [WARNING] run_once: Circuit breaker already tripped: 3 consecutive losing paper trades
2026-09-16 15:50:31,234 [WARNING] run_once: Circuit breaker already tripped: 3 consecutive losing paper trades
2026-09-16 15:55:28,445 [WARNING] run_once: Circuit breaker already tripped: 3 consecutive losing paper trades
2026-09-16 16:00:30,265 [WARNING] run_once: Circuit breaker already tripped: 3 consecutive losing paper trades
2026-09-16 16:05:30,573 [WARNING] run_once: Circuit breaker already tripped: 3 consecutive losing paper trades
2026-09-16 16:10:30,890 [WARNING] run_once: Circuit breaker already tripped: 3 consecutive losing paper trades
2026-09-16 16:16:04,629 [WARNING] run_once: Circuit breaker already tripped: 3 consecutive losing paper trades
2026-09-16 16:20:31,015 [WARNING] run_once: Circuit breaker already tripped: 3 consecutive losing paper trades
2026-09-16 16:25:28,572 [WARNING] run_once: Circuit breaker already tripped: 3 consecutive losing paper trades
2026-09-16 16:30:33,504 [WARNING] run_once: Circuit breaker already tripped: 3 consecutive losing paper trades
2026-09-16 16:35:27,347 [WARNING] run_once: Circuit breaker already tripped: 3 consecutive losing paper trades
2026-09-16 16:41:04,751 [WARNING] run_once: Circuit breaker already tripped: 3 consecutive losing paper trades
2026-09-16 16:45:26,836 [WARNING] run_once: Circuit breaker already tripped: 3 consecutive losing paper trades
2026-09-16 16:50:30,906 [WARNING] run_once: Circuit breaker already tripped: 3 consecutive losing paper trades
2026-09-16 16:55:27,460 [WARNING] run_once: Circuit breaker already tripped: 3 consecutive losing paper trades
2026-09-16 17:00:34,312 [WARNING] run_once: Circuit breaker already tripped: 3 consecutive losing paper trades
2026-09-16 17:05:26,642 [WARNING] run_once: Circuit breaker already tripped: 3 consecutive losing paper trades
2026-09-16 17:10:27,083 [WARNING] run_once: Circuit breaker already tripped: 3 consecutive losing paper trades
2026-09-16 17:15:28,282 [WARNING] run_once: Circuit breaker already tripped: 3 consecutive losing paper trades
2026-09-16 17:20:32,548 [WARNING] run_once: Circuit breaker already tripped: 3 consecutive losing paper trades
2026-09-16 17:25:27,646 [WARNING] run_once: Circuit breaker already tripped: 3 consecutive losing paper trades
2026-09-16 17:30:32,420 [WARNING] run_once: Circuit breaker already tripped: 3 consecutive losing paper trades
2026-09-16 17:35:25,908 [WARNING] run_once: Circuit breaker already tripped: 3 consecutive losing paper trades
2026-09-16 17:40:26,287 [WARNING] run_once: Circuit breaker already tripped: 3 consecutive losing paper trades
2026-09-16 17:45:29,853 [WARNING] run_once: Circuit breaker already tripped: 3 consecutive losing paper trades
2026-09-16 17:50:29,094 [WARNING] run_once: Circuit breaker already tripped: 3 consecutive losing paper trades
2026-09-16 17:55:35,180 [WARNING] run_once: Circuit breaker already tripped: 3 consecutive losing paper trades
2026-09-16 18:00:37,803 [WARNING] run_once: Circuit breaker already tripped: 3 consecutive losing paper trades
2026-09-16 18:05:29,866 [WARNING] run_once: Circuit breaker already tripped: 3 consecutive losing paper trades
2026-09-16 18:10:32,922 [WARNING] run_once: Circuit breaker already tripped: 3 consecutive losing paper trades
2026-09-16 18:15:28,180 [WARNING] run_once: Circuit breaker already tripped: 3 consecutive losing paper trades
2026-09-16 18:20:34,750 [WARNING] run_once: Circuit breaker already tripped: 3 consecutive losing paper trades
2026-09-16 18:25:27,292 [WARNING] run_once: Circuit breaker already tripped: 3 consecutive losing paper trades
2026-09-16 18:30:35,514 [WARNING] run_once: Circuit breaker already tripped: 3 consecutive losing paper trades
2026-09-16 18:35:26,242 [WARNING] run_once: Circuit breaker already tripped: 3 consecutive losing paper trades
2026-09-16 18:40:27,537 [WARNING] run_once: Circuit breaker already tripped: 3 consecutive losing paper trades
2026-09-16 18:45:28,188 [WARNING] run_once: Circuit breaker already tripped: 3 consecutive losing paper trades
2026-09-16 18:50:36,526 [WARNING] run_once: Circuit breaker already tripped: 3 consecutive losing paper trades
2026-09-16 18:55:25,336 [WARNING] run_once: Circuit breaker already tripped: 3 consecutive losing paper trades
2026-09-16 19:00:32,044 [WARNING] run_once: Circuit breaker already tripped: 3 consecutive losing paper trades
2026-09-16 19:05:25,227 [WARNING] run_once: Circuit breaker already tripped: 3 consecutive losing paper trades
2026-09-16 19:10:29,201 [WARNING] run_once: Circuit breaker already tripped: 3 consecutive losing paper trades
2026-09-16 19:15:42,129 [WARNING] run_once: Circuit breaker already tripped: 3 consecutive losing paper trades
2026-09-16 19:20:30,393 [WARNING] run_once: Circuit breaker already tripped: 3 consecutive losing paper trades
2026-09-16 19:25:28,649 [WARNING] run_once: Circuit breaker already tripped: 3 consecutive losing paper trades
2026-09-16 19:30:31,157 [WARNING] run_once: Circuit breaker already tripped: 3 consecutive losing paper trades
2026-09-16 19:35:26,519 [WARNING] run_once: Circuit breaker already tripped: 3 consecutive losing paper trades
2026-09-16 19:40:28,947 [WARNING] run_once: Circuit breaker already tripped: 3 consecutive losing paper trades
2026-09-16 19:45:25,148 [WARNING] run_once: Circuit breaker already tripped: 3 consecutive losing paper trades
2026-09-16 19:51:06,483 [WARNING] run_once: Circuit breaker already tripped: 3 consecutive losing paper trades
2026-09-16 19:55:26,196 [WARNING] run_once: Circuit breaker already tripped: 3 consecutive losing paper trades
2026-09-16 20:00:37,204 [WARNING] run_once: Circuit breaker already tripped: 3 consecutive losing paper trades
2026-09-16 20:05:25,093 [WARNING] run_once: Circuit breaker already tripped: 3 consecutive losing paper trades
2026-09-16 20:10:28,293 [WARNING] run_once: Circuit breaker already tripped: 3 consecutive losing paper trades
2026-09-16 20:15:28,310 [WARNING] run_once: Circuit breaker already tripped: 3 consecutive losing paper trades
2026-09-16 20:20:30,768 [WARNING] run_once: Circuit breaker already tripped: 3 consecutive losing paper trades
2026-09-16 20:25:25,450 [WARNING] run_once: Circuit breaker already tripped: 3 consecutive losing paper trades
2026-09-16 20:30:32,789 [WARNING] run_once: Circuit breaker already tripped: 3 consecutive losing paper trades
2026-09-16 20:35:27,058 [WARNING] run_once: Circuit breaker already tripped: 3 consecutive losing paper trades
2026-09-16 20:40:30,441 [WARNING] run_once: Circuit breaker already tripped: 3 consecutive losing paper trades
2026-09-16 20:45:29,341 [WARNING] run_once: Circuit breaker already tripped: 3 consecutive losing paper trades
2026-09-16 20:50:30,421 [WARNING] run_once: Circuit breaker already tripped: 3 consecutive losing paper trades
2026-09-16 20:55:31,847 [WARNING] run_once: Circuit breaker already tripped: 3 consecutive losing paper trades
2026-09-16 21:00:31,520 [WARNING] run_once: Circuit breaker already tripped: 3 consecutive losing paper trades
2026-09-16 21:05:25,716 [WARNING] run_once: Circuit breaker already tripped: 3 consecutive losing paper trades
2026-09-16 21:10:27,341 [WARNING] run_once: Circuit breaker already tripped: 3 consecutive losing paper trades
2026-09-16 21:15:28,377 [WARNING] run_once: Circuit breaker already tripped: 3 consecutive losing paper trades
2026-09-16 21:20:26,204 [WARNING] run_once: Circuit breaker already tripped: 3 consecutive losing paper trades
2026-09-16 21:25:31,015 [WARNING] run_once: Circuit breaker already tripped: 3 consecutive losing paper trades
2026-09-16 21:30:29,945 [WARNING] run_once: Circuit breaker already tripped: 3 consecutive losing paper trades
2026-09-16 21:35:35,220 [WARNING] run_once: Circuit breaker already tripped: 3 consecutive losing paper trades
2026-09-16 21:40:27,134 [WARNING] run_once: Circuit breaker already tripped: 3 consecutive losing paper trades
2026-09-16 21:45:28,566 [WARNING] run_once: Circuit breaker already tripped: 3 consecutive losing paper trades
2026-09-16 21:50:29,814 [WARNING] run_once: Circuit breaker already tripped: 3 consecutive losing paper trades
2026-09-16 21:55:24,054 [WARNING] run_once: Circuit breaker already tripped: 3 consecutive losing paper trades
2026-09-16 22:00:32,789 [WARNING] run_once: Circuit breaker already tripped: 3 consecutive losing paper trades
2026-09-16 22:05:28,416 [WARNING] run_once: Circuit breaker already tripped: 3 consecutive losing paper trades
2026-09-16 22:10:28,262 [WARNING] run_once: Circuit breaker already tripped: 3 consecutive losing paper trades
2026-09-16 22:15:28,402 [WARNING] run_once: Circuit breaker already tripped: 3 consecutive losing paper trades
2026-09-16 22:20:27,738 [WARNING] run_once: Circuit breaker already tripped: 3 consecutive losing paper trades
2026-09-16 22:25:19,909 [WARNING] run_once: Circuit breaker already tripped: 3 consecutive losing paper trades
2026-09-16 22:30:33,447 [WARNING] run_once: Circuit breaker already tripped: 3 consecutive losing paper trades
2026-09-16 22:35:26,181 [WARNING] run_once: Circuit breaker already tripped: 3 consecutive losing paper trades
2026-09-16 22:40:29,191 [WARNING] run_once: Circuit breaker already tripped: 3 consecutive losing paper trades
2026-09-16 22:45:31,973 [WARNING] run_once: Circuit breaker already tripped: 3 consecutive losing paper trades
2026-09-16 22:50:27,689 [WARNING] run_once: Circuit breaker already tripped: 3 consecutive losing paper trades
2026-09-16 22:55:26,112 [WARNING] run_once: Circuit breaker already tripped: 3 consecutive losing paper trades
2026-09-16 23:00:36,636 [WARNING] run_once: Circuit breaker already tripped: 3 consecutive losing paper trades
2026-09-16 23:05:34,278 [WARNING] run_once: Circuit breaker already tripped: 3 consecutive losing paper trades
2026-09-16 23:10:32,179 [WARNING] run_once: Circuit breaker already tripped: 3 consecutive losing paper trades
2026-09-16 23:15:25,154 [WARNING] run_once: Circuit breaker already tripped: 3 consecutive losing paper trades
2026-09-16 23:20:27,373 [WARNING] run_once: Circuit breaker already tripped: 3 consecutive losing paper trades
2026-09-16 23:25:24,197 [WARNING] run_once: Circuit breaker already tripped: 3 consecutive losing paper trades
2026-09-16 23:30:30,897 [WARNING] run_once: Circuit breaker already tripped: 3 consecutive losing paper trades
2026-09-16 23:35:24,463 [WARNING] run_once: Circuit breaker already tripped: 3 consecutive losing paper trades
2026-09-16 23:40:30,903 [WARNING] run_once: Circuit breaker already tripped: 3 consecutive losing paper trades
2026-09-16 23:45:29,339 [WARNING] run_once: Circuit breaker already tripped: 3 consecutive losing paper trades
2026-09-16 23:50:30,679 [WARNING] run_once: Circuit breaker already tripped: 3 consecutive losing paper trades
2026-09-16 23:55:27,509 [WARNING] run_once: Circuit breaker already tripped: 3 consecutive losing paper trades
2026-09-17 00:00:33,458 [WARNING] run_once: Circuit breaker already tripped: 3 consecutive losing paper trades
2026-09-17 00:05:27,174 [WARNING] run_once: Circuit breaker already tripped: 3 consecutive losing paper trades
2026-09-17 00:10:29,022 [WARNING] run_once: Circuit breaker already tripped: 3 consecutive losing paper trades
2026-09-17 00:15:29,662 [WARNING] run_once: Circuit breaker already tripped: 3 consecutive losing paper trades
2026-09-17 00:20:33,864 [WARNING] run_once: Circuit breaker already tripped: 3 consecutive losing paper trades
2026-09-17 00:25:26,333 [WARNING] run_once: Circuit breaker already tripped: 3 consecutive losing paper trades
2026-09-17 00:30:29,488 [WARNING] run_once: Circuit breaker already tripped: 3 consecutive losing paper trades
2026-09-17 00:35:26,389 [WARNING] run_once: Circuit breaker already tripped: 3 consecutive losing paper trades
2026-09-17 00:40:27,901 [WARNING] run_once: Circuit breaker already tripped: 3 consecutive losing paper trades
2026-09-17 00:45:28,531 [WARNING] run_once: Circuit breaker already tripped: 3 consecutive losing paper trades
2026-09-17 00:50:28,061 [WARNING] run_once: Circuit breaker already tripped: 3 consecutive losing paper trades
2026-09-17 00:55:25,236 [WARNING] run_once: Circuit breaker already tripped: 3 consecutive losing paper trades
2026-09-17 01:00:33,805 [WARNING] run_once: Circuit breaker already tripped: 3 consecutive losing paper trades
2026-09-17 01:05:30,587 [WARNING] run_once: Circuit breaker already tripped: 3 consecutive losing paper trades
2026-09-17 01:10:28,010 [WARNING] run_once: Circuit breaker already tripped: 3 consecutive losing paper trades
2026-09-17 01:15:28,350 [WARNING] run_once: Circuit breaker already tripped: 3 consecutive losing paper trades
2026-09-17 01:20:27,807 [WARNING] run_once: Circuit breaker already tripped: 3 consecutive losing paper trades
2026-09-17 01:25:26,920 [WARNING] run_once: Circuit breaker already tripped: 3 consecutive losing paper trades
2026-09-17 01:30:28,194 [WARNING] run_once: Circuit breaker already tripped: 3 consecutive losing paper trades
2026-09-17 01:35:26,525 [WARNING] run_once: Circuit breaker already tripped: 3 consecutive losing paper trades
2026-09-17 01:40:28,112 [WARNING] run_once: Circuit breaker already tripped: 3 consecutive losing paper trades
2026-09-17 01:45:22,648 [WARNING] run_once: Circuit breaker already tripped: 3 consecutive losing paper trades
2026-09-17 01:50:30,588 [WARNING] run_once: Circuit breaker already tripped: 3 consecutive losing paper trades
2026-09-17 01:55:26,115 [WARNING] run_once: Circuit breaker already tripped: 3 consecutive losing paper trades
2026-09-17 02:00:29,689 [WARNING] run_once: Circuit breaker already tripped: 3 consecutive losing paper trades
2026-09-17 02:05:25,087 [WARNING] run_once: Circuit breaker already tripped: 3 consecutive losing paper trades
2026-09-17 02:10:32,996 [WARNING] run_once: Circuit breaker already tripped: 3 consecutive losing paper trades
2026-09-17 02:15:34,317 [WARNING] run_once: Circuit breaker already tripped: 3 consecutive losing paper trades
2026-09-17 02:20:29,699 [WARNING] run_once: Circuit breaker already tripped: 3 consecutive losing paper trades
2026-09-17 02:25:27,762 [WARNING] run_once: Circuit breaker already tripped: 3 consecutive losing paper trades
2026-09-17 02:30:26,664 [WARNING] run_once: Circuit breaker already tripped: 3 consecutive losing paper trades
2026-09-17 02:35:24,271 [WARNING] run_once: Circuit breaker already tripped: 3 consecutive losing paper trades
2026-09-17 02:40:33,857 [WARNING] run_once: Circuit breaker already tripped: 3 consecutive losing paper trades
2026-09-17 02:45:27,174 [WARNING] run_once: Circuit breaker already tripped: 3 consecutive losing paper trades
2026-09-17 02:50:26,778 [WARNING] run_once: Circuit breaker already tripped: 3 consecutive losing paper trades
2026-09-17 02:55:27,411 [WARNING] run_once: Circuit breaker already tripped: 3 consecutive losing paper trades
2026-09-17 03:00:32,511 [WARNING] run_once: Circuit breaker already tripped: 3 consecutive losing paper trades
2026-09-17 03:05:24,027 [WARNING] run_once: Circuit breaker already tripped: 3 consecutive losing paper trades
2026-09-17 03:10:27,607 [WARNING] run_once: Circuit breaker already tripped: 3 consecutive losing paper trades
2026-09-17 03:15:30,924 [WARNING] run_once: Circuit breaker already tripped: 3 consecutive losing paper trades
2026-09-17 03:20:28,534 [WARNING] run_once: Circuit breaker already tripped: 3 consecutive losing paper trades
2026-09-17 03:25:19,447 [WARNING] run_once: Circuit breaker already tripped: 3 consecutive losing paper trades
2026-09-17 03:30:34,106 [WARNING] run_once: Circuit breaker already tripped: 3 consecutive losing paper trades
2026-09-17 03:35:22,469 [WARNING] run_once: Circuit breaker already tripped: 3 consecutive losing paper trades
2026-09-17 03:40:26,912 [WARNING] run_once: Circuit breaker already tripped: 3 consecutive losing paper trades
2026-09-17 03:45:23,541 [WARNING] run_once: Circuit breaker already tripped: 3 consecutive losing paper trades
2026-09-17 03:50:30,032 [WARNING] run_once: Circuit breaker already tripped: 3 consecutive losing paper trades
2026-09-17 03:55:26,125 [WARNING] run_once: Circuit breaker already tripped: 3 consecutive losing paper trades
2026-09-17 04:00:33,418 [WARNING] run_once: Circuit breaker already tripped: 3 consecutive losing paper trades
2026-09-17 04:05:25,114 [WARNING] run_once: Circuit breaker already tripped: 3 consecutive losing paper trades
2026-09-17 04:10:30,979 [WARNING] run_once: Circuit breaker already tripped: 3 consecutive losing paper trades
2026-09-17 04:15:28,173 [WARNING] run_once: Circuit breaker already tripped: 3 consecutive losing paper trades
2026-09-17 04:20:31,658 [WARNING] run_once: Circuit breaker already tripped: 3 consecutive losing paper trades
2026-09-17 04:25:30,503 [WARNING] run_once: Circuit breaker already tripped: 3 consecutive losing paper trades
2026-09-17 04:30:29,881 [WARNING] run_once: Circuit breaker already tripped: 3 consecutive losing paper trades
2026-09-17 04:35:39,400 [WARNING] run_once: Circuit breaker already tripped: 3 consecutive losing paper trades
2026-09-17 04:40:26,660 [WARNING] run_once: Circuit breaker already tripped: 3 consecutive losing paper trades
2026-09-17 04:45:33,189 [WARNING] run_once: Circuit breaker already tripped: 3 consecutive losing paper trades
2026-09-17 04:50:29,557 [WARNING] run_once: Circuit breaker already tripped: 3 consecutive losing paper trades
2026-09-17 04:55:23,736 [WARNING] run_once: Circuit breaker already tripped: 3 consecutive losing paper trades
2026-09-17 05:00:30,707 [WARNING] run_once: Circuit breaker already tripped: 3 consecutive losing paper trades
2026-09-17 05:05:28,606 [WARNING] run_once: Circuit breaker already tripped: 3 consecutive losing paper trades
2026-09-17 05:10:26,194 [WARNING] run_once: Circuit breaker already tripped: 3 consecutive losing paper trades
2026-09-17 05:15:29,214 [WARNING] run_once: Circuit breaker already tripped: 3 consecutive losing paper trades
2026-09-17 05:20:30,720 [WARNING] run_once: Circuit breaker already tripped: 3 consecutive losing paper trades
2026-09-17 05:25:27,632 [WARNING] run_once: Circuit breaker already tripped: 3 consecutive losing paper trades
2026-09-17 05:30:31,985 [WARNING] run_once: Circuit breaker already tripped: 3 consecutive losing paper trades
2026-09-17 05:35:25,223 [WARNING] run_once: Circuit breaker already tripped: 3 consecutive losing paper trades
2026-09-17 05:40:30,906 [WARNING] run_once: Circuit breaker already tripped: 3 consecutive losing paper trades
2026-09-17 05:45:26,731 [WARNING] run_once: Circuit breaker already tripped: 3 consecutive losing paper trades
2026-09-17 05:50:25,939 [WARNING] run_once: Circuit breaker already tripped: 3 consecutive losing paper trades
2026-09-17 05:55:39,158 [WARNING] run_once: Circuit breaker already tripped: 3 consecutive losing paper trades
2026-09-17 06:00:34,245 [WARNING] run_once: Circuit breaker already tripped: 3 consecutive losing paper trades
2026-09-17 06:05:27,131 [WARNING] run_once: Circuit breaker already tripped: 3 consecutive losing paper trades
2026-09-17 06:10:29,608 [WARNING] run_once: Circuit breaker already tripped: 3 consecutive losing paper trades
2026-09-17 06:15:30,508 [WARNING] run_once: Circuit breaker already tripped: 3 consecutive losing paper trades
2026-09-17 06:20:28,140 [WARNING] run_once: Circuit breaker already tripped: 3 consecutive losing paper trades
2026-09-17 06:25:59,485 [WARNING] run_once: Circuit breaker already tripped: 3 consecutive losing paper trades
2026-09-17 06:30:27,851 [WARNING] run_once: Circuit breaker already tripped: 3 consecutive losing paper trades
2026-09-17 06:35:26,999 [WARNING] run_once: Circuit breaker already tripped: 3 consecutive losing paper trades
2026-09-17 06:40:30,564 [WARNING] run_once: Circuit breaker already tripped: 3 consecutive losing paper trades
2026-09-17 06:45:27,210 [WARNING] run_once: Circuit breaker already tripped: 3 consecutive losing paper trades
2026-09-17 06:50:27,578 [WARNING] run_once: Circuit breaker already tripped: 3 consecutive losing paper trades
2026-09-17 06:55:25,309 [WARNING] run_once: Circuit breaker already tripped: 3 consecutive losing paper trades
2026-09-17 07:00:33,482 [WARNING] run_once: Circuit breaker already tripped: 3 consecutive losing paper trades
2026-09-17 07:05:24,822 [WARNING] run_once: Circuit breaker already tripped: 3 consecutive losing paper trades
2026-09-17 07:10:31,474 [WARNING] run_once: Circuit breaker already tripped: 3 consecutive losing paper trades
2026-09-17 07:15:28,595 [WARNING] run_once: Circuit breaker already tripped: 3 consecutive losing paper trades
2026-09-17 07:20:27,419 [WARNING] run_once: Circuit breaker already tripped: 3 consecutive losing paper trades
2026-09-17 07:25:28,801 [WARNING] run_once: Circuit breaker already tripped: 3 consecutive losing paper trades
2026-09-17 07:30:33,750 [WARNING] run_once: Circuit breaker already tripped: 3 consecutive losing paper trades
2026-09-17 07:35:24,852 [WARNING] run_once: Circuit breaker already tripped: 3 consecutive losing paper trades
2026-09-17 07:40:26,557 [WARNING] run_once: Circuit breaker already tripped: 3 consecutive losing paper trades
2026-09-17 07:45:24,965 [WARNING] run_once: Circuit breaker already tripped: 3 consecutive losing paper trades
2026-09-17 07:50:32,511 [WARNING] run_once: Circuit breaker already tripped: 3 consecutive losing paper trades
2026-09-17 07:55:25,425 [WARNING] run_once: Circuit breaker already tripped: 3 consecutive losing paper trades
2026-09-17 08:00:33,385 [WARNING] run_once: Circuit breaker already tripped: 3 consecutive losing paper trades
2026-09-17 08:05:22,030 [WARNING] run_once: Circuit breaker already tripped: 3 consecutive losing paper trades
2026-09-17 08:10:32,453 [WARNING] run_once: Circuit breaker already tripped: 3 consecutive losing paper trades
2026-09-17 08:15:31,441 [WARNING] run_once: Circuit breaker already tripped: 3 consecutive losing paper trades
2026-09-17 08:20:33,206 [WARNING] run_once: Circuit breaker already tripped: 3 consecutive losing paper trades
2026-09-17 08:25:28,379 [WARNING] run_once: Circuit breaker already tripped: 3 consecutive losing paper trades
2026-09-17 08:30:29,012 [WARNING] run_once: Circuit breaker already tripped: 3 consecutive losing paper trades
2026-09-17 08:35:28,476 [WARNING] run_once: Circuit breaker already tripped: 3 consecutive losing paper trades
2026-09-17 08:40:29,698 [WARNING] run_once: Circuit breaker already tripped: 3 consecutive losing paper trades
2026-09-17 08:45:30,520 [WARNING] run_once: Circuit breaker already tripped: 3 consecutive losing paper trades
2026-09-17 08:50:26,288 [WARNING] run_once: Circuit breaker already tripped: 3 consecutive losing paper trades
2026-09-17 08:55:25,281 [WARNING] run_once: Circuit breaker already tripped: 3 consecutive losing paper trades
2026-09-17 09:00:33,005 [WARNING] run_once: Circuit breaker already tripped: 3 consecutive losing paper trades
2026-09-17 09:05:29,647 [WARNING] run_once: Circuit breaker already tripped: 3 consecutive losing paper trades
2026-09-17 09:10:27,186 [WARNING] run_once: Circuit breaker already tripped: 3 consecutive losing paper trades
2026-09-17 09:15:36,960 [WARNING] run_once: Circuit breaker already tripped: 3 consecutive losing paper trades
2026-09-17 09:20:27,042 [WARNING] run_once: Circuit breaker already tripped: 3 consecutive losing paper trades
2026-09-17 09:25:25,832 [WARNING] run_once: Circuit breaker already tripped: 3 consecutive losing paper trades
2026-09-17 09:30:31,260 [WARNING] run_once: Circuit breaker already tripped: 3 consecutive losing paper trades
2026-09-17 09:35:26,447 [WARNING] run_once: Circuit breaker already tripped: 3 consecutive losing paper trades
2026-09-17 09:40:31,313 [WARNING] run_once: Circuit breaker already tripped: 3 consecutive losing paper trades
2026-09-17 09:45:30,526 [WARNING] run_once: Circuit breaker already tripped: 3 consecutive losing paper trades
2026-09-17 09:50:28,820 [WARNING] run_once: Circuit breaker already tripped: 3 consecutive losing paper trades
2026-09-17 09:55:29,080 [WARNING] run_once: Circuit breaker already tripped: 3 consecutive losing paper trades
2026-09-17 10:01:09,526 [WARNING] run_once: Circuit breaker already tripped: 3 consecutive losing paper trades
2026-09-17 10:05:26,335 [WARNING] run_once: Circuit breaker already tripped: 3 consecutive losing paper trades
2026-09-17 10:10:31,479 [WARNING] run_once: Circuit breaker already tripped: 3 consecutive losing paper trades
2026-09-17 10:15:38,239 [WARNING] run_once: Circuit breaker already tripped: 3 consecutive losing paper trades
2026-09-17 10:20:27,479 [WARNING] run_once: Circuit breaker already tripped: 3 consecutive losing paper trades
2026-09-17 10:25:25,304 [WARNING] run_once: Circuit breaker already tripped: 3 consecutive losing paper trades
2026-09-17 10:30:26,017 [WARNING] run_once: Circuit breaker already tripped: 3 consecutive losing paper trades
2026-09-17 10:35:24,865 [WARNING] run_once: Circuit breaker already tripped: 3 consecutive losing paper trades
2026-09-17 10:40:29,271 [WARNING] run_once: Circuit breaker already tripped: 3 consecutive losing paper trades
2026-09-17 10:45:25,976 [WARNING] run_once: Circuit breaker already tripped: 3 consecutive losing paper trades
2026-09-17 10:50:28,022 [WARNING] run_once: Circuit breaker already tripped: 3 consecutive losing paper trades
2026-09-17 10:55:25,738 [WARNING] run_once: Circuit breaker already tripped: 3 consecutive losing paper trades
2026-09-17 11:00:32,324 [WARNING] run_once: Circuit breaker already tripped: 3 consecutive losing paper trades
2026-09-17 11:05:26,930 [WARNING] run_once: Circuit breaker already tripped: 3 consecutive losing paper trades
2026-09-17 11:10:31,697 [WARNING] run_once: Circuit breaker already tripped: 3 consecutive losing paper trades
2026-09-17 11:15:28,348 [WARNING] run_once: Circuit breaker already tripped: 3 consecutive losing paper trades
2026-09-17 11:20:36,984 [WARNING] run_once: Circuit breaker already tripped: 3 consecutive losing paper trades
2026-09-17 11:25:25,151 [WARNING] run_once: Circuit breaker already tripped: 3 consecutive losing paper trades
2026-09-17 11:30:29,587 [WARNING] run_once: Circuit breaker already tripped: 3 consecutive losing paper trades
2026-09-17 11:35:26,540 [WARNING] run_once: Circuit breaker already tripped: 3 consecutive losing paper trades
2026-09-17 11:40:29,749 [WARNING] run_once: Circuit breaker already tripped: 3 consecutive losing paper trades
2026-09-17 11:45:29,457 [WARNING] run_once: Circuit breaker already tripped: 3 consecutive losing paper trades
2026-09-17 11:50:31,167 [WARNING] run_once: Circuit breaker already tripped: 3 consecutive losing paper trades
2026-09-17 11:55:26,274 [WARNING] run_once: Circuit breaker already tripped: 3 consecutive losing paper trades
2026-09-17 12:00:32,577 [WARNING] run_once: Circuit breaker already tripped: 3 consecutive losing paper trades
2026-09-17 12:05:34,688 [WARNING] run_once: Circuit breaker already tripped: 3 consecutive losing paper trades
2026-09-17 12:10:26,754 [WARNING] run_once: Circuit breaker already tripped: 3 consecutive losing paper trades
2026-09-17 12:15:24,066 [WARNING] run_once: Circuit breaker already tripped: 3 consecutive losing paper trades
2026-09-17 12:20:29,969 [WARNING] run_once: Circuit breaker already tripped: 3 consecutive losing paper trades
2026-09-17 12:25:24,979 [WARNING] run_once: Circuit breaker already tripped: 3 consecutive losing paper trades
2026-09-17 12:30:30,055 [WARNING] run_once: Circuit breaker already tripped: 3 consecutive losing paper trades
2026-09-17 12:35:33,454 [WARNING] run_once: Circuit breaker already tripped: 3 consecutive losing paper trades
2026-09-17 12:40:31,633 [WARNING] run_once: Circuit breaker already tripped: 3 consecutive losing paper trades
2026-09-17 12:45:29,619 [WARNING] run_once: Circuit breaker already tripped: 3 consecutive losing paper trades
2026-09-17 12:50:28,041 [WARNING] run_once: Circuit breaker already tripped: 3 consecutive losing paper trades
2026-09-17 12:55:39,009 [WARNING] run_once: Circuit breaker already tripped: 3 consecutive losing paper trades
2026-09-17 13:00:31,830 [WARNING] run_once: Circuit breaker already tripped: 3 consecutive losing paper trades
2026-09-17 13:05:25,821 [WARNING] run_once: Circuit breaker already tripped: 3 consecutive losing paper trades
2026-09-17 13:10:27,959 [WARNING] run_once: Circuit breaker already tripped: 3 consecutive losing paper trades
2026-09-17 13:15:31,011 [WARNING] run_once: Circuit breaker already tripped: 3 consecutive losing paper trades
2026-09-17 13:20:31,388 [WARNING] run_once: Circuit breaker already tripped: 3 consecutive losing paper trades
2026-09-17 13:25:27,952 [WARNING] run_once: Circuit breaker already tripped: 3 consecutive losing paper trades
2026-09-17 13:30:32,208 [WARNING] run_once: Circuit breaker already tripped: 3 consecutive losing paper trades
2026-09-17 13:35:26,878 [WARNING] run_once: Circuit breaker already tripped: 3 consecutive losing paper trades
2026-09-17 13:40:29,320 [WARNING] run_once: Circuit breaker already tripped: 3 consecutive losing paper trades
2026-09-17 13:45:28,437 [WARNING] run_once: Circuit breaker already tripped: 3 consecutive losing paper trades
2026-09-17 13:50:31,024 [WARNING] run_once: Circuit breaker already tripped: 3 consecutive losing paper trades
2026-09-17 13:55:25,801 [WARNING] run_once: Circuit breaker already tripped: 3 consecutive losing paper trades
2026-09-17 14:00:34,103 [WARNING] run_once: Circuit breaker already tripped: 3 consecutive losing paper trades
2026-09-17 14:05:32,558 [WARNING] run_once: Circuit breaker already tripped: 3 consecutive losing paper trades
2026-09-17 14:10:28,134 [WARNING] run_once: Circuit breaker already tripped: 3 consecutive losing paper trades
2026-09-17 14:15:27,286 [WARNING] run_once: Circuit breaker already tripped: 3 consecutive losing paper trades
2026-09-17 14:20:25,447 [WARNING] run_once: Circuit breaker already tripped: 3 consecutive losing paper trades
2026-09-17 14:25:25,171 [WARNING] run_once: Circuit breaker already tripped: 3 consecutive losing paper trades
2026-09-17 14:30:30,300 [WARNING] run_once: Circuit breaker already tripped: 3 consecutive losing paper trades
2026-09-17 14:35:30,660 [WARNING] run_once: Circuit breaker already tripped: 3 consecutive losing paper trades
2026-09-17 14:40:38,905 [WARNING] run_once: Circuit breaker already tripped: 3 consecutive losing paper trades
2026-09-17 14:45:26,280 [WARNING] run_once: Circuit breaker already tripped: 3 consecutive losing paper trades
2026-09-17 14:50:30,308 [WARNING] run_once: Circuit breaker already tripped: 3 consecutive losing paper trades
2026-09-17 14:55:29,141 [WARNING] run_once: Circuit breaker already tripped: 3 consecutive losing paper trades
2026-09-17 15:00:33,933 [WARNING] run_once: Circuit breaker already tripped: 3 consecutive losing paper trades
2026-09-17 15:05:25,433 [WARNING] run_once: Circuit breaker already tripped: 3 consecutive losing paper trades
2026-09-17 15:10:28,241 [WARNING] run_once: Circuit breaker already tripped: 3 consecutive losing paper trades
2026-09-17 15:15:33,516 [WARNING] run_once: Circuit breaker already tripped: 3 consecutive losing paper trades
2026-09-17 15:20:33,217 [WARNING] run_once: Circuit breaker already tripped: 3 consecutive losing paper trades
2026-09-17 15:25:27,536 [WARNING] run_once: Circuit breaker already tripped: 3 consecutive losing paper trades
2026-09-17 15:30:27,594 [WARNING] run_once: Circuit breaker already tripped: 3 consecutive losing paper trades
2026-09-17 15:35:29,013 [WARNING] run_once: Circuit breaker already tripped: 3 consecutive losing paper trades
2026-09-17 15:40:32,501 [WARNING] run_once: Circuit breaker already tripped: 3 consecutive losing paper trades
2026-09-17 15:45:27,446 [WARNING] run_once: Circuit breaker already tripped: 3 consecutive losing paper trades
2026-09-17 15:50:34,725 [WARNING] run_once: Circuit breaker already tripped: 3 consecutive losing paper trades
2026-09-17 15:55:26,003 [WARNING] run_once: Circuit breaker already tripped: 3 consecutive losing paper trades
2026-09-17 16:00:34,969 [WARNING] run_once: Circuit breaker already tripped: 3 consecutive losing paper trades
2026-09-17 16:05:25,392 [WARNING] run_once: Circuit breaker already tripped: 3 consecutive losing paper trades
2026-09-17 16:10:31,153 [WARNING] run_once: Circuit breaker already tripped: 3 consecutive losing paper trades
2026-09-17 16:15:32,870 [WARNING] run_once: Circuit breaker already tripped: 3 consecutive losing paper trades
2026-09-17 16:21:09,570 [WARNING] run_once: Circuit breaker already tripped: 3 consecutive losing paper trades
2026-09-17 16:25:27,597 [WARNING] run_once: Circuit breaker already tripped: 3 consecutive losing paper trades
2026-09-17 16:30:40,283 [WARNING] run_once: Circuit breaker already tripped: 3 consecutive losing paper trades
2026-09-17 16:35:27,293 [WARNING] run_once: Circuit breaker already tripped: 3 consecutive losing paper trades
2026-09-17 16:40:25,098 [WARNING] run_once: Circuit breaker already tripped: 3 consecutive losing paper trades
2026-09-17 16:45:27,743 [WARNING] run_once: Circuit breaker already tripped: 3 consecutive losing paper trades
2026-09-17 16:50:32,567 [WARNING] run_once: Circuit breaker already tripped: 3 consecutive losing paper trades
2026-09-17 16:55:24,633 [WARNING] run_once: Circuit breaker already tripped: 3 consecutive losing paper trades
2026-09-17 17:00:33,364 [WARNING] run_once: Circuit breaker already tripped: 3 consecutive losing paper trades
2026-09-17 17:05:40,384 [WARNING] run_once: Circuit breaker already tripped: 3 consecutive losing paper trades
2026-09-17 17:10:40,532 [WARNING] run_once: Circuit breaker already tripped: 3 consecutive losing paper trades
2026-09-17 17:15:54,422 [WARNING] run_once: Circuit breaker already tripped: 3 consecutive losing paper trades
2026-09-17 17:21:04,304 [WARNING] run_once: Circuit breaker already tripped: 3 consecutive losing paper trades
2026-09-17 17:25:45,845 [WARNING] run_once: Circuit breaker already tripped: 3 consecutive losing paper trades
2026-09-17 17:30:31,729 [WARNING] run_once: Circuit breaker already tripped: 3 consecutive losing paper trades
2026-09-17 17:35:26,351 [WARNING] run_once: Circuit breaker already tripped: 3 consecutive losing paper trades
2026-09-17 17:40:29,445 [WARNING] run_once: Circuit breaker already tripped: 3 consecutive losing paper trades
2026-09-17 17:45:28,634 [WARNING] run_once: Circuit breaker already tripped: 3 consecutive losing paper trades
2026-09-17 17:50:23,863 [WARNING] run_once: Circuit breaker already tripped: 3 consecutive losing paper trades
2026-09-17 17:55:26,116 [WARNING] run_once: Circuit breaker already tripped: 3 consecutive losing paper trades
2026-09-17 18:00:31,638 [WARNING] run_once: Circuit breaker already tripped: 3 consecutive losing paper trades
2026-09-17 18:05:27,974 [WARNING] run_once: Circuit breaker already tripped: 3 consecutive losing paper trades
2026-09-17 18:10:27,766 [WARNING] run_once: Circuit breaker already tripped: 3 consecutive losing paper trades
2026-09-17 18:15:25,777 [WARNING] run_once: Circuit breaker already tripped: 3 consecutive losing paper trades
2026-09-17 18:20:30,585 [WARNING] run_once: Circuit breaker already tripped: 3 consecutive losing paper trades
2026-09-17 18:25:26,290 [WARNING] run_once: Circuit breaker already tripped: 3 consecutive losing paper trades
2026-09-17 18:30:29,407 [WARNING] run_once: Circuit breaker already tripped: 3 consecutive losing paper trades
2026-09-17 18:36:00,625 [WARNING] run_once: Circuit breaker already tripped: 3 consecutive losing paper trades
2026-09-17 18:41:05,718 [WARNING] run_once: Circuit breaker already tripped: 3 consecutive losing paper trades
2026-09-17 18:45:31,782 [WARNING] run_once: Circuit breaker already tripped: 3 consecutive losing paper trades
2026-09-17 18:50:31,000 [WARNING] run_once: Circuit breaker already tripped: 3 consecutive losing paper trades
2026-09-17 18:55:29,606 [WARNING] run_once: Circuit breaker already tripped: 3 consecutive losing paper trades
2026-09-17 19:00:45,266 [WARNING] run_once: Circuit breaker already tripped: 3 consecutive losing paper trades
2026-09-17 19:05:32,360 [WARNING] run_once: Circuit breaker already tripped: 3 consecutive losing paper trades
2026-09-17 19:10:25,906 [WARNING] run_once: Circuit breaker already tripped: 3 consecutive losing paper trades
2026-09-17 19:16:06,551 [WARNING] run_once: Circuit breaker already tripped: 3 consecutive losing paper trades
2026-09-17 19:20:30,959 [WARNING] run_once: Circuit breaker already tripped: 3 consecutive losing paper trades
2026-09-17 19:25:29,282 [WARNING] run_once: Circuit breaker already tripped: 3 consecutive losing paper trades
2026-09-17 19:30:33,593 [WARNING] run_once: Circuit breaker already tripped: 3 consecutive losing paper trades
2026-09-17 19:35:31,110 [WARNING] run_once: Circuit breaker already tripped: 3 consecutive losing paper trades
2026-09-17 19:40:31,664 [WARNING] run_once: Circuit breaker already tripped: 3 consecutive losing paper trades
2026-09-17 19:45:27,628 [WARNING] run_once: Circuit breaker already tripped: 3 consecutive losing paper trades
2026-09-17 19:51:07,130 [WARNING] run_once: Circuit breaker already tripped: 3 consecutive losing paper trades
2026-09-17 19:55:27,401 [WARNING] run_once: Circuit breaker already tripped: 3 consecutive losing paper trades
2026-09-17 20:00:35,753 [WARNING] run_once: Circuit breaker already tripped: 3 consecutive losing paper trades
2026-09-17 20:05:28,006 [WARNING] run_once: Circuit breaker already tripped: 3 consecutive losing paper trades
2026-09-17 20:10:27,309 [WARNING] run_once: Circuit breaker already tripped: 3 consecutive losing paper trades
2026-09-17 20:15:26,077 [WARNING] run_once: Circuit breaker already tripped: 3 consecutive losing paper trades
2026-09-17 20:20:25,401 [WARNING] run_once: Circuit breaker already tripped: 3 consecutive losing paper trades
2026-09-17 20:25:25,143 [WARNING] run_once: Circuit breaker already tripped: 3 consecutive losing paper trades
2026-09-17 20:30:34,307 [WARNING] run_once: Circuit breaker already tripped: 3 consecutive losing paper trades
2026-09-17 20:35:27,435 [WARNING] run_once: Circuit breaker already tripped: 3 consecutive losing paper trades
2026-09-17 20:40:32,665 [WARNING] run_once: Circuit breaker already tripped: 3 consecutive losing paper trades
2026-09-17 20:45:26,577 [WARNING] run_once: Circuit breaker already tripped: 3 consecutive losing paper trades
2026-09-17 20:50:29,906 [WARNING] run_once: Circuit breaker already tripped: 3 consecutive losing paper trades
2026-09-17 20:55:28,891 [WARNING] run_once: Circuit breaker already tripped: 3 consecutive losing paper trades
2026-09-17 21:00:31,290 [WARNING] run_once: Circuit breaker already tripped: 3 consecutive losing paper trades
2026-09-17 21:05:28,066 [WARNING] run_once: Circuit breaker already tripped: 3 consecutive losing paper trades
2026-09-17 21:10:32,494 [WARNING] run_once: Circuit breaker already tripped: 3 consecutive losing paper trades
2026-09-17 21:15:27,713 [WARNING] run_once: Circuit breaker already tripped: 3 consecutive losing paper trades
2026-09-17 21:20:28,929 [WARNING] run_once: Circuit breaker already tripped: 3 consecutive losing paper trades
2026-09-17 21:25:29,257 [WARNING] run_once: Circuit breaker already tripped: 3 consecutive losing paper trades
2026-09-17 21:30:33,542 [WARNING] run_once: Circuit breaker already tripped: 3 consecutive losing paper trades
2026-09-17 21:35:23,992 [WARNING] run_once: Circuit breaker already tripped: 3 consecutive losing paper trades
2026-09-17 21:40:27,344 [WARNING] run_once: Circuit breaker already tripped: 3 consecutive losing paper trades
2026-09-17 21:45:31,931 [WARNING] run_once: Circuit breaker already tripped: 3 consecutive losing paper trades
2026-09-17 21:50:30,002 [WARNING] run_once: Circuit breaker already tripped: 3 consecutive losing paper trades
2026-09-17 21:55:31,576 [WARNING] run_once: Circuit breaker already tripped: 3 consecutive losing paper trades
2026-09-17 22:00:31,094 [WARNING] run_once: Circuit breaker already tripped: 3 consecutive losing paper trades
2026-09-17 22:05:25,650 [WARNING] run_once: Circuit breaker already tripped: 3 consecutive losing paper trades
2026-09-17 22:10:29,550 [WARNING] run_once: Circuit breaker already tripped: 3 consecutive losing paper trades
2026-09-17 22:15:27,798 [WARNING] run_once: Circuit breaker already tripped: 3 consecutive losing paper trades
2026-09-17 22:20:29,544 [WARNING] run_once: Circuit breaker already tripped: 3 consecutive losing paper trades
2026-09-17 22:25:26,580 [WARNING] run_once: Circuit breaker already tripped: 3 consecutive losing paper trades
2026-09-17 22:30:27,989 [WARNING] run_once: Circuit breaker already tripped: 3 consecutive losing paper trades
2026-09-17 22:35:24,838 [WARNING] run_once: Circuit breaker already tripped: 3 consecutive losing paper trades
2026-09-17 22:40:28,148 [WARNING] run_once: Circuit breaker already tripped: 3 consecutive losing paper trades
2026-09-17 22:45:28,826 [WARNING] run_once: Circuit breaker already tripped: 3 consecutive losing paper trades
2026-09-17 22:50:26,819 [WARNING] run_once: Circuit breaker already tripped: 3 consecutive losing paper trades
2026-09-17 22:55:23,513 [WARNING] run_once: Circuit breaker already tripped: 3 consecutive losing paper trades
2026-09-17 23:00:32,227 [WARNING] run_once: Circuit breaker already tripped: 3 consecutive losing paper trades
2026-09-17 23:05:23,078 [WARNING] run_once: Circuit breaker already tripped: 3 consecutive losing paper trades
2026-09-17 23:10:27,292 [WARNING] run_once: Circuit breaker already tripped: 3 consecutive losing paper trades
2026-09-17 23:15:30,467 [WARNING] run_once: Circuit breaker already tripped: 3 consecutive losing paper trades
2026-09-17 23:20:26,899 [WARNING] run_once: Circuit breaker already tripped: 3 consecutive losing paper trades
2026-09-17 23:25:27,728 [WARNING] run_once: Circuit breaker already tripped: 3 consecutive losing paper trades
2026-09-17 23:30:29,329 [WARNING] run_once: Circuit breaker already tripped: 3 consecutive losing paper trades
2026-09-17 23:35:22,879 [WARNING] run_once: Circuit breaker already tripped: 3 consecutive losing paper trades
2026-09-17 23:40:25,075 [WARNING] run_once: Circuit breaker already tripped: 3 consecutive losing paper trades
2026-09-17 23:45:26,925 [WARNING] run_once: Circuit breaker already tripped: 3 consecutive losing paper trades
2026-09-17 23:50:28,479 [WARNING] run_once: Circuit breaker already tripped: 3 consecutive losing paper trades
2026-09-17 23:55:24,263 [WARNING] run_once: Circuit breaker already tripped: 3 consecutive losing paper trades
2026-09-18 00:00:34,831 [WARNING] run_once: Circuit breaker already tripped: 3 consecutive losing paper trades
2026-09-18 00:05:28,828 [WARNING] run_once: Circuit breaker already tripped: 3 consecutive losing paper trades
2026-09-18 00:10:28,759 [WARNING] run_once: Circuit breaker already tripped: 3 consecutive losing paper trades
2026-09-18 00:15:27,612 [WARNING] run_once: Circuit breaker already tripped: 3 consecutive losing paper trades
2026-09-18 00:20:30,297 [WARNING] run_once: Circuit breaker already tripped: 3 consecutive losing paper trades
2026-09-18 00:25:28,950 [WARNING] run_once: Circuit breaker already tripped: 3 consecutive losing paper trades
2026-09-18 00:30:32,394 [WARNING] run_once: Circuit breaker already tripped: 3 consecutive losing paper trades
2026-09-18 00:35:26,424 [WARNING] run_once: Circuit breaker already tripped: 3 consecutive losing paper trades
2026-09-18 00:40:32,645 [WARNING] run_once: Circuit breaker already tripped: 3 consecutive losing paper trades
2026-09-18 00:45:30,566 [WARNING] run_once: Circuit breaker already tripped: 3 consecutive losing paper trades
2026-09-18 00:50:29,314 [WARNING] run_once: Circuit breaker already tripped: 3 consecutive losing paper trades
2026-09-18 00:55:26,115 [WARNING] run_once: Circuit breaker already tripped: 3 consecutive losing paper trades
2026-09-18 01:00:32,338 [WARNING] run_once: Circuit breaker already tripped: 3 consecutive losing paper trades
2026-09-18 01:05:25,970 [WARNING] run_once: Circuit breaker already tripped: 3 consecutive losing paper trades
2026-09-18 01:10:26,782 [WARNING] run_once: Circuit breaker already tripped: 3 consecutive losing paper trades
2026-09-18 01:15:40,542 [WARNING] run_once: Circuit breaker already tripped: 3 consecutive losing paper trades
2026-09-18 01:20:26,363 [WARNING] run_once: Circuit breaker already tripped: 3 consecutive losing paper trades
2026-09-18 01:25:22,104 [WARNING] run_once: Circuit breaker already tripped: 3 consecutive losing paper trades
2026-09-18 01:30:28,679 [WARNING] run_once: Circuit breaker already tripped: 3 consecutive losing paper trades
2026-09-18 01:35:30,518 [WARNING] run_once: Circuit breaker already tripped: 3 consecutive losing paper trades
2026-09-18 01:40:29,093 [WARNING] run_once: Circuit breaker already tripped: 3 consecutive losing paper trades
2026-09-18 01:45:28,688 [WARNING] run_once: Circuit breaker already tripped: 3 consecutive losing paper trades
2026-09-18 01:50:27,442 [WARNING] run_once: Circuit breaker already tripped: 3 consecutive losing paper trades
2026-09-18 01:55:25,602 [WARNING] run_once: Circuit breaker already tripped: 3 consecutive losing paper trades
2026-09-18 02:00:33,685 [WARNING] run_once: Circuit breaker already tripped: 3 consecutive losing paper trades
2026-09-18 02:05:27,985 [WARNING] run_once: Circuit breaker already tripped: 3 consecutive losing paper trades
2026-09-18 02:10:31,094 [WARNING] run_once: Circuit breaker already tripped: 3 consecutive losing paper trades
2026-09-18 02:15:30,120 [WARNING] run_once: Circuit breaker already tripped: 3 consecutive losing paper trades
2026-09-18 02:20:26,861 [WARNING] run_once: Circuit breaker already tripped: 3 consecutive losing paper trades
2026-09-18 02:25:26,832 [WARNING] run_once: Circuit breaker already tripped: 3 consecutive losing paper trades
2026-09-18 02:30:38,180 [WARNING] run_once: Circuit breaker already tripped: 3 consecutive losing paper trades
2026-09-18 02:35:29,256 [WARNING] run_once: Circuit breaker already tripped: 3 consecutive losing paper trades
2026-09-18 02:40:25,972 [WARNING] run_once: Circuit breaker already tripped: 3 consecutive losing paper trades
2026-09-18 02:45:26,156 [WARNING] run_once: Circuit breaker already tripped: 3 consecutive losing paper trades
2026-09-18 02:50:28,159 [WARNING] run_once: Circuit breaker already tripped: 3 consecutive losing paper trades
2026-09-18 02:55:33,140 [WARNING] run_once: Circuit breaker already tripped: 3 consecutive losing paper trades
2026-09-18 03:00:29,730 [WARNING] run_once: Circuit breaker already tripped: 3 consecutive losing paper trades
2026-09-18 03:05:25,088 [WARNING] run_once: Circuit breaker already tripped: 3 consecutive losing paper trades
2026-09-18 03:10:36,261 [WARNING] run_once: Circuit breaker already tripped: 3 consecutive losing paper trades
2026-09-18 03:15:31,623 [WARNING] run_once: Circuit breaker already tripped: 3 consecutive losing paper trades
2026-09-18 03:20:33,483 [WARNING] run_once: Circuit breaker already tripped: 3 consecutive losing paper trades
2026-09-18 03:25:25,359 [WARNING] run_once: Circuit breaker already tripped: 3 consecutive losing paper trades
2026-09-18 03:30:30,781 [WARNING] run_once: Circuit breaker already tripped: 3 consecutive losing paper trades
2026-09-18 03:35:31,505 [WARNING] run_once: Circuit breaker already tripped: 3 consecutive losing paper trades
2026-09-18 03:40:32,284 [WARNING] run_once: Circuit breaker already tripped: 3 consecutive losing paper trades
2026-09-18 03:45:28,065 [WARNING] run_once: Circuit breaker already tripped: 3 consecutive losing paper trades
2026-09-18 03:50:26,912 [WARNING] run_once: Circuit breaker already tripped: 3 consecutive losing paper trades
2026-09-18 03:55:23,628 [WARNING] run_once: Circuit breaker already tripped: 3 consecutive losing paper trades
2026-09-18 04:00:26,618 [WARNING] run_once: Circuit breaker already tripped: 3 consecutive losing paper trades
2026-09-18 04:05:25,997 [WARNING] run_once: Circuit breaker already tripped: 3 consecutive losing paper trades
2026-09-18 04:10:27,531 [WARNING] run_once: Circuit breaker already tripped: 3 consecutive losing paper trades
2026-09-18 04:15:27,271 [WARNING] run_once: Circuit breaker already tripped: 3 consecutive losing paper trades
2026-09-18 04:20:34,572 [WARNING] run_once: Circuit breaker already tripped: 3 consecutive losing paper trades
2026-09-18 04:25:30,037 [WARNING] run_once: Circuit breaker already tripped: 3 consecutive losing paper trades
2026-09-18 04:30:29,577 [WARNING] run_once: Circuit breaker already tripped: 3 consecutive losing paper trades
2026-09-18 04:36:00,733 [WARNING] run_once: Circuit breaker already tripped: 3 consecutive losing paper trades
2026-09-18 04:40:26,217 [WARNING] run_once: Circuit breaker already tripped: 3 consecutive losing paper trades
2026-09-18 04:45:33,317 [WARNING] run_once: Circuit breaker already tripped: 3 consecutive losing paper trades
2026-09-18 04:50:29,222 [WARNING] run_once: Circuit breaker already tripped: 3 consecutive losing paper trades
2026-09-18 04:55:30,074 [WARNING] run_once: Circuit breaker already tripped: 3 consecutive losing paper trades
2026-09-18 05:00:30,782 [WARNING] run_once: Circuit breaker already tripped: 3 consecutive losing paper trades
2026-09-18 05:05:25,939 [WARNING] run_once: Circuit breaker already tripped: 3 consecutive losing paper trades
2026-09-18 05:10:34,669 [WARNING] run_once: Circuit breaker already tripped: 3 consecutive losing paper trades
2026-09-18 05:15:28,594 [WARNING] run_once: Circuit breaker already tripped: 3 consecutive losing paper trades
2026-09-18 05:20:31,420 [WARNING] run_once: Circuit breaker already tripped: 3 consecutive losing paper trades
2026-09-18 05:25:27,511 [WARNING] run_once: Circuit breaker already tripped: 3 consecutive losing paper trades
2026-09-18 05:30:26,533 [WARNING] run_once: Circuit breaker already tripped: 3 consecutive losing paper trades
2026-09-18 05:35:31,443 [WARNING] run_once: Circuit breaker already tripped: 3 consecutive losing paper trades
2026-09-18 05:40:27,291 [WARNING] run_once: Circuit breaker already tripped: 3 consecutive losing paper trades
2026-09-18 05:45:28,572 [WARNING] run_once: Circuit breaker already tripped: 3 consecutive losing paper trades
2026-09-18 05:50:32,380 [WARNING] run_once: Circuit breaker already tripped: 3 consecutive losing paper trades
2026-09-18 05:55:23,709 [WARNING] run_once: Circuit breaker already tripped: 3 consecutive losing paper trades
2026-09-18 06:00:30,055 [WARNING] run_once: Circuit breaker already tripped: 3 consecutive losing paper trades
2026-09-18 06:05:24,272 [WARNING] run_once: Circuit breaker already tripped: 3 consecutive losing paper trades
2026-09-18 06:11:19,738 [WARNING] run_once: Circuit breaker already tripped: 3 consecutive losing paper trades
2026-09-18 06:15:28,082 [WARNING] run_once: Circuit breaker already tripped: 3 consecutive losing paper trades
2026-09-18 06:20:27,713 [WARNING] run_once: Circuit breaker already tripped: 3 consecutive losing paper trades
2026-09-18 06:25:24,866 [WARNING] run_once: Circuit breaker already tripped: 3 consecutive losing paper trades
2026-09-18 06:30:34,837 [WARNING] run_once: Circuit breaker already tripped: 3 consecutive losing paper trades
2026-09-18 06:35:29,881 [WARNING] run_once: Circuit breaker already tripped: 3 consecutive losing paper trades
2026-09-18 06:40:27,835 [WARNING] run_once: Circuit breaker already tripped: 3 consecutive losing paper trades
2026-09-18 06:45:35,231 [WARNING] run_once: Circuit breaker already tripped: 3 consecutive losing paper trades
2026-09-18 06:50:28,959 [WARNING] run_once: Circuit breaker already tripped: 3 consecutive losing paper trades
2026-09-18 06:55:23,082 [WARNING] run_once: Circuit breaker already tripped: 3 consecutive losing paper trades
2026-09-18 07:00:31,780 [WARNING] run_once: Circuit breaker already tripped: 3 consecutive losing paper trades
2026-09-18 07:05:29,156 [WARNING] run_once: Circuit breaker already tripped: 3 consecutive losing paper trades
2026-09-18 07:10:29,475 [WARNING] run_once: Circuit breaker already tripped: 3 consecutive losing paper trades
2026-09-18 07:15:32,168 [WARNING] run_once: Circuit breaker already tripped: 3 consecutive losing paper trades
2026-09-18 07:20:26,656 [WARNING] run_once: Circuit breaker already tripped: 3 consecutive losing paper trades
2026-09-18 07:25:24,451 [WARNING] run_once: Circuit breaker already tripped: 3 consecutive losing paper trades
2026-09-18 07:30:30,379 [WARNING] run_once: Circuit breaker already tripped: 3 consecutive losing paper trades
2026-09-18 07:35:33,336 [WARNING] run_once: Circuit breaker already tripped: 3 consecutive losing paper trades
2026-09-18 07:40:30,755 [WARNING] run_once: Circuit breaker already tripped: 3 consecutive losing paper trades
2026-09-18 07:45:29,639 [WARNING] run_once: Circuit breaker already tripped: 3 consecutive losing paper trades
2026-09-18 07:50:29,095 [WARNING] run_once: Circuit breaker already tripped: 3 consecutive losing paper trades
2026-09-18 07:55:26,926 [WARNING] run_once: Circuit breaker already tripped: 3 consecutive losing paper trades
2026-09-18 08:00:37,030 [WARNING] run_once: Circuit breaker already tripped: 3 consecutive losing paper trades
2026-09-18 08:05:30,805 [WARNING] run_once: Circuit breaker already tripped: 3 consecutive losing paper trades
2026-09-18 08:11:01,698 [WARNING] run_once: Circuit breaker already tripped: 3 consecutive losing paper trades
2026-09-18 08:15:27,211 [WARNING] run_once: Circuit breaker already tripped: 3 consecutive losing paper trades
2026-09-18 08:20:36,665 [WARNING] run_once: Circuit breaker already tripped: 3 consecutive losing paper trades
2026-09-18 08:25:24,618 [WARNING] run_once: Circuit breaker already tripped: 3 consecutive losing paper trades
2026-09-18 08:30:35,165 [WARNING] run_once: Circuit breaker already tripped: 3 consecutive losing paper trades
2026-09-18 08:35:24,593 [WARNING] run_once: Circuit breaker already tripped: 3 consecutive losing paper trades
2026-09-18 08:40:24,170 [WARNING] run_once: Circuit breaker already tripped: 3 consecutive losing paper trades
2026-09-18 08:45:30,176 [WARNING] run_once: Circuit breaker already tripped: 3 consecutive losing paper trades
2026-09-18 08:50:26,616 [WARNING] run_once: Circuit breaker already tripped: 3 consecutive losing paper trades
2026-09-18 08:55:23,934 [WARNING] run_once: Circuit breaker already tripped: 3 consecutive losing paper trades
2026-09-18 09:00:30,968 [WARNING] run_once: Circuit breaker already tripped: 3 consecutive losing paper trades
2026-09-18 09:05:28,876 [WARNING] run_once: Circuit breaker already tripped: 3 consecutive losing paper trades
2026-09-18 09:10:27,887 [WARNING] run_once: Circuit breaker already tripped: 3 consecutive losing paper trades
2026-09-18 09:15:31,690 [WARNING] run_once: Circuit breaker already tripped: 3 consecutive losing paper trades
2026-09-18 09:20:26,346 [WARNING] run_once: Circuit breaker already tripped: 3 consecutive losing paper trades
2026-09-18 09:25:23,718 [WARNING] run_once: Circuit breaker already tripped: 3 consecutive losing paper trades
2026-09-18 09:30:28,964 [WARNING] run_once: Circuit breaker already tripped: 3 consecutive losing paper trades
2026-09-18 09:35:27,556 [WARNING] run_once: Circuit breaker already tripped: 3 consecutive losing paper trades
2026-09-18 09:40:30,915 [WARNING] run_once: Circuit breaker already tripped: 3 consecutive losing paper trades
2026-09-18 09:45:33,362 [WARNING] run_once: Circuit breaker already tripped: 3 consecutive losing paper trades
2026-09-18 09:50:27,968 [WARNING] run_once: Circuit breaker already tripped: 3 consecutive losing paper trades
2026-09-18 09:55:26,452 [WARNING] run_once: Circuit breaker already tripped: 3 consecutive losing paper trades
2026-09-18 10:00:32,205 [WARNING] run_once: Circuit breaker already tripped: 3 consecutive losing paper trades
2026-09-18 10:05:25,973 [WARNING] run_once: Circuit breaker already tripped: 3 consecutive losing paper trades
2026-09-18 10:10:29,751 [WARNING] run_once: Circuit breaker already tripped: 3 consecutive losing paper trades
2026-09-18 10:15:30,436 [WARNING] run_once: Circuit breaker already tripped: 3 consecutive losing paper trades
2026-09-18 10:20:27,505 [WARNING] run_once: Circuit breaker already tripped: 3 consecutive losing paper trades
2026-09-18 10:25:29,012 [WARNING] run_once: Circuit breaker already tripped: 3 consecutive losing paper trades
2026-09-18 10:30:28,909 [WARNING] run_once: Circuit breaker already tripped: 3 consecutive losing paper trades
2026-09-18 10:35:22,361 [WARNING] run_once: Circuit breaker already tripped: 3 consecutive losing paper trades
2026-09-18 10:40:24,611 [WARNING] run_once: Circuit breaker already tripped: 3 consecutive losing paper trades
2026-09-18 10:45:28,974 [WARNING] run_once: Circuit breaker already tripped: 3 consecutive losing paper trades
2026-09-18 10:50:30,169 [WARNING] run_once: Circuit breaker already tripped: 3 consecutive losing paper trades
2026-09-18 10:55:54,334 [WARNING] run_once: Circuit breaker already tripped: 3 consecutive losing paper trades
2026-09-18 11:00:30,605 [WARNING] run_once: Circuit breaker already tripped: 3 consecutive losing paper trades
2026-09-18 11:05:27,082 [WARNING] run_once: Circuit breaker already tripped: 3 consecutive losing paper trades
2026-09-18 11:10:29,792 [WARNING] run_once: Circuit breaker already tripped: 3 consecutive losing paper trades
2026-09-18 11:15:27,721 [WARNING] run_once: Circuit breaker already tripped: 3 consecutive losing paper trades
2026-09-18 11:20:27,200 [WARNING] run_once: Circuit breaker already tripped: 3 consecutive losing paper trades
2026-09-18 11:25:26,583 [WARNING] run_once: Circuit breaker already tripped: 3 consecutive losing paper trades
2026-09-18 11:30:32,615 [WARNING] run_once: Circuit breaker already tripped: 3 consecutive losing paper trades
2026-09-18 11:35:27,513 [WARNING] run_once: Circuit breaker already tripped: 3 consecutive losing paper trades
2026-09-18 11:40:25,074 [WARNING] run_once: Circuit breaker already tripped: 3 consecutive losing paper trades
2026-09-18 11:45:26,587 [WARNING] run_once: Circuit breaker already tripped: 3 consecutive losing paper trades
2026-09-18 11:50:33,123 [WARNING] run_once: Circuit breaker already tripped: 3 consecutive losing paper trades
2026-09-18 11:55:23,498 [WARNING] run_once: Circuit breaker already tripped: 3 consecutive losing paper trades
2026-09-18 12:00:33,816 [WARNING] run_once: Circuit breaker already tripped: 3 consecutive losing paper trades
2026-09-18 12:05:25,972 [WARNING] run_once: Circuit breaker already tripped: 3 consecutive losing paper trades
2026-09-18 12:10:37,164 [WARNING] run_once: Circuit breaker already tripped: 3 consecutive losing paper trades
2026-09-18 12:15:29,119 [WARNING] run_once: Circuit breaker already tripped: 3 consecutive losing paper trades
2026-09-18 12:20:32,042 [WARNING] run_once: Circuit breaker already tripped: 3 consecutive losing paper trades
2026-09-18 12:25:25,717 [WARNING] run_once: Circuit breaker already tripped: 3 consecutive losing paper trades
2026-09-18 12:30:31,677 [WARNING] run_once: Circuit breaker already tripped: 3 consecutive losing paper trades
2026-09-18 12:35:29,123 [WARNING] run_once: Circuit breaker already tripped: 3 consecutive losing paper trades
2026-09-18 12:40:34,211 [WARNING] run_once: Circuit breaker already tripped: 3 consecutive losing paper trades
2026-09-18 12:45:27,496 [WARNING] run_once: Circuit breaker already tripped: 3 consecutive losing paper trades
2026-09-18 12:50:26,739 [WARNING] run_once: Circuit breaker already tripped: 3 consecutive losing paper trades
2026-09-18 12:55:38,904 [WARNING] run_once: Circuit breaker already tripped: 3 consecutive losing paper trades
2026-09-18 13:00:31,925 [WARNING] run_once: Circuit breaker already tripped: 3 consecutive losing paper trades
2026-09-18 13:06:01,400 [WARNING] run_once: Circuit breaker already tripped: 3 consecutive losing paper trades
2026-09-18 13:10:41,246 [WARNING] run_once: Circuit breaker already tripped: 3 consecutive losing paper trades
2026-09-18 13:15:30,370 [WARNING] run_once: Circuit breaker already tripped: 3 consecutive losing paper trades
2026-09-18 13:20:31,098 [WARNING] run_once: Circuit breaker already tripped: 3 consecutive losing paper trades
2026-09-18 13:25:25,970 [WARNING] run_once: Circuit breaker already tripped: 3 consecutive losing paper trades
2026-09-18 13:30:44,701 [WARNING] run_once: Circuit breaker already tripped: 3 consecutive losing paper trades
2026-09-18 13:35:26,268 [WARNING] run_once: Circuit breaker already tripped: 3 consecutive losing paper trades
2026-09-18 13:40:29,707 [WARNING] run_once: Circuit breaker already tripped: 3 consecutive losing paper trades
2026-09-18 13:45:25,241 [WARNING] run_once: Circuit breaker already tripped: 3 consecutive losing paper trades
2026-09-18 13:50:27,513 [WARNING] run_once: Circuit breaker already tripped: 3 consecutive losing paper trades
2026-09-18 13:55:26,559 [WARNING] run_once: Circuit breaker already tripped: 3 consecutive losing paper trades
2026-09-18 14:00:32,887 [WARNING] run_once: Circuit breaker already tripped: 3 consecutive losing paper trades
2026-09-18 14:05:26,548 [WARNING] run_once: Circuit breaker already tripped: 3 consecutive losing paper trades
2026-09-18 14:10:28,130 [WARNING] run_once: Circuit breaker already tripped: 3 consecutive losing paper trades
2026-09-18 14:15:30,959 [WARNING] run_once: Circuit breaker already tripped: 3 consecutive losing paper trades
2026-09-18 14:20:30,042 [WARNING] run_once: Circuit breaker already tripped: 3 consecutive losing paper trades
2026-09-18 14:25:27,844 [WARNING] run_once: Circuit breaker already tripped: 3 consecutive losing paper trades
2026-09-18 14:30:31,847 [WARNING] run_once: Circuit breaker already tripped: 3 consecutive losing paper trades
2026-09-18 14:35:24,532 [WARNING] run_once: Circuit breaker already tripped: 3 consecutive losing paper trades
2026-09-18 14:40:31,325 [WARNING] run_once: Circuit breaker already tripped: 3 consecutive losing paper trades
2026-09-18 14:45:29,315 [WARNING] run_once: Circuit breaker already tripped: 3 consecutive losing paper trades
2026-09-18 14:50:29,895 [WARNING] run_once: Circuit breaker already tripped: 3 consecutive losing paper trades
2026-09-18 14:55:24,271 [WARNING] run_once: Circuit breaker already tripped: 3 consecutive losing paper trades
2026-09-18 15:00:34,504 [WARNING] run_once: Circuit breaker already tripped: 3 consecutive losing paper trades
2026-09-18 15:05:25,127 [WARNING] run_once: Circuit breaker already tripped: 3 consecutive losing paper trades
2026-09-18 15:10:31,562 [WARNING] run_once: Circuit breaker already tripped: 3 consecutive losing paper trades
2026-09-18 15:15:34,665 [WARNING] run_once: Circuit breaker already tripped: 3 consecutive losing paper trades
2026-09-18 15:20:29,259 [WARNING] run_once: Circuit breaker already tripped: 3 consecutive losing paper trades
2026-09-18 15:25:25,193 [WARNING] run_once: Circuit breaker already tripped: 3 consecutive losing paper trades
2026-09-18 15:30:36,344 [WARNING] run_once: Circuit breaker already tripped: 3 consecutive losing paper trades
2026-09-18 15:35:23,539 [WARNING] run_once: Circuit breaker already tripped: 3 consecutive losing paper trades
2026-09-18 15:40:32,205 [WARNING] run_once: Circuit breaker already tripped: 3 consecutive losing paper trades
2026-09-18 15:45:29,969 [WARNING] run_once: Circuit breaker already tripped: 3 consecutive losing paper trades
2026-09-18 15:50:40,771 [WARNING] run_once: Circuit breaker already tripped: 3 consecutive losing paper trades
2026-09-18 15:55:24,476 [WARNING] run_once: Circuit breaker already tripped: 3 consecutive losing paper trades
2026-09-18 16:00:35,549 [WARNING] run_once: Circuit breaker already tripped: 3 consecutive losing paper trades
2026-09-18 16:05:29,907 [WARNING] run_once: Circuit breaker already tripped: 3 consecutive losing paper trades
2026-09-18 16:10:28,629 [WARNING] run_once: Circuit breaker already tripped: 3 consecutive losing paper trades
2026-09-18 16:15:29,146 [WARNING] run_once: Circuit breaker already tripped: 3 consecutive losing paper trades
2026-09-18 16:21:08,078 [WARNING] run_once: Circuit breaker already tripped: 3 consecutive losing paper trades
2026-09-18 16:25:24,680 [WARNING] run_once: Circuit breaker already tripped: 3 consecutive losing paper trades
2026-09-18 16:30:36,059 [WARNING] run_once: Circuit breaker already tripped: 3 consecutive losing paper trades
2026-09-18 16:35:26,624 [WARNING] run_once: Circuit breaker already tripped: 3 consecutive losing paper trades
2026-09-18 16:40:27,948 [WARNING] run_once: Circuit breaker already tripped: 3 consecutive losing paper trades
2026-09-18 16:46:08,288 [WARNING] run_once: Circuit breaker already tripped: 3 consecutive losing paper trades
2026-09-18 16:50:31,394 [WARNING] run_once: Circuit breaker already tripped: 3 consecutive losing paper trades
2026-09-18 16:55:25,061 [WARNING] run_once: Circuit breaker already tripped: 3 consecutive losing paper trades
2026-09-18 17:00:35,702 [WARNING] run_once: Circuit breaker already tripped: 3 consecutive losing paper trades
2026-09-18 17:05:30,153 [WARNING] run_once: Circuit breaker already tripped: 3 consecutive losing paper trades
2026-09-18 17:10:39,393 [WARNING] run_once: Circuit breaker already tripped: 3 consecutive losing paper trades
2026-09-18 17:15:29,398 [WARNING] run_once: Circuit breaker already tripped: 3 consecutive losing paper trades
2026-09-18 17:20:25,760 [WARNING] run_once: Circuit breaker already tripped: 3 consecutive losing paper trades
2026-09-18 17:25:27,237 [WARNING] run_once: Circuit breaker already tripped: 3 consecutive losing paper trades
2026-09-18 17:30:30,268 [WARNING] run_once: Circuit breaker already tripped: 3 consecutive losing paper trades
2026-09-18 17:35:28,065 [WARNING] run_once: Circuit breaker already tripped: 3 consecutive losing paper trades
2026-09-18 17:41:05,754 [WARNING] run_once: Circuit breaker already tripped: 3 consecutive losing paper trades
2026-09-18 17:45:26,238 [WARNING] run_once: Circuit breaker already tripped: 3 consecutive losing paper trades
2026-09-18 17:50:31,005 [WARNING] run_once: Circuit breaker already tripped: 3 consecutive losing paper trades
2026-09-18 17:55:30,728 [WARNING] run_once: Circuit breaker already tripped: 3 consecutive losing paper trades
2026-09-18 18:00:31,315 [WARNING] run_once: Circuit breaker already tripped: 3 consecutive losing paper trades
2026-09-18 18:05:28,504 [WARNING] run_once: Circuit breaker already tripped: 3 consecutive losing paper trades
2026-09-18 18:10:28,745 [WARNING] run_once: Circuit breaker already tripped: 3 consecutive losing paper trades
2026-09-18 18:15:27,833 [WARNING] run_once: Circuit breaker already tripped: 3 consecutive losing paper trades
2026-09-18 18:20:29,974 [WARNING] run_once: Circuit breaker already tripped: 3 consecutive losing paper trades
2026-09-18 18:25:27,213 [WARNING] run_once: Circuit breaker already tripped: 3 consecutive losing paper trades
2026-09-18 18:30:34,335 [WARNING] run_once: Circuit breaker already tripped: 3 consecutive losing paper trades
2026-09-18 18:35:25,539 [WARNING] run_once: Circuit breaker already tripped: 3 consecutive losing paper trades
2026-09-18 18:40:48,518 [WARNING] run_once: Circuit breaker already tripped: 3 consecutive losing paper trades
2026-09-18 18:45:26,700 [WARNING] run_once: Circuit breaker already tripped: 3 consecutive losing paper trades
2026-09-18 18:50:29,294 [WARNING] run_once: Circuit breaker already tripped: 3 consecutive losing paper trades
2026-09-18 18:55:27,189 [WARNING] run_once: Circuit breaker already tripped: 3 consecutive losing paper trades
2026-09-18 19:00:35,104 [WARNING] run_once: Circuit breaker already tripped: 3 consecutive losing paper trades
2026-09-18 19:05:30,353 [WARNING] run_once: Circuit breaker already tripped: 3 consecutive losing paper trades
2026-09-18 19:10:43,509 [WARNING] run_once: Circuit breaker already tripped: 3 consecutive losing paper trades
2026-09-18 19:15:36,626 [WARNING] run_once: Circuit breaker already tripped: 3 consecutive losing paper trades
2026-09-18 19:20:37,193 [WARNING] run_once: Circuit breaker already tripped: 3 consecutive losing paper trades
2026-09-18 19:26:05,518 [WARNING] run_once: Circuit breaker already tripped: 3 consecutive losing paper trades
2026-09-18 19:30:28,818 [WARNING] run_once: Circuit breaker already tripped: 3 consecutive losing paper trades
2026-09-18 19:35:21,794 [WARNING] run_once: Circuit breaker already tripped: 3 consecutive losing paper trades
2026-09-18 19:40:30,794 [WARNING] run_once: Circuit breaker already tripped: 3 consecutive losing paper trades
2026-09-18 19:45:26,653 [WARNING] run_once: Circuit breaker already tripped: 3 consecutive losing paper trades
2026-09-18 19:50:30,455 [WARNING] run_once: Circuit breaker already tripped: 3 consecutive losing paper trades
2026-09-18 19:55:25,320 [WARNING] run_once: Circuit breaker already tripped: 3 consecutive losing paper trades
2026-09-18 20:00:29,914 [WARNING] run_once: Circuit breaker already tripped: 3 consecutive losing paper trades
2026-09-18 20:05:23,523 [WARNING] run_once: Circuit breaker already tripped: 3 consecutive losing paper trades
2026-09-18 20:10:35,562 [WARNING] run_once: Circuit breaker already tripped: 3 consecutive losing paper trades
2026-09-18 20:15:28,443 [WARNING] run_once: Circuit breaker already tripped: 3 consecutive losing paper trades
2026-09-18 20:20:30,665 [WARNING] run_once: Circuit breaker already tripped: 3 consecutive losing paper trades
2026-09-18 20:25:24,134 [WARNING] run_once: Circuit breaker already tripped: 3 consecutive losing paper trades
2026-09-18 20:30:30,011 [WARNING] run_once: Circuit breaker already tripped: 3 consecutive losing paper trades
2026-09-18 20:35:27,325 [WARNING] run_once: Circuit breaker already tripped: 3 consecutive losing paper trades
2026-09-18 20:40:27,692 [WARNING] run_once: Circuit breaker already tripped: 3 consecutive losing paper trades
2026-09-18 20:45:33,054 [WARNING] run_once: Circuit breaker already tripped: 3 consecutive losing paper trades
2026-09-18 20:50:32,925 [WARNING] run_once: Circuit breaker already tripped: 3 consecutive losing paper trades
2026-09-18 20:55:24,924 [WARNING] run_once: Circuit breaker already tripped: 3 consecutive losing paper trades
2026-09-18 21:00:42,296 [WARNING] run_once: Circuit breaker already tripped: 3 consecutive losing paper trades
2026-09-18 21:05:36,405 [WARNING] run_once: Circuit breaker already tripped: 3 consecutive losing paper trades
2026-09-18 21:10:25,650 [WARNING] run_once: Circuit breaker already tripped: 3 consecutive losing paper trades
2026-09-18 21:15:32,406 [WARNING] run_once: Circuit breaker already tripped: 3 consecutive losing paper trades
2026-09-18 21:20:29,399 [WARNING] run_once: Circuit breaker already tripped: 3 consecutive losing paper trades
2026-09-18 21:25:30,997 [WARNING] run_once: Circuit breaker already tripped: 3 consecutive losing paper trades
2026-09-18 21:30:28,835 [WARNING] run_once: Circuit breaker already tripped: 3 consecutive losing paper trades
2026-09-18 21:35:28,560 [WARNING] run_once: Circuit breaker already tripped: 3 consecutive losing paper trades
2026-09-18 21:40:28,500 [WARNING] run_once: Circuit breaker already tripped: 3 consecutive losing paper trades
2026-09-18 21:45:28,822 [WARNING] run_once: Circuit breaker already tripped: 3 consecutive losing paper trades
2026-09-18 21:50:30,941 [WARNING] run_once: Circuit breaker already tripped: 3 consecutive losing paper trades
2026-09-18 21:55:27,865 [WARNING] run_once: Circuit breaker already tripped: 3 consecutive losing paper trades
2026-09-18 22:00:34,233 [WARNING] run_once: Circuit breaker already tripped: 3 consecutive losing paper trades
2026-09-18 22:05:28,958 [WARNING] run_once: Circuit breaker already tripped: 3 consecutive losing paper trades
2026-09-18 22:10:30,649 [WARNING] run_once: Circuit breaker already tripped: 3 consecutive losing paper trades
2026-09-18 22:15:26,920 [WARNING] run_once: Circuit breaker already tripped: 3 consecutive losing paper trades
2026-09-18 22:21:07,967 [WARNING] run_once: Circuit breaker already tripped: 3 consecutive losing paper trades
2026-09-18 22:25:22,262 [WARNING] run_once: Circuit breaker already tripped: 3 consecutive losing paper trades
2026-09-18 22:30:28,896 [WARNING] run_once: Circuit breaker already tripped: 3 consecutive losing paper trades
2026-09-18 22:35:33,185 [WARNING] run_once: Circuit breaker already tripped: 3 consecutive losing paper trades
2026-09-18 22:40:30,073 [WARNING] run_once: Circuit breaker already tripped: 3 consecutive losing paper trades
2026-09-18 22:45:26,249 [WARNING] run_once: Circuit breaker already tripped: 3 consecutive losing paper trades
2026-09-18 22:50:31,667 [WARNING] run_once: Circuit breaker already tripped: 3 consecutive losing paper trades
2026-09-18 22:55:24,799 [WARNING] run_once: Circuit breaker already tripped: 3 consecutive losing paper trades
2026-09-18 23:00:32,409 [WARNING] run_once: Circuit breaker already tripped: 3 consecutive losing paper trades
2026-09-18 23:05:26,850 [WARNING] run_once: Circuit breaker already tripped: 3 consecutive losing paper trades
2026-09-18 23:10:30,237 [WARNING] run_once: Circuit breaker already tripped: 3 consecutive losing paper trades
2026-09-18 23:15:23,931 [WARNING] run_once: Circuit breaker already tripped: 3 consecutive losing paper trades
2026-09-18 23:20:30,501 [WARNING] run_once: Circuit breaker already tripped: 3 consecutive losing paper trades
2026-09-18 23:25:27,546 [WARNING] run_once: Circuit breaker already tripped: 3 consecutive losing paper trades
2026-09-18 23:30:31,144 [WARNING] run_once: Circuit breaker already tripped: 3 consecutive losing paper trades
2026-09-18 23:35:23,677 [WARNING] run_once: Circuit breaker already tripped: 3 consecutive losing paper trades
2026-09-18 23:40:30,027 [WARNING] run_once: Circuit breaker already tripped: 3 consecutive losing paper trades
2026-09-18 23:45:54,165 [WARNING] run_once: Circuit breaker already tripped: 3 consecutive losing paper trades
2026-09-18 23:50:31,123 [WARNING] run_once: Circuit breaker already tripped: 3 consecutive losing paper trades
2026-09-18 23:55:27,387 [WARNING] run_once: Circuit breaker already tripped: 3 consecutive losing paper trades
2026-09-19 00:01:09,236 [WARNING] run_once: Circuit breaker already tripped: 3 consecutive losing paper trades
2026-09-19 00:05:28,602 [WARNING] run_once: Circuit breaker already tripped: 3 consecutive losing paper trades
2026-09-19 00:10:27,377 [WARNING] run_once: Circuit breaker already tripped: 3 consecutive losing paper trades
2026-09-19 00:15:28,810 [WARNING] run_once: Circuit breaker already tripped: 3 consecutive losing paper trades
2026-09-19 00:20:30,041 [WARNING] run_once: Circuit breaker already tripped: 3 consecutive losing paper trades
2026-09-19 00:25:25,868 [WARNING] run_once: Circuit breaker already tripped: 3 consecutive losing paper trades
2026-09-19 00:30:28,278 [WARNING] run_once: Circuit breaker already tripped: 3 consecutive losing paper trades
2026-09-19 00:35:28,676 [WARNING] run_once: Circuit breaker already tripped: 3 consecutive losing paper trades
2026-09-19 00:40:27,887 [WARNING] run_once: Circuit breaker already tripped: 3 consecutive losing paper trades
2026-09-19 00:45:27,069 [WARNING] run_once: Circuit breaker already tripped: 3 consecutive losing paper trades
2026-09-19 00:51:02,494 [WARNING] run_once: Circuit breaker already tripped: 3 consecutive losing paper trades
2026-09-19 00:55:23,715 [WARNING] run_once: Circuit breaker already tripped: 3 consecutive losing paper trades
2026-09-19 01:00:33,068 [WARNING] run_once: Circuit breaker already tripped: 3 consecutive losing paper trades
2026-09-19 01:05:26,665 [WARNING] run_once: Circuit breaker already tripped: 3 consecutive losing paper trades
2026-09-19 01:10:26,777 [WARNING] run_once: Circuit breaker already tripped: 3 consecutive losing paper trades
2026-09-19 01:15:28,137 [WARNING] run_once: Circuit breaker already tripped: 3 consecutive losing paper trades
2026-09-19 01:20:48,396 [WARNING] run_once: Circuit breaker already tripped: 3 consecutive losing paper trades
2026-09-19 01:25:27,429 [WARNING] run_once: Circuit breaker already tripped: 3 consecutive losing paper trades
2026-09-19 01:30:26,474 [WARNING] run_once: Circuit breaker already tripped: 3 consecutive losing paper trades
2026-09-19 01:35:29,118 [WARNING] run_once: Circuit breaker already tripped: 3 consecutive losing paper trades
2026-09-19 01:40:28,850 [WARNING] run_once: Circuit breaker already tripped: 3 consecutive losing paper trades
2026-09-19 01:45:26,924 [WARNING] run_once: Circuit breaker already tripped: 3 consecutive losing paper trades
2026-09-19 01:50:27,383 [WARNING] run_once: Circuit breaker already tripped: 3 consecutive losing paper trades
2026-09-19 01:55:25,063 [WARNING] run_once: Circuit breaker already tripped: 3 consecutive losing paper trades
2026-09-19 02:00:34,058 [WARNING] run_once: Circuit breaker already tripped: 3 consecutive losing paper trades
2026-09-19 02:05:24,415 [WARNING] run_once: Circuit breaker already tripped: 3 consecutive losing paper trades
2026-09-19 02:10:27,726 [WARNING] run_once: Circuit breaker already tripped: 3 consecutive losing paper trades
2026-09-19 02:15:24,576 [WARNING] run_once: Circuit breaker already tripped: 3 consecutive losing paper trades
2026-09-19 02:20:24,174 [WARNING] run_once: Circuit breaker already tripped: 3 consecutive losing paper trades
2026-09-19 02:25:24,841 [WARNING] run_once: Circuit breaker already tripped: 3 consecutive losing paper trades
2026-09-19 02:30:29,739 [WARNING] run_once: Circuit breaker already tripped: 3 consecutive losing paper trades
2026-09-19 02:35:26,955 [WARNING] run_once: Circuit breaker already tripped: 3 consecutive losing paper trades
2026-09-19 02:40:28,738 [WARNING] run_once: Circuit breaker already tripped: 3 consecutive losing paper trades
2026-09-19 02:45:26,864 [WARNING] run_once: Circuit breaker already tripped: 3 consecutive losing paper trades
2026-09-19 02:50:29,522 [WARNING] run_once: Circuit breaker already tripped: 3 consecutive losing paper trades
2026-09-19 02:55:26,027 [WARNING] run_once: Circuit breaker already tripped: 3 consecutive losing paper trades
2026-09-19 03:00:28,668 [WARNING] run_once: Circuit breaker already tripped: 3 consecutive losing paper trades
2026-09-19 03:05:27,397 [WARNING] run_once: Circuit breaker already tripped: 3 consecutive losing paper trades
2026-09-19 03:10:33,778 [WARNING] run_once: Circuit breaker already tripped: 3 consecutive losing paper trades
2026-09-19 03:15:28,160 [WARNING] run_once: Circuit breaker already tripped: 3 consecutive losing paper trades
2026-09-19 03:20:28,816 [WARNING] run_once: Circuit breaker already tripped: 3 consecutive losing paper trades
2026-09-19 03:25:27,074 [WARNING] run_once: Circuit breaker already tripped: 3 consecutive losing paper trades
2026-09-19 03:30:28,028 [WARNING] run_once: Circuit breaker already tripped: 3 consecutive losing paper trades
2026-09-19 03:35:27,201 [WARNING] run_once: Circuit breaker already tripped: 3 consecutive losing paper trades
2026-09-19 03:40:30,713 [WARNING] run_once: Circuit breaker already tripped: 3 consecutive losing paper trades
2026-09-19 03:45:26,559 [WARNING] run_once: Circuit breaker already tripped: 3 consecutive losing paper trades
2026-09-19 03:50:30,686 [WARNING] run_once: Circuit breaker already tripped: 3 consecutive losing paper trades
2026-09-19 03:55:27,752 [WARNING] run_once: Circuit breaker already tripped: 3 consecutive losing paper trades
2026-09-19 04:00:33,898 [WARNING] run_once: Circuit breaker already tripped: 3 consecutive losing paper trades
2026-09-19 04:05:31,521 [WARNING] run_once: Circuit breaker already tripped: 3 consecutive losing paper trades
2026-09-19 04:10:28,798 [WARNING] run_once: Circuit breaker already tripped: 3 consecutive losing paper trades
2026-09-19 04:16:06,585 [WARNING] run_once: Circuit breaker already tripped: 3 consecutive losing paper trades
2026-09-19 04:20:28,105 [WARNING] run_once: Circuit breaker already tripped: 3 consecutive losing paper trades
2026-09-19 04:25:27,432 [WARNING] run_once: Circuit breaker already tripped: 3 consecutive losing paper trades
2026-09-19 04:30:31,858 [WARNING] run_once: Circuit breaker already tripped: 3 consecutive losing paper trades
2026-09-19 04:35:25,214 [WARNING] run_once: Circuit breaker already tripped: 3 consecutive losing paper trades
2026-09-19 04:40:29,695 [WARNING] run_once: Circuit breaker already tripped: 3 consecutive losing paper trades
2026-09-19 04:45:25,464 [WARNING] run_once: Circuit breaker already tripped: 3 consecutive losing paper trades
2026-09-19 04:50:27,523 [WARNING] run_once: Circuit breaker already tripped: 3 consecutive losing paper trades
2026-09-19 04:55:27,721 [WARNING] run_once: Circuit breaker already tripped: 3 consecutive losing paper trades
2026-09-19 05:00:32,134 [WARNING] run_once: Circuit breaker already tripped: 3 consecutive losing paper trades
2026-09-19 05:05:26,380 [WARNING] run_once: Circuit breaker already tripped: 3 consecutive losing paper trades
2026-09-19 05:10:26,482 [WARNING] run_once: Circuit breaker already tripped: 3 consecutive losing paper trades
2026-09-19 05:15:30,315 [WARNING] run_once: Circuit breaker already tripped: 3 consecutive losing paper trades
2026-09-19 05:20:28,476 [WARNING] run_once: Circuit breaker already tripped: 3 consecutive losing paper trades
2026-09-19 05:25:27,610 [WARNING] run_once: Circuit breaker already tripped: 3 consecutive losing paper trades
2026-09-19 05:30:27,695 [WARNING] run_once: Circuit breaker already tripped: 3 consecutive losing paper trades
2026-09-19 05:35:26,224 [WARNING] run_once: Circuit breaker already tripped: 3 consecutive losing paper trades
2026-09-19 05:40:32,062 [WARNING] run_once: Circuit breaker already tripped: 3 consecutive losing paper trades
2026-09-19 05:45:29,415 [WARNING] run_once: Circuit breaker already tripped: 3 consecutive losing paper trades
2026-09-19 05:50:27,559 [WARNING] run_once: Circuit breaker already tripped: 3 consecutive losing paper trades
2026-09-19 05:55:28,547 [WARNING] run_once: Circuit breaker already tripped: 3 consecutive losing paper trades
2026-09-19 06:00:42,416 [WARNING] run_once: Circuit breaker already tripped: 3 consecutive losing paper trades
2026-09-19 06:05:25,376 [WARNING] run_once: Circuit breaker already tripped: 3 consecutive losing paper trades
2026-09-19 06:10:30,396 [WARNING] run_once: Circuit breaker already tripped: 3 consecutive losing paper trades
2026-09-19 06:15:36,045 [WARNING] run_once: Circuit breaker already tripped: 3 consecutive losing paper trades
2026-09-19 06:20:35,018 [WARNING] run_once: Circuit breaker already tripped: 3 consecutive losing paper trades
2026-09-19 06:25:25,797 [WARNING] run_once: Circuit breaker already tripped: 3 consecutive losing paper trades
2026-09-19 06:30:36,601 [WARNING] run_once: Circuit breaker already tripped: 3 consecutive losing paper trades
2026-09-19 06:35:28,326 [WARNING] run_once: Circuit breaker already tripped: 3 consecutive losing paper trades
2026-09-19 06:40:24,488 [WARNING] run_once: Circuit breaker already tripped: 3 consecutive losing paper trades
2026-09-19 06:45:29,548 [WARNING] run_once: Circuit breaker already tripped: 3 consecutive losing paper trades
2026-09-19 06:50:28,364 [WARNING] run_once: Circuit breaker already tripped: 3 consecutive losing paper trades
2026-09-19 06:55:30,819 [WARNING] run_once: Circuit breaker already tripped: 3 consecutive losing paper trades
2026-09-19 07:00:35,284 [WARNING] run_once: Circuit breaker already tripped: 3 consecutive losing paper trades
2026-09-19 07:05:27,919 [WARNING] run_once: Circuit breaker already tripped: 3 consecutive losing paper trades
2026-09-19 07:10:27,492 [WARNING] run_once: Circuit breaker already tripped: 3 consecutive losing paper trades
2026-09-19 07:15:24,592 [WARNING] run_once: Circuit breaker already tripped: 3 consecutive losing paper trades
2026-09-19 07:20:28,817 [WARNING] run_once: Circuit breaker already tripped: 3 consecutive losing paper trades
2026-09-19 07:25:25,260 [WARNING] run_once: Circuit breaker already tripped: 3 consecutive losing paper trades
2026-09-19 07:30:31,084 [WARNING] run_once: Circuit breaker already tripped: 3 consecutive losing paper trades
2026-09-19 07:35:23,943 [WARNING] run_once: Circuit breaker already tripped: 3 consecutive losing paper trades
2026-09-19 07:40:28,164 [WARNING] run_once: Circuit breaker already tripped: 3 consecutive losing paper trades
2026-09-19 07:45:28,591 [WARNING] run_once: Circuit breaker already tripped: 3 consecutive losing paper trades
2026-09-19 07:50:28,021 [WARNING] run_once: Circuit breaker already tripped: 3 consecutive losing paper trades
2026-09-19 07:55:26,866 [WARNING] run_once: Circuit breaker already tripped: 3 consecutive losing paper trades
2026-09-19 08:00:33,419 [WARNING] run_once: Circuit breaker already tripped: 3 consecutive losing paper trades
2026-09-19 08:05:27,375 [WARNING] run_once: Circuit breaker already tripped: 3 consecutive losing paper trades
2026-09-19 08:10:29,101 [WARNING] run_once: Circuit breaker already tripped: 3 consecutive losing paper trades
2026-09-19 08:15:28,066 [WARNING] run_once: Circuit breaker already tripped: 3 consecutive losing paper trades
2026-09-19 08:20:27,784 [WARNING] run_once: Circuit breaker already tripped: 3 consecutive losing paper trades
2026-09-19 08:25:27,053 [WARNING] run_once: Circuit breaker already tripped: 3 consecutive losing paper trades
2026-09-19 08:30:29,225 [WARNING] run_once: Circuit breaker already tripped: 3 consecutive losing paper trades
2026-09-19 08:35:34,584 [WARNING] run_once: Circuit breaker already tripped: 3 consecutive losing paper trades
2026-09-19 08:40:26,439 [WARNING] run_once: Circuit breaker already tripped: 3 consecutive losing paper trades
2026-09-19 08:46:04,211 [WARNING] run_once: Circuit breaker already tripped: 3 consecutive losing paper trades
2026-09-19 08:50:28,472 [WARNING] run_once: Circuit breaker already tripped: 3 consecutive losing paper trades
2026-09-19 08:55:37,112 [WARNING] run_once: Circuit breaker already tripped: 3 consecutive losing paper trades
2026-09-19 09:00:28,348 [WARNING] run_once: Circuit breaker already tripped: 3 consecutive losing paper trades
2026-09-19 09:05:26,002 [WARNING] run_once: Circuit breaker already tripped: 3 consecutive losing paper trades
2026-09-19 09:10:28,062 [WARNING] run_once: Circuit breaker already tripped: 3 consecutive losing paper trades
2026-09-19 09:15:27,493 [WARNING] run_once: Circuit breaker already tripped: 3 consecutive losing paper trades
2026-09-19 09:20:27,500 [WARNING] run_once: Circuit breaker already tripped: 3 consecutive losing paper trades
2026-09-19 09:25:26,462 [WARNING] run_once: Circuit breaker already tripped: 3 consecutive losing paper trades
2026-09-19 09:31:04,524 [WARNING] run_once: Circuit breaker already tripped: 3 consecutive losing paper trades
2026-09-19 09:35:30,566 [WARNING] run_once: Circuit breaker already tripped: 3 consecutive losing paper trades
2026-09-19 09:40:29,595 [WARNING] run_once: Circuit breaker already tripped: 3 consecutive losing paper trades
2026-09-19 09:45:32,074 [WARNING] run_once: Circuit breaker already tripped: 3 consecutive losing paper trades
2026-09-19 09:50:29,238 [WARNING] run_once: Circuit breaker already tripped: 3 consecutive losing paper trades
2026-09-19 09:55:25,255 [WARNING] run_once: Circuit breaker already tripped: 3 consecutive losing paper trades
2026-09-19 10:00:29,547 [WARNING] run_once: Circuit breaker already tripped: 3 consecutive losing paper trades
2026-09-19 10:05:33,481 [WARNING] run_once: Circuit breaker already tripped: 3 consecutive losing paper trades
2026-09-19 10:10:27,080 [WARNING] run_once: Circuit breaker already tripped: 3 consecutive losing paper trades
2026-09-19 10:15:28,437 [WARNING] run_once: Circuit breaker already tripped: 3 consecutive losing paper trades
2026-09-19 10:20:28,259 [WARNING] run_once: Circuit breaker already tripped: 3 consecutive losing paper trades
2026-09-19 10:25:24,052 [WARNING] run_once: Circuit breaker already tripped: 3 consecutive losing paper trades
2026-09-19 10:30:36,499 [WARNING] run_once: Circuit breaker already tripped: 3 consecutive losing paper trades
2026-09-19 10:35:25,931 [WARNING] run_once: Circuit breaker already tripped: 3 consecutive losing paper trades
2026-09-19 10:41:35,571 [WARNING] run_once: Circuit breaker already tripped: 3 consecutive losing paper trades
2026-09-19 10:45:31,825 [WARNING] run_once: Circuit breaker already tripped: 3 consecutive losing paper trades
2026-09-19 10:50:25,764 [WARNING] run_once: Circuit breaker already tripped: 3 consecutive losing paper trades
2026-09-19 10:55:27,840 [WARNING] run_once: Circuit breaker already tripped: 3 consecutive losing paper trades
2026-09-19 11:00:30,588 [WARNING] run_once: Circuit breaker already tripped: 3 consecutive losing paper trades
2026-09-19 11:05:26,594 [WARNING] run_once: Circuit breaker already tripped: 3 consecutive losing paper trades
2026-09-19 11:10:27,847 [WARNING] run_once: Circuit breaker already tripped: 3 consecutive losing paper trades
2026-09-19 11:15:30,371 [WARNING] run_once: Circuit breaker already tripped: 3 consecutive losing paper trades
2026-09-19 11:20:29,756 [WARNING] run_once: Circuit breaker already tripped: 3 consecutive losing paper trades
2026-09-19 11:25:24,158 [WARNING] run_once: Circuit breaker already tripped: 3 consecutive losing paper trades
2026-09-19 11:30:32,763 [WARNING] run_once: Circuit breaker already tripped: 3 consecutive losing paper trades
2026-09-19 11:35:25,497 [WARNING] run_once: Circuit breaker already tripped: 3 consecutive losing paper trades
2026-09-19 11:40:27,229 [WARNING] run_once: Circuit breaker already tripped: 3 consecutive losing paper trades
2026-09-19 11:45:27,889 [WARNING] run_once: Circuit breaker already tripped: 3 consecutive losing paper trades
2026-09-19 11:50:26,291 [WARNING] run_once: Circuit breaker already tripped: 3 consecutive losing paper trades
2026-09-19 11:55:23,416 [WARNING] run_once: Circuit breaker already tripped: 3 consecutive losing paper trades
2026-09-19 12:00:29,974 [WARNING] run_once: Circuit breaker already tripped: 3 consecutive losing paper trades
2026-09-19 12:05:25,583 [WARNING] run_once: Circuit breaker already tripped: 3 consecutive losing paper trades
2026-09-19 12:10:27,680 [WARNING] run_once: Circuit breaker already tripped: 3 consecutive losing paper trades
2026-09-19 12:15:30,577 [WARNING] run_once: Circuit breaker already tripped: 3 consecutive losing paper trades
2026-09-19 12:20:33,575 [WARNING] run_once: Circuit breaker already tripped: 3 consecutive losing paper trades
2026-09-19 12:25:25,570 [WARNING] run_once: Circuit breaker already tripped: 3 consecutive losing paper trades
2026-09-19 12:30:30,872 [WARNING] run_once: Circuit breaker already tripped: 3 consecutive losing paper trades
2026-09-19 12:35:22,535 [WARNING] run_once: Circuit breaker already tripped: 3 consecutive losing paper trades
2026-09-19 12:40:27,933 [WARNING] run_once: Circuit breaker already tripped: 3 consecutive losing paper trades
2026-09-19 12:45:26,919 [WARNING] run_once: Circuit breaker already tripped: 3 consecutive losing paper trades
2026-09-19 12:51:02,273 [WARNING] run_once: Circuit breaker already tripped: 3 consecutive losing paper trades
2026-09-19 12:55:22,405 [WARNING] run_once: Circuit breaker already tripped: 3 consecutive losing paper trades
2026-09-19 13:00:31,522 [WARNING] run_once: Circuit breaker already tripped: 3 consecutive losing paper trades
2026-09-19 13:05:26,127 [WARNING] run_once: Circuit breaker already tripped: 3 consecutive losing paper trades
2026-09-19 13:10:27,604 [WARNING] run_once: Circuit breaker already tripped: 3 consecutive losing paper trades
2026-09-19 13:15:28,567 [WARNING] run_once: Circuit breaker already tripped: 3 consecutive losing paper trades
2026-09-19 13:20:33,843 [WARNING] run_once: Circuit breaker already tripped: 3 consecutive losing paper trades
2026-09-19 13:25:27,659 [WARNING] run_once: Circuit breaker already tripped: 3 consecutive losing paper trades
2026-09-19 13:30:28,034 [WARNING] run_once: Circuit breaker already tripped: 3 consecutive losing paper trades
2026-09-19 13:35:26,815 [WARNING] run_once: Circuit breaker already tripped: 3 consecutive losing paper trades
2026-09-19 13:40:29,699 [WARNING] run_once: Circuit breaker already tripped: 3 consecutive losing paper trades
2026-09-19 13:45:24,946 [WARNING] run_once: Circuit breaker already tripped: 3 consecutive losing paper trades
2026-09-19 13:50:28,628 [WARNING] run_once: Circuit breaker already tripped: 3 consecutive losing paper trades
2026-09-19 13:55:23,830 [WARNING] run_once: Circuit breaker already tripped: 3 consecutive losing paper trades
2026-09-19 14:00:34,212 [WARNING] run_once: Circuit breaker already tripped: 3 consecutive losing paper trades
2026-09-19 14:05:25,423 [WARNING] run_once: Circuit breaker already tripped: 3 consecutive losing paper trades
2026-09-19 14:10:26,778 [WARNING] run_once: Circuit breaker already tripped: 3 consecutive losing paper trades
2026-09-19 14:15:27,885 [WARNING] run_once: Circuit breaker already tripped: 3 consecutive losing paper trades
2026-09-19 14:20:31,093 [WARNING] run_once: Circuit breaker already tripped: 3 consecutive losing paper trades
2026-09-19 14:25:25,169 [WARNING] run_once: Circuit breaker already tripped: 3 consecutive losing paper trades
2026-09-19 14:30:41,786 [WARNING] run_once: Circuit breaker already tripped: 3 consecutive losing paper trades
2026-09-19 14:35:24,375 [WARNING] run_once: Circuit breaker already tripped: 3 consecutive losing paper trades
2026-09-19 14:40:26,502 [WARNING] run_once: Circuit breaker already tripped: 3 consecutive losing paper trades
2026-09-19 14:45:27,969 [WARNING] run_once: Circuit breaker already tripped: 3 consecutive losing paper trades
2026-09-19 14:50:29,703 [WARNING] run_once: Circuit breaker already tripped: 3 consecutive losing paper trades
2026-09-19 14:56:03,174 [WARNING] run_once: Circuit breaker already tripped: 3 consecutive losing paper trades
2026-09-19 15:00:36,491 [WARNING] run_once: Circuit breaker already tripped: 3 consecutive losing paper trades
2026-09-19 15:05:23,476 [WARNING] run_once: Circuit breaker already tripped: 3 consecutive losing paper trades
2026-09-19 15:10:34,455 [WARNING] run_once: Circuit breaker already tripped: 3 consecutive losing paper trades
2026-09-19 15:15:30,674 [WARNING] run_once: Circuit breaker already tripped: 3 consecutive losing paper trades
2026-09-19 15:20:28,533 [WARNING] run_once: Circuit breaker already tripped: 3 consecutive losing paper trades
2026-09-19 15:25:25,842 [WARNING] run_once: Circuit breaker already tripped: 3 consecutive losing paper trades
2026-09-19 15:30:29,438 [WARNING] run_once: Circuit breaker already tripped: 3 consecutive losing paper trades
2026-09-19 15:35:35,447 [WARNING] run_once: Circuit breaker already tripped: 3 consecutive losing paper trades
2026-09-19 15:40:29,662 [WARNING] run_once: Circuit breaker already tripped: 3 consecutive losing paper trades
2026-09-19 15:45:30,842 [WARNING] run_once: Circuit breaker already tripped: 3 consecutive losing paper trades
2026-09-19 15:50:30,700 [WARNING] run_once: Circuit breaker already tripped: 3 consecutive losing paper trades
2026-09-19 15:55:28,671 [WARNING] run_once: Circuit breaker already tripped: 3 consecutive losing paper trades
2026-09-19 16:00:29,741 [WARNING] run_once: Circuit breaker already tripped: 3 consecutive losing paper trades
2026-09-19 16:05:29,096 [WARNING] run_once: Circuit breaker already tripped: 3 consecutive losing paper trades
2026-09-19 16:10:27,446 [WARNING] run_once: Circuit breaker already tripped: 3 consecutive losing paper trades
2026-09-19 16:15:25,344 [WARNING] run_once: Circuit breaker already tripped: 3 consecutive losing paper trades
2026-09-19 16:20:29,336 [WARNING] run_once: Circuit breaker already tripped: 3 consecutive losing paper trades
2026-09-19 16:25:25,189 [WARNING] run_once: Circuit breaker already tripped: 3 consecutive losing paper trades
2026-09-19 16:30:30,305 [WARNING] run_once: Circuit breaker already tripped: 3 consecutive losing paper trades
2026-09-19 16:35:23,891 [WARNING] run_once: Circuit breaker already tripped: 3 consecutive losing paper trades
2026-09-19 16:40:22,984 [WARNING] run_once: Circuit breaker already tripped: 3 consecutive losing paper trades
2026-09-19 16:45:26,867 [WARNING] run_once: Circuit breaker already tripped: 3 consecutive losing paper trades
2026-09-19 16:50:29,476 [WARNING] run_once: Circuit breaker already tripped: 3 consecutive losing paper trades
2026-09-19 16:55:24,677 [WARNING] run_once: Circuit breaker already tripped: 3 consecutive losing paper trades
2026-09-19 17:00:34,171 [WARNING] run_once: Circuit breaker already tripped: 3 consecutive losing paper trades
2026-09-19 17:05:27,078 [WARNING] run_once: Circuit breaker already tripped: 3 consecutive losing paper trades
2026-09-19 17:10:30,455 [WARNING] run_once: Circuit breaker already tripped: 3 consecutive losing paper trades
2026-09-19 17:15:26,986 [WARNING] run_once: Circuit breaker already tripped: 3 consecutive losing paper trades
2026-09-19 17:20:30,461 [WARNING] run_once: Circuit breaker already tripped: 3 consecutive losing paper trades
2026-09-19 17:25:23,991 [WARNING] run_once: Circuit breaker already tripped: 3 consecutive losing paper trades
2026-09-19 17:30:30,245 [WARNING] run_once: Circuit breaker already tripped: 3 consecutive losing paper trades
2026-09-19 17:35:26,537 [WARNING] run_once: Circuit breaker already tripped: 3 consecutive losing paper trades
2026-09-19 17:40:30,062 [WARNING] run_once: Circuit breaker already tripped: 3 consecutive losing paper trades
2026-09-19 17:45:27,797 [WARNING] run_once: Circuit breaker already tripped: 3 consecutive losing paper trades
2026-09-19 17:50:27,429 [WARNING] run_once: Circuit breaker already tripped: 3 consecutive losing paper trades
2026-09-19 17:55:24,091 [WARNING] run_once: Circuit breaker already tripped: 3 consecutive losing paper trades
2026-09-19 18:00:33,330 [WARNING] run_once: Circuit breaker already tripped: 3 consecutive losing paper trades
2026-09-19 18:05:26,323 [WARNING] run_once: Circuit breaker already tripped: 3 consecutive losing paper trades
2026-09-19 18:10:27,113 [WARNING] run_once: Circuit breaker already tripped: 3 consecutive losing paper trades
2026-09-19 18:15:28,354 [WARNING] run_once: Circuit breaker already tripped: 3 consecutive losing paper trades
2026-09-19 18:20:27,504 [WARNING] run_once: Circuit breaker already tripped: 3 consecutive losing paper trades
2026-09-19 18:25:24,034 [WARNING] run_once: Circuit breaker already tripped: 3 consecutive losing paper trades
2026-09-19 18:30:28,554 [WARNING] run_once: Circuit breaker already tripped: 3 consecutive losing paper trades
2026-09-19 18:35:24,737 [WARNING] run_once: Circuit breaker already tripped: 3 consecutive losing paper trades
2026-09-19 18:40:27,265 [WARNING] run_once: Circuit breaker already tripped: 3 consecutive losing paper trades
2026-09-19 18:45:30,324 [WARNING] run_once: Circuit breaker already tripped: 3 consecutive losing paper trades
2026-09-19 18:50:31,263 [WARNING] run_once: Circuit breaker already tripped: 3 consecutive losing paper trades
2026-09-19 18:55:25,730 [WARNING] run_once: Circuit breaker already tripped: 3 consecutive losing paper trades
2026-09-19 19:00:31,834 [WARNING] run_once: Circuit breaker already tripped: 3 consecutive losing paper trades
2026-09-19 19:05:23,818 [WARNING] run_once: Circuit breaker already tripped: 3 consecutive losing paper trades
2026-09-19 19:10:30,096 [WARNING] run_once: Circuit breaker already tripped: 3 consecutive losing paper trades
2026-09-19 19:15:31,459 [WARNING] run_once: Circuit breaker already tripped: 3 consecutive losing paper trades
2026-09-19 19:20:29,456 [WARNING] run_once: Circuit breaker already tripped: 3 consecutive losing paper trades
2026-09-19 19:25:30,724 [WARNING] run_once: Circuit breaker already tripped: 3 consecutive losing paper trades
2026-09-19 19:30:31,552 [WARNING] run_once: Circuit breaker already tripped: 3 consecutive losing paper trades
2026-09-19 19:35:25,463 [WARNING] run_once: Circuit breaker already tripped: 3 consecutive losing paper trades
2026-09-19 19:40:29,704 [WARNING] run_once: Circuit breaker already tripped: 3 consecutive losing paper trades
2026-09-19 19:45:27,840 [WARNING] run_once: Circuit breaker already tripped: 3 consecutive losing paper trades
2026-09-19 19:50:30,076 [WARNING] run_once: Circuit breaker already tripped: 3 consecutive losing paper trades
2026-09-19 19:55:23,591 [WARNING] run_once: Circuit breaker already tripped: 3 consecutive losing paper trades
2026-09-19 20:00:29,647 [WARNING] run_once: Circuit breaker already tripped: 3 consecutive losing paper trades
2026-09-19 20:05:25,433 [WARNING] run_once: Circuit breaker already tripped: 3 consecutive losing paper trades
2026-09-19 20:10:28,320 [WARNING] run_once: Circuit breaker already tripped: 3 consecutive losing paper trades
2026-09-19 20:15:31,591 [WARNING] run_once: Circuit breaker already tripped: 3 consecutive losing paper trades
2026-09-19 20:20:33,601 [WARNING] run_once: Circuit breaker already tripped: 3 consecutive losing paper trades
2026-09-19 20:25:28,591 [WARNING] run_once: Circuit breaker already tripped: 3 consecutive losing paper trades
2026-09-19 20:30:30,478 [WARNING] run_once: Circuit breaker already tripped: 3 consecutive losing paper trades
2026-09-19 20:35:27,832 [WARNING] run_once: Circuit breaker already tripped: 3 consecutive losing paper trades
2026-09-19 20:40:31,363 [WARNING] run_once: Circuit breaker already tripped: 3 consecutive losing paper trades
2026-09-19 20:45:34,782 [WARNING] run_once: Circuit breaker already tripped: 3 consecutive losing paper trades
2026-09-19 20:50:28,919 [WARNING] run_once: Circuit breaker already tripped: 3 consecutive losing paper trades
2026-09-19 20:55:27,398 [WARNING] run_once: Circuit breaker already tripped: 3 consecutive losing paper trades
2026-09-19 21:00:29,903 [WARNING] run_once: Circuit breaker already tripped: 3 consecutive losing paper trades
2026-09-19 21:05:29,002 [WARNING] run_once: Circuit breaker already tripped: 3 consecutive losing paper trades
2026-09-19 21:10:28,180 [WARNING] run_once: Circuit breaker already tripped: 3 consecutive losing paper trades
2026-09-19 21:15:28,443 [WARNING] run_once: Circuit breaker already tripped: 3 consecutive losing paper trades
2026-09-19 21:20:27,562 [WARNING] run_once: Circuit breaker already tripped: 3 consecutive losing paper trades
2026-09-19 21:25:27,699 [WARNING] run_once: Circuit breaker already tripped: 3 consecutive losing paper trades
2026-09-19 21:30:29,307 [WARNING] run_once: Circuit breaker already tripped: 3 consecutive losing paper trades
2026-09-19 21:35:29,424 [WARNING] run_once: Circuit breaker already tripped: 3 consecutive losing paper trades
2026-09-19 21:40:28,595 [WARNING] run_once: Circuit breaker already tripped: 3 consecutive losing paper trades
2026-09-19 21:45:31,943 [WARNING] run_once: Circuit breaker already tripped: 3 consecutive losing paper trades
2026-09-19 21:50:28,562 [WARNING] run_once: Circuit breaker already tripped: 3 consecutive losing paper trades
2026-09-19 21:55:26,635 [WARNING] run_once: Circuit breaker already tripped: 3 consecutive losing paper trades
2026-09-19 22:00:31,595 [WARNING] run_once: Circuit breaker already tripped: 3 consecutive losing paper trades
2026-09-19 22:05:27,805 [WARNING] run_once: Circuit breaker already tripped: 3 consecutive losing paper trades
2026-09-19 22:10:26,483 [WARNING] run_once: Circuit breaker already tripped: 3 consecutive losing paper trades
2026-09-19 22:15:26,372 [WARNING] run_once: Circuit breaker already tripped: 3 consecutive losing paper trades
2026-09-19 22:20:35,839 [WARNING] run_once: Circuit breaker already tripped: 3 consecutive losing paper trades
2026-09-19 22:25:25,841 [WARNING] run_once: Circuit breaker already tripped: 3 consecutive losing paper trades
2026-09-19 22:30:27,612 [WARNING] run_once: Circuit breaker already tripped: 3 consecutive losing paper trades
2026-09-19 22:35:27,625 [WARNING] run_once: Circuit breaker already tripped: 3 consecutive losing paper trades
2026-09-19 22:40:28,883 [WARNING] run_once: Circuit breaker already tripped: 3 consecutive losing paper trades
2026-09-19 22:45:26,402 [WARNING] run_once: Circuit breaker already tripped: 3 consecutive losing paper trades
2026-09-19 22:51:02,154 [WARNING] run_once: Circuit breaker already tripped: 3 consecutive losing paper trades
2026-09-19 22:55:23,607 [WARNING] run_once: Circuit breaker already tripped: 3 consecutive losing paper trades
2026-09-19 23:00:33,008 [WARNING] run_once: Circuit breaker already tripped: 3 consecutive losing paper trades
2026-09-19 23:05:25,538 [WARNING] run_once: Circuit breaker already tripped: 3 consecutive losing paper trades
2026-09-19 23:10:26,985 [WARNING] run_once: Circuit breaker already tripped: 3 consecutive losing paper trades
2026-09-19 23:15:27,284 [WARNING] run_once: Circuit breaker already tripped: 3 consecutive losing paper trades
2026-09-19 23:20:28,498 [WARNING] run_once: Circuit breaker already tripped: 3 consecutive losing paper trades
2026-09-19 23:25:27,318 [WARNING] run_once: Circuit breaker already tripped: 3 consecutive losing paper trades
2026-09-19 23:30:28,590 [WARNING] run_once: Circuit breaker already tripped: 3 consecutive losing paper trades
2026-09-19 23:35:25,767 [WARNING] run_once: Circuit breaker already tripped: 3 consecutive losing paper trades
2026-09-19 23:40:26,498 [WARNING] run_once: Circuit breaker already tripped: 3 consecutive losing paper trades
2026-09-19 23:45:26,023 [WARNING] run_once: Circuit breaker already tripped: 3 consecutive losing paper trades
2026-09-19 23:50:26,187 [WARNING] run_once: Circuit breaker already tripped: 3 consecutive losing paper trades
2026-09-19 23:55:29,768 [WARNING] run_once: Circuit breaker already tripped: 3 consecutive losing paper trades
2026-09-20 00:00:28,319 [WARNING] run_once: Circuit breaker already tripped: 3 consecutive losing paper trades
2026-09-20 00:05:25,626 [WARNING] run_once: Circuit breaker already tripped: 3 consecutive losing paper trades
2026-09-20 00:10:27,011 [WARNING] run_once: Circuit breaker already tripped: 3 consecutive losing paper trades
2026-09-20 00:15:27,637 [WARNING] run_once: Circuit breaker already tripped: 3 consecutive losing paper trades
2026-09-20 00:20:26,404 [WARNING] run_once: Circuit breaker already tripped: 3 consecutive losing paper trades
2026-09-20 00:25:27,601 [WARNING] run_once: Circuit breaker already tripped: 3 consecutive losing paper trades
2026-09-20 00:30:23,613 [WARNING] run_once: Circuit breaker already tripped: 3 consecutive losing paper trades
2026-09-20 00:35:25,811 [WARNING] run_once: Circuit breaker already tripped: 3 consecutive losing paper trades
2026-09-20 00:40:28,912 [WARNING] run_once: Circuit breaker already tripped: 3 consecutive losing paper trades
2026-09-20 00:45:27,343 [WARNING] run_once: Circuit breaker already tripped: 3 consecutive losing paper trades
2026-09-20 00:50:29,692 [WARNING] run_once: Circuit breaker already tripped: 3 consecutive losing paper trades
2026-09-20 00:55:22,117 [WARNING] run_once: Circuit breaker already tripped: 3 consecutive losing paper trades
2026-09-20 01:00:42,862 [WARNING] run_once: Circuit breaker already tripped: 3 consecutive losing paper trades
2026-09-20 01:05:25,690 [WARNING] run_once: Circuit breaker already tripped: 3 consecutive losing paper trades
2026-09-20 01:10:30,228 [WARNING] run_once: Circuit breaker already tripped: 3 consecutive losing paper trades
2026-09-20 01:15:30,128 [WARNING] run_once: Circuit breaker already tripped: 3 consecutive losing paper trades
2026-09-20 01:20:30,022 [WARNING] run_once: Circuit breaker already tripped: 3 consecutive losing paper trades
2026-09-20 01:25:23,933 [WARNING] run_once: Circuit breaker already tripped: 3 consecutive losing paper trades
2026-09-20 01:30:29,265 [WARNING] run_once: Circuit breaker already tripped: 3 consecutive losing paper trades
2026-09-20 01:35:25,151 [WARNING] run_once: Circuit breaker already tripped: 3 consecutive losing paper trades
2026-09-20 01:40:27,121 [WARNING] run_once: Circuit breaker already tripped: 3 consecutive losing paper trades
2026-09-20 01:45:29,320 [WARNING] run_once: Circuit breaker already tripped: 3 consecutive losing paper trades
2026-09-20 01:50:33,912 [WARNING] run_once: Circuit breaker already tripped: 3 consecutive losing paper trades
2026-09-20 01:55:26,679 [WARNING] run_once: Circuit breaker already tripped: 3 consecutive losing paper trades
2026-09-20 02:00:30,086 [WARNING] run_once: Circuit breaker already tripped: 3 consecutive losing paper trades
2026-09-20 02:05:25,660 [WARNING] run_once: Circuit breaker already tripped: 3 consecutive losing paper trades
2026-09-20 02:10:32,568 [WARNING] run_once: Circuit breaker already tripped: 3 consecutive losing paper trades
2026-09-20 02:15:30,122 [WARNING] run_once: Circuit breaker already tripped: 3 consecutive losing paper trades
2026-09-20 02:20:28,090 [WARNING] run_once: Circuit breaker already tripped: 3 consecutive losing paper trades
2026-09-20 02:25:22,832 [WARNING] run_once: Circuit breaker already tripped: 3 consecutive losing paper trades
2026-09-20 02:30:32,051 [WARNING] run_once: Circuit breaker already tripped: 3 consecutive losing paper trades
2026-09-20 02:35:25,531 [WARNING] run_once: Circuit breaker already tripped: 3 consecutive losing paper trades
2026-09-20 02:40:30,018 [WARNING] run_once: Circuit breaker already tripped: 3 consecutive losing paper trades
2026-09-20 02:45:25,558 [WARNING] run_once: Circuit breaker already tripped: 3 consecutive losing paper trades
2026-09-20 02:50:26,509 [WARNING] run_once: Circuit breaker already tripped: 3 consecutive losing paper trades
2026-09-20 02:55:23,984 [WARNING] run_once: Circuit breaker already tripped: 3 consecutive losing paper trades
2026-09-20 03:00:32,310 [WARNING] run_once: Circuit breaker already tripped: 3 consecutive losing paper trades
2026-09-20 03:05:24,601 [WARNING] run_once: Circuit breaker already tripped: 3 consecutive losing paper trades
2026-09-20 03:10:29,266 [WARNING] run_once: Circuit breaker already tripped: 3 consecutive losing paper trades
2026-09-20 03:15:29,070 [WARNING] run_once: Circuit breaker already tripped: 3 consecutive losing paper trades
2026-09-20 03:20:27,039 [WARNING] run_once: Circuit breaker already tripped: 3 consecutive losing paper trades
2026-09-20 03:26:00,216 [WARNING] run_once: Circuit breaker already tripped: 3 consecutive losing paper trades
2026-09-20 03:30:29,128 [WARNING] run_once: Circuit breaker already tripped: 3 consecutive losing paper trades
2026-09-20 03:35:30,048 [WARNING] run_once: Circuit breaker already tripped: 3 consecutive losing paper trades
2026-09-20 03:41:02,301 [WARNING] run_once: Circuit breaker already tripped: 3 consecutive losing paper trades
2026-09-20 03:45:26,194 [WARNING] run_once: Circuit breaker already tripped: 3 consecutive losing paper trades
2026-09-20 03:50:30,125 [WARNING] run_once: Circuit breaker already tripped: 3 consecutive losing paper trades
2026-09-20 03:55:23,348 [WARNING] run_once: Circuit breaker already tripped: 3 consecutive losing paper trades
2026-09-20 04:00:32,995 [WARNING] run_once: Circuit breaker already tripped: 3 consecutive losing paper trades
2026-09-20 04:05:23,704 [WARNING] run_once: Circuit breaker already tripped: 3 consecutive losing paper trades
2026-09-20 04:10:29,919 [WARNING] run_once: Circuit breaker already tripped: 3 consecutive losing paper trades
2026-09-20 04:15:28,577 [WARNING] run_once: Circuit breaker already tripped: 3 consecutive losing paper trades
2026-09-20 04:20:27,936 [WARNING] run_once: Circuit breaker already tripped: 3 consecutive losing paper trades
2026-09-20 04:25:26,709 [WARNING] run_once: Circuit breaker already tripped: 3 consecutive losing paper trades
2026-09-20 04:30:30,778 [WARNING] run_once: Circuit breaker already tripped: 3 consecutive losing paper trades
2026-09-20 04:35:25,040 [WARNING] run_once: Circuit breaker already tripped: 3 consecutive losing paper trades
2026-09-20 04:40:31,273 [WARNING] run_once: Circuit breaker already tripped: 3 consecutive losing paper trades
2026-09-20 04:45:29,313 [WARNING] run_once: Circuit breaker already tripped: 3 consecutive losing paper trades
2026-09-20 04:50:26,751 [WARNING] run_once: Circuit breaker already tripped: 3 consecutive losing paper trades
2026-09-20 04:55:25,196 [WARNING] run_once: Circuit breaker already tripped: 3 consecutive losing paper trades
2026-09-20 05:00:31,414 [WARNING] run_once: Circuit breaker already tripped: 3 consecutive losing paper trades
2026-09-20 05:05:27,723 [WARNING] run_once: Circuit breaker already tripped: 3 consecutive losing paper trades
2026-09-20 05:10:30,115 [WARNING] run_once: Circuit breaker already tripped: 3 consecutive losing paper trades
2026-09-20 05:15:31,399 [WARNING] run_once: Circuit breaker already tripped: 3 consecutive losing paper trades
2026-09-20 05:20:27,563 [WARNING] run_once: Circuit breaker already tripped: 3 consecutive losing paper trades
2026-09-20 05:25:22,530 [WARNING] run_once: Circuit breaker already tripped: 3 consecutive losing paper trades
2026-09-20 05:30:25,545 [WARNING] run_once: Circuit breaker already tripped: 3 consecutive losing paper trades
2026-09-20 05:35:24,905 [WARNING] run_once: Circuit breaker already tripped: 3 consecutive losing paper trades
2026-09-20 05:40:29,191 [WARNING] run_once: Circuit breaker already tripped: 3 consecutive losing paper trades
2026-09-20 05:45:30,999 [WARNING] run_once: Circuit breaker already tripped: 3 consecutive losing paper trades
2026-09-20 05:50:30,205 [WARNING] run_once: Circuit breaker already tripped: 3 consecutive losing paper trades
2026-09-20 05:55:25,039 [WARNING] run_once: Circuit breaker already tripped: 3 consecutive losing paper trades
2026-09-20 06:00:33,247 [WARNING] run_once: Circuit breaker already tripped: 3 consecutive losing paper trades
2026-09-20 06:05:24,564 [WARNING] run_once: Circuit breaker already tripped: 3 consecutive losing paper trades
2026-09-20 06:10:23,423 [WARNING] run_once: Circuit breaker already tripped: 3 consecutive losing paper trades
2026-09-20 06:15:26,343 [WARNING] run_once: Circuit breaker already tripped: 3 consecutive losing paper trades
2026-09-20 06:20:28,968 [WARNING] run_once: Circuit breaker already tripped: 3 consecutive losing paper trades
2026-09-20 06:26:02,059 [WARNING] run_once: Circuit breaker already tripped: 3 consecutive losing paper trades
2026-09-20 06:30:28,604 [WARNING] run_once: Circuit breaker already tripped: 3 consecutive losing paper trades
2026-09-20 06:35:23,661 [WARNING] run_once: Circuit breaker already tripped: 3 consecutive losing paper trades
2026-09-20 06:40:34,994 [WARNING] run_once: Circuit breaker already tripped: 3 consecutive losing paper trades
2026-09-20 06:45:25,007 [WARNING] run_once: Circuit breaker already tripped: 3 consecutive losing paper trades
2026-09-20 06:50:26,789 [WARNING] run_once: Circuit breaker already tripped: 3 consecutive losing paper trades
2026-09-20 06:55:22,157 [WARNING] run_once: Circuit breaker already tripped: 3 consecutive losing paper trades
2026-09-20 07:00:33,143 [WARNING] run_once: Circuit breaker already tripped: 3 consecutive losing paper trades
2026-09-20 07:05:30,362 [WARNING] run_once: Circuit breaker already tripped: 3 consecutive losing paper trades
2026-09-20 07:10:29,824 [WARNING] run_once: Circuit breaker already tripped: 3 consecutive losing paper trades
2026-09-20 07:15:30,754 [WARNING] run_once: Circuit breaker already tripped: 3 consecutive losing paper trades
2026-09-20 07:20:28,202 [WARNING] run_once: Circuit breaker already tripped: 3 consecutive losing paper trades
2026-09-20 07:25:25,977 [WARNING] run_once: Circuit breaker already tripped: 3 consecutive losing paper trades
2026-09-20 07:30:31,334 [WARNING] run_once: Circuit breaker already tripped: 3 consecutive losing paper trades
2026-09-20 07:35:29,745 [WARNING] run_once: Circuit breaker already tripped: 3 consecutive losing paper trades
2026-09-20 07:40:32,865 [WARNING] run_once: Circuit breaker already tripped: 3 consecutive losing paper trades
2026-09-20 07:45:27,561 [WARNING] run_once: Circuit breaker already tripped: 3 consecutive losing paper trades
2026-09-20 07:50:28,819 [WARNING] run_once: Circuit breaker already tripped: 3 consecutive losing paper trades
2026-09-20 07:55:26,142 [WARNING] run_once: Circuit breaker already tripped: 3 consecutive losing paper trades
2026-09-20 08:00:35,911 [WARNING] run_once: Circuit breaker already tripped: 3 consecutive losing paper trades
2026-09-20 08:05:22,602 [WARNING] run_once: Circuit breaker already tripped: 3 consecutive losing paper trades
2026-09-20 08:10:31,643 [WARNING] run_once: Circuit breaker already tripped: 3 consecutive losing paper trades
2026-09-20 08:15:28,051 [WARNING] run_once: Circuit breaker already tripped: 3 consecutive losing paper trades
2026-09-20 08:20:24,985 [WARNING] run_once: Circuit breaker already tripped: 3 consecutive losing paper trades
2026-09-20 08:25:24,461 [WARNING] run_once: Circuit breaker already tripped: 3 consecutive losing paper trades
2026-09-20 08:30:32,080 [WARNING] run_once: Circuit breaker already tripped: 3 consecutive losing paper trades
2026-09-20 08:35:23,730 [WARNING] run_once: Circuit breaker already tripped: 3 consecutive losing paper trades
2026-09-20 08:40:35,264 [WARNING] run_once: Circuit breaker already tripped: 3 consecutive losing paper trades
2026-09-20 08:46:04,513 [WARNING] run_once: Circuit breaker already tripped: 3 consecutive losing paper trades
2026-09-20 08:50:25,112 [WARNING] run_once: Circuit breaker already tripped: 3 consecutive losing paper trades
2026-09-20 08:55:28,931 [WARNING] run_once: Circuit breaker already tripped: 3 consecutive losing paper trades
2026-09-20 09:00:32,269 [WARNING] run_once: Circuit breaker already tripped: 3 consecutive losing paper trades
2026-09-20 09:05:26,702 [WARNING] run_once: Circuit breaker already tripped: 3 consecutive losing paper trades
2026-09-20 09:10:29,847 [WARNING] run_once: Circuit breaker already tripped: 3 consecutive losing paper trades
2026-09-20 09:15:26,973 [WARNING] run_once: Circuit breaker already tripped: 3 consecutive losing paper trades
2026-09-20 09:20:27,739 [WARNING] run_once: Circuit breaker already tripped: 3 consecutive losing paper trades
2026-09-20 09:25:28,515 [WARNING] run_once: Circuit breaker already tripped: 3 consecutive losing paper trades
2026-09-20 09:30:30,404 [WARNING] run_once: Circuit breaker already tripped: 3 consecutive losing paper trades
2026-09-20 09:35:30,748 [WARNING] run_once: Circuit breaker already tripped: 3 consecutive losing paper trades
2026-09-20 09:40:29,585 [WARNING] run_once: Circuit breaker already tripped: 3 consecutive losing paper trades
2026-09-20 09:45:26,577 [WARNING] run_once: Circuit breaker already tripped: 3 consecutive losing paper trades
2026-09-20 09:50:29,349 [WARNING] run_once: Circuit breaker already tripped: 3 consecutive losing paper trades
2026-09-20 09:55:29,262 [WARNING] run_once: Circuit breaker already tripped: 3 consecutive losing paper trades
2026-09-20 10:00:31,735 [WARNING] run_once: Circuit breaker already tripped: 3 consecutive losing paper trades
2026-09-20 10:05:27,951 [WARNING] run_once: Circuit breaker already tripped: 3 consecutive losing paper trades
2026-09-20 10:10:26,718 [WARNING] run_once: Circuit breaker already tripped: 3 consecutive losing paper trades
2026-09-20 10:15:29,917 [WARNING] run_once: Circuit breaker already tripped: 3 consecutive losing paper trades
2026-09-20 10:20:27,113 [WARNING] run_once: Circuit breaker already tripped: 3 consecutive losing paper trades
2026-09-20 10:25:25,799 [WARNING] run_once: Circuit breaker already tripped: 3 consecutive losing paper trades
2026-09-20 10:30:24,190 [WARNING] run_once: Circuit breaker already tripped: 3 consecutive losing paper trades
2026-09-20 10:35:33,515 [WARNING] run_once: Circuit breaker already tripped: 3 consecutive losing paper trades
2026-09-20 10:40:24,569 [WARNING] run_once: Circuit breaker already tripped: 3 consecutive losing paper trades
2026-09-20 10:45:28,823 [WARNING] run_once: Circuit breaker already tripped: 3 consecutive losing paper trades
2026-09-20 10:50:25,710 [WARNING] run_once: Circuit breaker already tripped: 3 consecutive losing paper trades
2026-09-20 10:55:22,967 [WARNING] run_once: Circuit breaker already tripped: 3 consecutive losing paper trades
2026-09-20 11:00:30,533 [WARNING] run_once: Circuit breaker already tripped: 3 consecutive losing paper trades
2026-09-20 11:05:24,676 [WARNING] run_once: Circuit breaker already tripped: 3 consecutive losing paper trades
2026-09-20 11:10:30,147 [WARNING] run_once: Circuit breaker already tripped: 3 consecutive losing paper trades
2026-09-20 11:15:27,185 [WARNING] run_once: Circuit breaker already tripped: 3 consecutive losing paper trades
2026-09-20 11:20:25,057 [WARNING] run_once: Circuit breaker already tripped: 3 consecutive losing paper trades
2026-09-20 11:25:24,107 [WARNING] run_once: Circuit breaker already tripped: 3 consecutive losing paper trades
2026-09-20 11:30:28,457 [WARNING] run_once: Circuit breaker already tripped: 3 consecutive losing paper trades
2026-09-20 11:35:27,113 [WARNING] run_once: Circuit breaker already tripped: 3 consecutive losing paper trades
2026-09-20 11:40:29,374 [WARNING] run_once: Circuit breaker already tripped: 3 consecutive losing paper trades
2026-09-20 11:45:27,762 [WARNING] run_once: Circuit breaker already tripped: 3 consecutive losing paper trades
2026-09-20 11:50:27,103 [WARNING] run_once: Circuit breaker already tripped: 3 consecutive losing paper trades
2026-09-20 11:55:22,784 [WARNING] run_once: Circuit breaker already tripped: 3 consecutive losing paper trades
2026-09-20 12:00:35,279 [WARNING] run_once: Circuit breaker already tripped: 3 consecutive losing paper trades
2026-09-20 12:05:26,591 [WARNING] run_once: Circuit breaker already tripped: 3 consecutive losing paper trades
2026-09-20 12:10:28,381 [WARNING] run_once: Circuit breaker already tripped: 3 consecutive losing paper trades
2026-09-20 12:15:27,517 [WARNING] run_once: Circuit breaker already tripped: 3 consecutive losing paper trades
2026-09-20 12:20:28,607 [WARNING] run_once: Circuit breaker already tripped: 3 consecutive losing paper trades
2026-09-20 12:25:24,610 [WARNING] run_once: Circuit breaker already tripped: 3 consecutive losing paper trades
2026-09-20 12:30:28,589 [WARNING] run_once: Circuit breaker already tripped: 3 consecutive losing paper trades
2026-09-20 12:35:25,343 [WARNING] run_once: Circuit breaker already tripped: 3 consecutive losing paper trades
2026-09-20 12:40:26,587 [WARNING] run_once: Circuit breaker already tripped: 3 consecutive losing paper trades
2026-09-20 12:45:28,035 [WARNING] run_once: Circuit breaker already tripped: 3 consecutive losing paper trades
2026-09-20 12:50:29,246 [WARNING] run_once: Circuit breaker already tripped: 3 consecutive losing paper trades
2026-09-20 12:55:26,457 [WARNING] run_once: Circuit breaker already tripped: 3 consecutive losing paper trades
2026-09-20 13:00:34,340 [WARNING] run_once: Circuit breaker already tripped: 3 consecutive losing paper trades
2026-09-20 13:05:27,708 [WARNING] run_once: Circuit breaker already tripped: 3 consecutive losing paper trades
2026-09-20 13:10:28,769 [WARNING] run_once: Circuit breaker already tripped: 3 consecutive losing paper trades
2026-09-20 13:16:03,416 [WARNING] run_once: Circuit breaker already tripped: 3 consecutive losing paper trades
2026-09-20 13:20:29,542 [WARNING] run_once: Circuit breaker already tripped: 3 consecutive losing paper trades
2026-09-20 13:25:25,973 [WARNING] run_once: Circuit breaker already tripped: 3 consecutive losing paper trades
2026-09-20 13:30:28,917 [WARNING] run_once: Circuit breaker already tripped: 3 consecutive losing paper trades
2026-09-20 13:35:24,515 [WARNING] run_once: Circuit breaker already tripped: 3 consecutive losing paper trades
2026-09-20 13:40:29,526 [WARNING] run_once: Circuit breaker already tripped: 3 consecutive losing paper trades
2026-09-20 13:45:29,708 [WARNING] run_once: Circuit breaker already tripped: 3 consecutive losing paper trades
2026-09-20 13:50:31,400 [WARNING] run_once: Circuit breaker already tripped: 3 consecutive losing paper trades
2026-09-20 13:55:28,694 [WARNING] run_once: Circuit breaker already tripped: 3 consecutive losing paper trades
2026-09-20 14:00:31,722 [WARNING] run_once: Circuit breaker already tripped: 3 consecutive losing paper trades
2026-09-20 14:05:27,830 [WARNING] run_once: Circuit breaker already tripped: 3 consecutive losing paper trades
2026-09-20 14:10:24,207 [WARNING] run_once: Circuit breaker already tripped: 3 consecutive losing paper trades
2026-09-20 14:15:35,130 [WARNING] run_once: Circuit breaker already tripped: 3 consecutive losing paper trades
2026-09-20 14:20:28,062 [WARNING] run_once: Circuit breaker already tripped: 3 consecutive losing paper trades
2026-09-20 14:25:27,092 [WARNING] run_once: Circuit breaker already tripped: 3 consecutive losing paper trades
2026-09-20 14:30:34,162 [WARNING] run_once: Circuit breaker already tripped: 3 consecutive losing paper trades
2026-09-20 14:35:25,345 [WARNING] run_once: Circuit breaker already tripped: 3 consecutive losing paper trades
2026-09-20 14:40:28,760 [WARNING] run_once: Circuit breaker already tripped: 3 consecutive losing paper trades
2026-09-20 14:45:31,412 [WARNING] run_once: Circuit breaker already tripped: 3 consecutive losing paper trades
2026-09-20 14:50:30,804 [WARNING] run_once: Circuit breaker already tripped: 3 consecutive losing paper trades
2026-09-20 14:55:24,366 [WARNING] run_once: Circuit breaker already tripped: 3 consecutive losing paper trades
2026-09-20 15:00:31,103 [WARNING] run_once: Circuit breaker already tripped: 3 consecutive losing paper trades
2026-09-20 15:06:02,425 [WARNING] run_once: Circuit breaker already tripped: 3 consecutive losing paper trades
2026-09-20 15:10:28,889 [WARNING] run_once: Circuit breaker already tripped: 3 consecutive losing paper trades
2026-09-20 15:15:36,398 [WARNING] run_once: Circuit breaker already tripped: 3 consecutive losing paper trades
2026-09-20 15:20:27,865 [WARNING] run_once: Circuit breaker already tripped: 3 consecutive losing paper trades
2026-09-20 15:25:28,476 [WARNING] run_once: Circuit breaker already tripped: 3 consecutive losing paper trades
2026-09-20 15:30:30,074 [WARNING] run_once: Circuit breaker already tripped: 3 consecutive losing paper trades
2026-09-20 15:35:24,794 [WARNING] run_once: Circuit breaker already tripped: 3 consecutive losing paper trades
2026-09-20 15:40:28,345 [WARNING] run_once: Circuit breaker already tripped: 3 consecutive losing paper trades
2026-09-20 15:45:29,351 [WARNING] run_once: Circuit breaker already tripped: 3 consecutive losing paper trades
2026-09-20 15:50:29,242 [WARNING] run_once: Circuit breaker already tripped: 3 consecutive losing paper trades
2026-09-20 15:56:03,737 [WARNING] run_once: Circuit breaker already tripped: 3 consecutive losing paper trades
2026-09-20 16:00:31,401 [WARNING] run_once: Circuit breaker already tripped: 3 consecutive losing paper trades
2026-09-20 16:05:26,577 [WARNING] run_once: Circuit breaker already tripped: 3 consecutive losing paper trades
2026-09-20 16:10:31,634 [WARNING] run_once: Circuit breaker already tripped: 3 consecutive losing paper trades
2026-09-20 16:15:28,673 [WARNING] run_once: Circuit breaker already tripped: 3 consecutive losing paper trades
2026-09-20 16:20:29,672 [WARNING] run_once: Circuit breaker already tripped: 3 consecutive losing paper trades
2026-09-20 16:25:24,787 [WARNING] run_once: Circuit breaker already tripped: 3 consecutive losing paper trades
2026-09-20 16:30:28,416 [WARNING] run_once: Circuit breaker already tripped: 3 consecutive losing paper trades
2026-09-20 16:35:26,332 [WARNING] run_once: Circuit breaker already tripped: 3 consecutive losing paper trades
2026-09-20 16:40:29,432 [WARNING] run_once: Circuit breaker already tripped: 3 consecutive losing paper trades
2026-09-20 16:45:26,524 [WARNING] run_once: Circuit breaker already tripped: 3 consecutive losing paper trades
2026-09-20 16:50:30,207 [WARNING] run_once: Circuit breaker already tripped: 3 consecutive losing paper trades
2026-09-20 16:55:25,807 [WARNING] run_once: Circuit breaker already tripped: 3 consecutive losing paper trades
2026-09-20 17:00:32,875 [WARNING] run_once: Circuit breaker already tripped: 3 consecutive losing paper trades
2026-09-20 17:05:24,307 [WARNING] run_once: Circuit breaker already tripped: 3 consecutive losing paper trades
2026-09-20 17:10:28,897 [WARNING] run_once: Circuit breaker already tripped: 3 consecutive losing paper trades
2026-09-20 17:15:30,301 [WARNING] run_once: Circuit breaker already tripped: 3 consecutive losing paper trades
2026-09-20 17:20:33,883 [WARNING] run_once: Circuit breaker already tripped: 3 consecutive losing paper trades
2026-09-20 17:25:24,667 [WARNING] run_once: Circuit breaker already tripped: 3 consecutive losing paper trades
2026-09-20 17:30:31,610 [WARNING] run_once: Circuit breaker already tripped: 3 consecutive losing paper trades
2026-09-20 17:35:27,624 [WARNING] run_once: Circuit breaker already tripped: 3 consecutive losing paper trades
2026-09-20 17:40:30,161 [WARNING] run_once: Circuit breaker already tripped: 3 consecutive losing paper trades
2026-09-20 17:45:30,812 [WARNING] run_once: Circuit breaker already tripped: 3 consecutive losing paper trades
2026-09-20 17:50:32,228 [WARNING] run_once: Circuit breaker already tripped: 3 consecutive losing paper trades
2026-09-20 17:55:23,158 [WARNING] run_once: Circuit breaker already tripped: 3 consecutive losing paper trades
2026-09-20 18:00:31,012 [WARNING] run_once: Circuit breaker already tripped: 3 consecutive losing paper trades
2026-09-20 18:05:27,400 [WARNING] run_once: Circuit breaker already tripped: 3 consecutive losing paper trades
2026-09-20 18:10:28,490 [WARNING] run_once: Circuit breaker already tripped: 3 consecutive losing paper trades
2026-09-20 18:15:28,766 [WARNING] run_once: Circuit breaker already tripped: 3 consecutive losing paper trades
2026-09-20 18:20:29,082 [WARNING] run_once: Circuit breaker already tripped: 3 consecutive losing paper trades
2026-09-20 18:25:24,673 [WARNING] run_once: Circuit breaker already tripped: 3 consecutive losing paper trades
2026-09-20 18:30:31,818 [WARNING] run_once: Circuit breaker already tripped: 3 consecutive losing paper trades
2026-09-20 18:35:27,032 [WARNING] run_once: Circuit breaker already tripped: 3 consecutive losing paper trades
2026-09-20 18:40:27,401 [WARNING] run_once: Circuit breaker already tripped: 3 consecutive losing paper trades
2026-09-20 18:45:28,762 [WARNING] run_once: Circuit breaker already tripped: 3 consecutive losing paper trades
2026-09-20 18:50:25,851 [WARNING] run_once: Circuit breaker already tripped: 3 consecutive losing paper trades
2026-09-20 18:55:22,938 [WARNING] run_once: Circuit breaker already tripped: 3 consecutive losing paper trades
2026-09-20 19:00:30,467 [WARNING] run_once: Circuit breaker already tripped: 3 consecutive losing paper trades
2026-09-20 19:05:25,672 [WARNING] run_once: Circuit breaker already tripped: 3 consecutive losing paper trades
2026-09-20 19:10:41,037 [WARNING] run_once: Circuit breaker already tripped: 3 consecutive losing paper trades
2026-09-20 19:15:31,860 [WARNING] run_once: Circuit breaker already tripped: 3 consecutive losing paper trades
2026-09-20 19:20:26,651 [WARNING] run_once: Circuit breaker already tripped: 3 consecutive losing paper trades
2026-09-20 19:25:21,334 [WARNING] run_once: Circuit breaker already tripped: 3 consecutive losing paper trades
2026-09-20 19:30:28,563 [WARNING] run_once: Circuit breaker already tripped: 3 consecutive losing paper trades
2026-09-20 19:35:21,454 [WARNING] run_once: Circuit breaker already tripped: 3 consecutive losing paper trades
2026-09-20 19:40:27,196 [WARNING] run_once: Circuit breaker already tripped: 3 consecutive losing paper trades
2026-09-20 19:45:28,980 [WARNING] run_once: Circuit breaker already tripped: 3 consecutive losing paper trades
2026-09-20 19:50:29,590 [WARNING] run_once: Circuit breaker already tripped: 3 consecutive losing paper trades
2026-09-20 19:55:30,207 [WARNING] run_once: Circuit breaker already tripped: 3 consecutive losing paper trades
2026-09-20 20:00:33,562 [WARNING] run_once: Circuit breaker already tripped: 3 consecutive losing paper trades
2026-09-20 20:05:26,757 [WARNING] run_once: Circuit breaker already tripped: 3 consecutive losing paper trades
2026-09-20 20:10:26,566 [WARNING] run_once: Circuit breaker already tripped: 3 consecutive losing paper trades
2026-09-20 20:15:28,741 [WARNING] run_once: Circuit breaker already tripped: 3 consecutive losing paper trades
2026-09-20 20:20:33,147 [WARNING] run_once: Circuit breaker already tripped: 3 consecutive losing paper trades
2026-09-20 20:25:26,325 [WARNING] run_once: Circuit breaker already tripped: 3 consecutive losing paper trades
2026-09-20 20:30:33,116 [WARNING] run_once: Circuit breaker already tripped: 3 consecutive losing paper trades
2026-09-20 20:35:30,863 [WARNING] run_once: Circuit breaker already tripped: 3 consecutive losing paper trades
2026-09-20 20:40:28,690 [WARNING] run_once: Circuit breaker already tripped: 3 consecutive losing paper trades
2026-09-20 20:45:32,125 [WARNING] run_once: Circuit breaker already tripped: 3 consecutive losing paper trades
2026-09-20 20:50:32,498 [WARNING] run_once: Circuit breaker already tripped: 3 consecutive losing paper trades
2026-09-20 20:55:28,079 [WARNING] run_once: Circuit breaker already tripped: 3 consecutive losing paper trades
2026-09-20 21:00:31,137 [WARNING] run_once: Circuit breaker already tripped: 3 consecutive losing paper trades
2026-09-20 21:05:23,208 [WARNING] run_once: Circuit breaker already tripped: 3 consecutive losing paper trades
2026-09-20 21:10:30,620 [WARNING] run_once: Circuit breaker already tripped: 3 consecutive losing paper trades
2026-09-20 21:15:27,899 [WARNING] run_once: Circuit breaker already tripped: 3 consecutive losing paper trades
2026-09-20 21:20:27,435 [WARNING] run_once: Circuit breaker already tripped: 3 consecutive losing paper trades
2026-09-20 21:25:24,937 [WARNING] run_once: Circuit breaker already tripped: 3 consecutive losing paper trades
2026-09-20 21:30:27,704 [WARNING] run_once: Circuit breaker already tripped: 3 consecutive losing paper trades
2026-09-20 21:35:21,261 [WARNING] run_once: Circuit breaker already tripped: 3 consecutive losing paper trades
2026-09-20 21:40:27,984 [WARNING] run_once: Circuit breaker already tripped: 3 consecutive losing paper trades
2026-09-20 21:45:29,537 [WARNING] run_once: Circuit breaker already tripped: 3 consecutive losing paper trades
2026-09-20 21:50:28,553 [WARNING] run_once: Circuit breaker already tripped: 3 consecutive losing paper trades
2026-09-20 21:55:25,303 [WARNING] run_once: Circuit breaker already tripped: 3 consecutive losing paper trades
2026-09-20 22:00:33,201 [WARNING] run_once: Circuit breaker already tripped: 3 consecutive losing paper trades
2026-09-20 22:05:24,992 [WARNING] run_once: Circuit breaker already tripped: 3 consecutive losing paper trades
2026-09-20 22:10:28,867 [WARNING] run_once: Circuit breaker already tripped: 3 consecutive losing paper trades
2026-09-20 22:15:29,056 [WARNING] run_once: Circuit breaker already tripped: 3 consecutive losing paper trades
2026-09-20 22:20:28,759 [WARNING] run_once: Circuit breaker already tripped: 3 consecutive losing paper trades
2026-09-20 22:25:22,975 [WARNING] run_once: Circuit breaker already tripped: 3 consecutive losing paper trades
2026-09-20 22:30:32,325 [WARNING] run_once: Circuit breaker already tripped: 3 consecutive losing paper trades
2026-09-20 22:35:25,758 [WARNING] run_once: Circuit breaker already tripped: 3 consecutive losing paper trades
2026-09-20 22:40:29,533 [WARNING] run_once: Circuit breaker already tripped: 3 consecutive losing paper trades
2026-09-20 22:45:25,901 [WARNING] run_once: Circuit breaker already tripped: 3 consecutive losing paper trades
2026-09-20 22:50:29,168 [WARNING] run_once: Circuit breaker already tripped: 3 consecutive losing paper trades
2026-09-20 22:55:22,741 [WARNING] run_once: Circuit breaker already tripped: 3 consecutive losing paper trades
2026-09-20 23:00:30,493 [WARNING] run_once: Circuit breaker already tripped: 3 consecutive losing paper trades
2026-09-20 23:05:25,420 [WARNING] run_once: Circuit breaker already tripped: 3 consecutive losing paper trades
2026-09-20 23:10:29,416 [WARNING] run_once: Circuit breaker already tripped: 3 consecutive losing paper trades
2026-09-20 23:15:24,891 [WARNING] run_once: Circuit breaker already tripped: 3 consecutive losing paper trades
2026-09-20 23:20:30,185 [WARNING] run_once: Circuit breaker already tripped: 3 consecutive losing paper trades
2026-09-20 23:25:27,062 [WARNING] run_once: Circuit breaker already tripped: 3 consecutive losing paper trades
2026-09-20 23:30:26,330 [WARNING] run_once: Circuit breaker already tripped: 3 consecutive losing paper trades
2026-09-20 23:35:26,083 [WARNING] run_once: Circuit breaker already tripped: 3 consecutive losing paper trades
2026-09-20 23:40:27,254 [WARNING] run_once: Circuit breaker already tripped: 3 consecutive losing paper trades
2026-09-20 23:45:27,159 [WARNING] run_once: Circuit breaker already tripped: 3 consecutive losing paper trades
2026-09-20 23:50:35,083 [WARNING] run_once: Circuit breaker already tripped: 3 consecutive losing paper trades
2026-09-20 23:55:28,797 [WARNING] run_once: Circuit breaker already tripped: 3 consecutive losing paper trades
2026-09-21 00:00:33,753 [WARNING] run_once: Circuit breaker already tripped: 3 consecutive losing paper trades
2026-09-21 00:05:27,528 [WARNING] run_once: Circuit breaker already tripped: 3 consecutive losing paper trades
2026-09-21 00:10:30,076 [WARNING] run_once: Circuit breaker already tripped: 3 consecutive losing paper trades
2026-09-21 00:15:25,276 [WARNING] run_once: Circuit breaker already tripped: 3 consecutive losing paper trades
2026-09-21 00:20:28,994 [WARNING] run_once: Circuit breaker already tripped: 3 consecutive losing paper trades
2026-09-21 00:25:22,725 [WARNING] run_once: Circuit breaker already tripped: 3 consecutive losing paper trades
2026-09-21 00:30:29,114 [WARNING] run_once: Circuit breaker already tripped: 3 consecutive losing paper trades
2026-09-21 00:35:32,331 [WARNING] run_once: Circuit breaker already tripped: 3 consecutive losing paper trades
2026-09-21 00:40:27,861 [WARNING] run_once: Circuit breaker already tripped: 3 consecutive losing paper trades
2026-09-21 00:45:31,365 [WARNING] run_once: Circuit breaker already tripped: 3 consecutive losing paper trades
2026-09-21 00:50:31,987 [WARNING] run_once: Circuit breaker already tripped: 3 consecutive losing paper trades
2026-09-21 00:55:38,773 [WARNING] run_once: Circuit breaker already tripped: 3 consecutive losing paper trades
2026-09-21 01:00:31,149 [WARNING] run_once: Circuit breaker already tripped: 3 consecutive losing paper trades
2026-09-21 01:05:23,033 [WARNING] run_once: Circuit breaker already tripped: 3 consecutive losing paper trades
2026-09-21 01:10:28,633 [WARNING] run_once: Circuit breaker already tripped: 3 consecutive losing paper trades
2026-09-21 01:15:28,745 [WARNING] run_once: Circuit breaker already tripped: 3 consecutive losing paper trades
2026-09-21 01:20:30,810 [WARNING] run_once: Circuit breaker already tripped: 3 consecutive losing paper trades
2026-09-21 01:25:59,868 [WARNING] run_once: Circuit breaker already tripped: 3 consecutive losing paper trades
2026-09-21 01:30:29,638 [WARNING] run_once: Circuit breaker already tripped: 3 consecutive losing paper trades
2026-09-21 01:35:27,015 [WARNING] run_once: Circuit breaker already tripped: 3 consecutive losing paper trades
2026-09-21 01:40:24,532 [WARNING] run_once: Circuit breaker already tripped: 3 consecutive losing paper trades
2026-09-21 01:45:33,975 [WARNING] run_once: Circuit breaker already tripped: 3 consecutive losing paper trades
2026-09-21 01:50:31,133 [WARNING] run_once: Circuit breaker already tripped: 3 consecutive losing paper trades
2026-09-21 01:55:25,578 [WARNING] run_once: Circuit breaker already tripped: 3 consecutive losing paper trades
2026-09-21 02:00:37,103 [WARNING] run_once: Circuit breaker already tripped: 3 consecutive losing paper trades
2026-09-21 02:05:26,108 [WARNING] run_once: Circuit breaker already tripped: 3 consecutive losing paper trades
2026-09-21 02:10:27,275 [WARNING] run_once: Circuit breaker already tripped: 3 consecutive losing paper trades
2026-09-21 02:15:28,504 [WARNING] run_once: Circuit breaker already tripped: 3 consecutive losing paper trades
2026-09-21 02:20:33,066 [WARNING] run_once: Circuit breaker already tripped: 3 consecutive losing paper trades
2026-09-21 02:25:27,188 [WARNING] run_once: Circuit breaker already tripped: 3 consecutive losing paper trades
2026-09-21 02:31:10,326 [WARNING] run_once: Circuit breaker already tripped: 3 consecutive losing paper trades
2026-09-21 02:35:26,935 [WARNING] run_once: Circuit breaker already tripped: 3 consecutive losing paper trades
2026-09-21 02:40:29,126 [WARNING] run_once: Circuit breaker already tripped: 3 consecutive losing paper trades
2026-09-21 02:45:28,182 [WARNING] run_once: Circuit breaker already tripped: 3 consecutive losing paper trades
2026-09-21 02:50:27,382 [WARNING] run_once: Circuit breaker already tripped: 3 consecutive losing paper trades
2026-09-21 02:55:27,839 [WARNING] run_once: Circuit breaker already tripped: 3 consecutive losing paper trades
2026-09-21 03:00:26,373 [WARNING] run_once: Circuit breaker already tripped: 3 consecutive losing paper trades
2026-09-21 03:05:24,352 [WARNING] run_once: Circuit breaker already tripped: 3 consecutive losing paper trades
2026-09-21 03:10:35,664 [WARNING] run_once: Circuit breaker already tripped: 3 consecutive losing paper trades
2026-09-21 03:15:30,066 [WARNING] run_once: Circuit breaker already tripped: 3 consecutive losing paper trades
2026-09-21 03:20:33,614 [WARNING] run_once: Circuit breaker already tripped: 3 consecutive losing paper trades
2026-09-21 03:25:24,201 [WARNING] run_once: Circuit breaker already tripped: 3 consecutive losing paper trades
2026-09-21 03:30:28,698 [WARNING] run_once: Circuit breaker already tripped: 3 consecutive losing paper trades
2026-09-21 03:35:26,273 [WARNING] run_once: Circuit breaker already tripped: 3 consecutive losing paper trades
2026-09-21 03:40:27,780 [WARNING] run_once: Circuit breaker already tripped: 3 consecutive losing paper trades
2026-09-21 03:45:28,440 [WARNING] run_once: Circuit breaker already tripped: 3 consecutive losing paper trades
2026-09-21 03:50:29,041 [WARNING] run_once: Circuit breaker already tripped: 3 consecutive losing paper trades
2026-09-21 03:55:27,927 [WARNING] run_once: Circuit breaker already tripped: 3 consecutive losing paper trades
2026-09-21 04:00:27,384 [WARNING] run_once: Circuit breaker already tripped: 3 consecutive losing paper trades
2026-09-21 04:05:26,753 [WARNING] run_once: Circuit breaker already tripped: 3 consecutive losing paper trades
2026-09-21 04:10:27,787 [WARNING] run_once: Circuit breaker already tripped: 3 consecutive losing paper trades
2026-09-21 04:15:30,089 [WARNING] run_once: Circuit breaker already tripped: 3 consecutive losing paper trades
2026-09-21 04:20:31,132 [WARNING] run_once: Circuit breaker already tripped: 3 consecutive losing paper trades
2026-09-21 04:25:30,658 [WARNING] run_once: Circuit breaker already tripped: 3 consecutive losing paper trades
2026-09-21 04:30:31,248 [WARNING] run_once: Circuit breaker already tripped: 3 consecutive losing paper trades
2026-09-21 04:35:20,432 [WARNING] run_once: Circuit breaker already tripped: 3 consecutive losing paper trades
2026-09-21 04:40:23,922 [WARNING] run_once: Circuit breaker already tripped: 3 consecutive losing paper trades
2026-09-21 04:45:27,650 [WARNING] run_once: Circuit breaker already tripped: 3 consecutive losing paper trades
2026-09-21 04:50:27,820 [WARNING] run_once: Circuit breaker already tripped: 3 consecutive losing paper trades
2026-09-21 04:55:24,162 [WARNING] run_once: Circuit breaker already tripped: 3 consecutive losing paper trades
2026-09-21 05:00:34,159 [WARNING] run_once: Circuit breaker already tripped: 3 consecutive losing paper trades
2026-09-21 05:05:25,697 [WARNING] run_once: Circuit breaker already tripped: 3 consecutive losing paper trades
2026-09-21 05:10:26,677 [WARNING] run_once: Circuit breaker already tripped: 3 consecutive losing paper trades
2026-09-21 05:16:02,732 [WARNING] run_once: Circuit breaker already tripped: 3 consecutive losing paper trades
2026-09-21 05:20:28,637 [WARNING] run_once: Circuit breaker already tripped: 3 consecutive losing paper trades
2026-09-21 05:25:27,499 [WARNING] run_once: Circuit breaker already tripped: 3 consecutive losing paper trades
2026-09-21 05:30:31,080 [WARNING] run_once: Circuit breaker already tripped: 3 consecutive losing paper trades
2026-09-21 05:35:29,264 [WARNING] run_once: Circuit breaker already tripped: 3 consecutive losing paper trades
2026-09-21 05:40:23,481 [WARNING] run_once: Circuit breaker already tripped: 3 consecutive losing paper trades
2026-09-21 05:45:27,010 [WARNING] run_once: Circuit breaker already tripped: 3 consecutive losing paper trades
2026-09-21 05:50:30,333 [WARNING] run_once: Circuit breaker already tripped: 3 consecutive losing paper trades
2026-09-21 05:55:28,569 [WARNING] run_once: Circuit breaker already tripped: 3 consecutive losing paper trades
2026-09-21 06:00:34,054 [WARNING] run_once: Circuit breaker already tripped: 3 consecutive losing paper trades
2026-09-21 06:05:27,785 [WARNING] run_once: Circuit breaker already tripped: 3 consecutive losing paper trades
2026-09-21 06:10:26,941 [WARNING] run_once: Circuit breaker already tripped: 3 consecutive losing paper trades
2026-09-21 06:15:30,556 [WARNING] run_once: Circuit breaker already tripped: 3 consecutive losing paper trades
2026-09-21 06:20:28,472 [WARNING] run_once: Circuit breaker already tripped: 3 consecutive losing paper trades
2026-09-21 06:25:30,659 [WARNING] run_once: Circuit breaker already tripped: 3 consecutive losing paper trades
2026-09-21 06:30:30,816 [WARNING] run_once: Circuit breaker already tripped: 3 consecutive losing paper trades
2026-09-21 06:35:25,038 [WARNING] run_once: Circuit breaker already tripped: 3 consecutive losing paper trades
2026-09-21 06:40:25,238 [WARNING] run_once: Circuit breaker already tripped: 3 consecutive losing paper trades
2026-09-21 06:45:31,097 [WARNING] run_once: Circuit breaker already tripped: 3 consecutive losing paper trades
2026-09-21 06:50:28,624 [WARNING] run_once: Circuit breaker already tripped: 3 consecutive losing paper trades
2026-09-21 06:55:24,407 [WARNING] run_once: Circuit breaker already tripped: 3 consecutive losing paper trades
2026-09-21 07:00:33,357 [WARNING] run_once: Circuit breaker already tripped: 3 consecutive losing paper trades
2026-09-21 07:05:28,375 [WARNING] run_once: Circuit breaker already tripped: 3 consecutive losing paper trades
2026-09-21 07:10:36,454 [WARNING] run_once: Circuit breaker already tripped: 3 consecutive losing paper trades
2026-09-21 07:15:36,247 [WARNING] run_once: Circuit breaker already tripped: 3 consecutive losing paper trades
2026-09-21 07:20:35,396 [WARNING] run_once: Circuit breaker already tripped: 3 consecutive losing paper trades
2026-09-21 07:25:26,873 [WARNING] run_once: Circuit breaker already tripped: 3 consecutive losing paper trades
2026-09-21 07:30:34,612 [WARNING] run_once: Circuit breaker already tripped: 3 consecutive losing paper trades
2026-09-21 07:35:24,944 [WARNING] run_once: Circuit breaker already tripped: 3 consecutive losing paper trades
2026-09-21 07:40:27,582 [WARNING] run_once: Circuit breaker already tripped: 3 consecutive losing paper trades
2026-09-21 07:45:29,609 [WARNING] run_once: Circuit breaker already tripped: 3 consecutive losing paper trades
2026-09-21 07:50:31,541 [WARNING] run_once: Circuit breaker already tripped: 3 consecutive losing paper trades
2026-09-21 07:55:26,768 [WARNING] run_once: Circuit breaker already tripped: 3 consecutive losing paper trades
2026-09-21 08:00:33,947 [WARNING] run_once: Circuit breaker already tripped: 3 consecutive losing paper trades
2026-09-21 08:05:28,579 [WARNING] run_once: Circuit breaker already tripped: 3 consecutive losing paper trades
2026-09-21 08:10:29,701 [WARNING] run_once: Circuit breaker already tripped: 3 consecutive losing paper trades
2026-09-21 08:15:31,002 [WARNING] run_once: Circuit breaker already tripped: 3 consecutive losing paper trades
2026-09-21 08:20:31,167 [WARNING] run_once: Circuit breaker already tripped: 3 consecutive losing paper trades
2026-09-21 08:25:23,892 [WARNING] run_once: Circuit breaker already tripped: 3 consecutive losing paper trades
2026-09-21 08:30:35,013 [WARNING] run_once: Circuit breaker already tripped: 3 consecutive losing paper trades
2026-09-21 08:35:33,482 [WARNING] run_once: Circuit breaker already tripped: 3 consecutive losing paper trades
2026-09-21 08:40:23,930 [WARNING] run_once: Circuit breaker already tripped: 3 consecutive losing paper trades
2026-09-21 08:45:40,386 [WARNING] run_once: Circuit breaker already tripped: 3 consecutive losing paper trades
2026-09-21 08:50:32,781 [WARNING] run_once: Circuit breaker already tripped: 3 consecutive losing paper trades
2026-09-21 08:55:27,550 [WARNING] run_once: Circuit breaker already tripped: 3 consecutive losing paper trades
2026-09-21 09:00:27,520 [WARNING] run_once: Circuit breaker already tripped: 3 consecutive losing paper trades
2026-09-21 09:05:27,348 [WARNING] run_once: Circuit breaker already tripped: 3 consecutive losing paper trades
2026-09-21 09:10:31,453 [WARNING] run_once: Circuit breaker already tripped: 3 consecutive losing paper trades
2026-09-21 09:15:30,191 [WARNING] run_once: Circuit breaker already tripped: 3 consecutive losing paper trades
2026-09-21 09:20:28,504 [WARNING] run_once: Circuit breaker already tripped: 3 consecutive losing paper trades
2026-09-21 09:25:24,674 [WARNING] run_once: Circuit breaker already tripped: 3 consecutive losing paper trades
2026-09-21 09:30:32,115 [WARNING] run_once: Circuit breaker already tripped: 3 consecutive losing paper trades
2026-09-21 09:35:25,459 [WARNING] run_once: Circuit breaker already tripped: 3 consecutive losing paper trades
2026-09-21 09:40:31,218 [WARNING] run_once: Circuit breaker already tripped: 3 consecutive losing paper trades
2026-09-21 09:45:28,352 [WARNING] run_once: Circuit breaker already tripped: 3 consecutive losing paper trades
2026-09-21 09:50:31,938 [WARNING] run_once: Circuit breaker already tripped: 3 consecutive losing paper trades
2026-09-21 09:55:33,897 [WARNING] run_once: Circuit breaker already tripped: 3 consecutive losing paper trades
2026-09-21 10:00:36,888 [WARNING] run_once: Circuit breaker already tripped: 3 consecutive losing paper trades
2026-09-21 10:05:28,738 [WARNING] run_once: Circuit breaker already tripped: 3 consecutive losing paper trades
2026-09-21 10:10:28,163 [WARNING] run_once: Circuit breaker already tripped: 3 consecutive losing paper trades
2026-09-21 10:15:27,395 [WARNING] run_once: Circuit breaker already tripped: 3 consecutive losing paper trades
2026-09-21 10:20:31,186 [WARNING] run_once: Circuit breaker already tripped: 3 consecutive losing paper trades
2026-09-21 10:25:23,564 [WARNING] run_once: Circuit breaker already tripped: 3 consecutive losing paper trades
2026-09-21 10:30:28,360 [WARNING] run_once: Circuit breaker already tripped: 3 consecutive losing paper trades
2026-09-21 10:35:25,851 [WARNING] run_once: Circuit breaker already tripped: 3 consecutive losing paper trades
2026-09-21 10:40:27,153 [WARNING] run_once: Circuit breaker already tripped: 3 consecutive losing paper trades
2026-09-21 10:45:29,306 [WARNING] run_once: Circuit breaker already tripped: 3 consecutive losing paper trades
2026-09-21 10:50:30,351 [WARNING] run_once: Circuit breaker already tripped: 3 consecutive losing paper trades
2026-09-21 10:55:22,594 [WARNING] run_once: Circuit breaker already tripped: 3 consecutive losing paper trades
2026-09-21 11:00:34,947 [WARNING] run_once: Circuit breaker already tripped: 3 consecutive losing paper trades
2026-09-21 11:05:29,493 [WARNING] run_once: Circuit breaker already tripped: 3 consecutive losing paper trades
2026-09-21 11:10:29,037 [WARNING] run_once: Circuit breaker already tripped: 3 consecutive losing paper trades
2026-09-21 11:15:30,352 [WARNING] run_once: Circuit breaker already tripped: 3 consecutive losing paper trades
2026-09-21 11:20:27,741 [WARNING] run_once: Circuit breaker already tripped: 3 consecutive losing paper trades
2026-09-21 11:25:26,840 [WARNING] run_once: Circuit breaker already tripped: 3 consecutive losing paper trades
2026-09-21 11:30:27,203 [WARNING] run_once: Circuit breaker already tripped: 3 consecutive losing paper trades
2026-09-21 11:35:26,488 [WARNING] run_once: Circuit breaker already tripped: 3 consecutive losing paper trades
2026-09-21 11:40:36,475 [WARNING] run_once: Circuit breaker already tripped: 3 consecutive losing paper trades
2026-09-21 11:45:27,284 [WARNING] run_once: Circuit breaker already tripped: 3 consecutive losing paper trades
2026-09-21 11:50:29,323 [WARNING] run_once: Circuit breaker already tripped: 3 consecutive losing paper trades
2026-09-21 11:55:23,772 [WARNING] run_once: Circuit breaker already tripped: 3 consecutive losing paper trades
2026-09-21 12:00:34,031 [WARNING] run_once: Circuit breaker already tripped: 3 consecutive losing paper trades
2026-09-21 12:05:34,333 [WARNING] run_once: Circuit breaker already tripped: 3 consecutive losing paper trades
2026-09-21 12:10:28,503 [WARNING] run_once: Circuit breaker already tripped: 3 consecutive losing paper trades
2026-09-21 12:15:33,050 [WARNING] run_once: Circuit breaker already tripped: 3 consecutive losing paper trades
2026-09-21 12:20:33,454 [WARNING] run_once: Circuit breaker already tripped: 3 consecutive losing paper trades
2026-09-21 12:25:34,914 [WARNING] run_once: Circuit breaker already tripped: 3 consecutive losing paper trades
2026-09-21 12:30:33,862 [WARNING] run_once: Circuit breaker already tripped: 3 consecutive losing paper trades
2026-09-21 12:35:29,440 [WARNING] run_once: Circuit breaker already tripped: 3 consecutive losing paper trades
2026-09-21 12:40:33,887 [WARNING] run_once: Circuit breaker already tripped: 3 consecutive losing paper trades
2026-09-21 12:45:32,067 [WARNING] run_once: Circuit breaker already tripped: 3 consecutive losing paper trades
2026-09-21 12:50:31,943 [WARNING] run_once: Circuit breaker already tripped: 3 consecutive losing paper trades
2026-09-21 12:55:28,029 [WARNING] run_once: Circuit breaker already tripped: 3 consecutive losing paper trades
2026-09-21 13:00:33,399 [WARNING] run_once: Circuit breaker already tripped: 3 consecutive losing paper trades
2026-09-21 13:05:28,731 [WARNING] run_once: Circuit breaker already tripped: 3 consecutive losing paper trades
2026-09-21 13:10:28,642 [WARNING] run_once: Circuit breaker already tripped: 3 consecutive losing paper trades
2026-09-21 13:15:31,630 [WARNING] run_once: Circuit breaker already tripped: 3 consecutive losing paper trades
2026-09-21 13:20:30,677 [WARNING] run_once: Circuit breaker already tripped: 3 consecutive losing paper trades
2026-09-21 13:25:30,893 [WARNING] run_once: Circuit breaker already tripped: 3 consecutive losing paper trades
2026-09-21 13:30:29,809 [WARNING] run_once: Circuit breaker already tripped: 3 consecutive losing paper trades
2026-09-21 13:35:27,575 [WARNING] run_once: Circuit breaker already tripped: 3 consecutive losing paper trades
2026-09-21 13:40:33,285 [WARNING] run_once: Circuit breaker already tripped: 3 consecutive losing paper trades
2026-09-21 13:45:29,065 [WARNING] run_once: Circuit breaker already tripped: 3 consecutive losing paper trades
2026-09-21 13:50:30,087 [WARNING] run_once: Circuit breaker already tripped: 3 consecutive losing paper trades
2026-09-21 13:55:26,485 [WARNING] run_once: Circuit breaker already tripped: 3 consecutive losing paper trades
2026-09-21 14:00:31,029 [WARNING] run_once: Circuit breaker already tripped: 3 consecutive losing paper trades
2026-09-21 14:05:25,637 [WARNING] run_once: Circuit breaker already tripped: 3 consecutive losing paper trades
2026-09-21 14:10:31,587 [WARNING] run_once: Circuit breaker already tripped: 3 consecutive losing paper trades
2026-09-21 14:15:29,264 [WARNING] run_once: Circuit breaker already tripped: 3 consecutive losing paper trades
2026-09-21 14:20:30,079 [WARNING] run_once: Circuit breaker already tripped: 3 consecutive losing paper trades
2026-09-21 14:25:28,290 [WARNING] run_once: Circuit breaker already tripped: 3 consecutive losing paper trades
2026-09-21 14:31:00,611 [WARNING] run_once: Circuit breaker already tripped: 3 consecutive losing paper trades
2026-09-21 14:35:27,690 [WARNING] run_once: Circuit breaker already tripped: 3 consecutive losing paper trades
2026-09-21 14:40:36,882 [WARNING] run_once: Circuit breaker already tripped: 3 consecutive losing paper trades
2026-09-21 14:45:29,761 [WARNING] run_once: Circuit breaker already tripped: 3 consecutive losing paper trades
2026-09-21 14:50:36,288 [WARNING] run_once: Circuit breaker already tripped: 3 consecutive losing paper trades
2026-09-21 14:55:29,357 [WARNING] run_once: Circuit breaker already tripped: 3 consecutive losing paper trades
2026-09-21 15:00:30,845 [WARNING] run_once: Circuit breaker already tripped: 3 consecutive losing paper trades
2026-09-21 15:05:27,665 [WARNING] run_once: Circuit breaker already tripped: 3 consecutive losing paper trades
2026-09-21 15:10:29,964 [WARNING] run_once: Circuit breaker already tripped: 3 consecutive losing paper trades
2026-09-21 15:15:30,035 [WARNING] run_once: Circuit breaker already tripped: 3 consecutive losing paper trades
2026-09-21 15:20:32,134 [WARNING] run_once: Circuit breaker already tripped: 3 consecutive losing paper trades
2026-09-21 15:25:21,018 [WARNING] run_once: Circuit breaker already tripped: 3 consecutive losing paper trades
2026-09-21 15:30:30,242 [WARNING] run_once: Circuit breaker already tripped: 3 consecutive losing paper trades
2026-09-21 15:35:27,317 [WARNING] run_once: Circuit breaker already tripped: 3 consecutive losing paper trades
2026-09-21 15:40:30,956 [WARNING] run_once: Circuit breaker already tripped: 3 consecutive losing paper trades
2026-09-21 15:45:27,373 [WARNING] run_once: Circuit breaker already tripped: 3 consecutive losing paper trades
2026-09-21 15:50:47,954 [WARNING] run_once: Circuit breaker already tripped: 3 consecutive losing paper trades
2026-09-21 15:55:26,759 [WARNING] run_once: Circuit breaker already tripped: 3 consecutive losing paper trades
2026-09-21 16:00:30,984 [WARNING] run_once: Circuit breaker already tripped: 3 consecutive losing paper trades
2026-09-21 16:05:27,606 [WARNING] run_once: Circuit breaker already tripped: 3 consecutive losing paper trades
2026-09-21 16:10:30,325 [WARNING] run_once: Circuit breaker already tripped: 3 consecutive losing paper trades
2026-09-21 16:15:31,013 [WARNING] run_once: Circuit breaker already tripped: 3 consecutive losing paper trades
2026-09-21 16:20:30,544 [WARNING] run_once: Circuit breaker already tripped: 3 consecutive losing paper trades
2026-09-21 16:25:26,978 [WARNING] run_once: Circuit breaker already tripped: 3 consecutive losing paper trades
2026-09-21 16:30:34,950 [WARNING] run_once: Circuit breaker already tripped: 3 consecutive losing paper trades
2026-09-21 16:35:28,606 [WARNING] run_once: Circuit breaker already tripped: 3 consecutive losing paper trades
2026-09-21 16:40:34,750 [WARNING] run_once: Circuit breaker already tripped: 3 consecutive losing paper trades
2026-09-21 16:45:29,544 [WARNING] run_once: Circuit breaker already tripped: 3 consecutive losing paper trades
2026-09-21 16:50:31,551 [WARNING] run_once: Circuit breaker already tripped: 3 consecutive losing paper trades
2026-09-21 16:55:26,066 [WARNING] run_once: Circuit breaker already tripped: 3 consecutive losing paper trades
2026-09-21 17:00:33,800 [WARNING] run_once: Circuit breaker already tripped: 3 consecutive losing paper trades
2026-09-21 17:05:28,869 [WARNING] run_once: Circuit breaker already tripped: 3 consecutive losing paper trades
2026-09-21 17:10:27,821 [WARNING] run_once: Circuit breaker already tripped: 3 consecutive losing paper trades
2026-09-21 17:15:29,004 [WARNING] run_once: Circuit breaker already tripped: 3 consecutive losing paper trades
2026-09-21 17:20:32,645 [WARNING] run_once: Circuit breaker already tripped: 3 consecutive losing paper trades
2026-09-21 17:25:27,630 [WARNING] run_once: Circuit breaker already tripped: 3 consecutive losing paper trades
2026-09-21 17:30:30,242 [WARNING] run_once: Circuit breaker already tripped: 3 consecutive losing paper trades
2026-09-21 17:35:28,596 [WARNING] run_once: Circuit breaker already tripped: 3 consecutive losing paper trades
2026-09-21 17:40:52,473 [WARNING] run_once: Circuit breaker already tripped: 3 consecutive losing paper trades
2026-09-21 17:45:28,592 [WARNING] run_once: Circuit breaker already tripped: 3 consecutive losing paper trades
2026-09-21 17:50:29,856 [WARNING] run_once: Circuit breaker already tripped: 3 consecutive losing paper trades
2026-09-21 17:55:26,689 [WARNING] run_once: Circuit breaker already tripped: 3 consecutive losing paper trades
2026-09-21 18:00:33,718 [WARNING] run_once: Circuit breaker already tripped: 3 consecutive losing paper trades
2026-09-21 18:05:28,259 [WARNING] run_once: Circuit breaker already tripped: 3 consecutive losing paper trades
2026-09-21 18:10:27,957 [WARNING] run_once: Circuit breaker already tripped: 3 consecutive losing paper trades
2026-09-21 18:15:28,669 [WARNING] run_once: Circuit breaker already tripped: 3 consecutive losing paper trades
2026-09-21 18:20:39,895 [WARNING] run_once: Circuit breaker already tripped: 3 consecutive losing paper trades
2026-09-21 18:25:26,673 [WARNING] run_once: Circuit breaker already tripped: 3 consecutive losing paper trades
2026-09-21 18:30:29,632 [WARNING] run_once: Circuit breaker already tripped: 3 consecutive losing paper trades
2026-09-21 18:35:27,895 [WARNING] run_once: Circuit breaker already tripped: 3 consecutive losing paper trades
2026-09-21 18:40:33,376 [WARNING] run_once: Circuit breaker already tripped: 3 consecutive losing paper trades
2026-09-21 18:45:26,881 [WARNING] run_once: Circuit breaker already tripped: 3 consecutive losing paper trades
2026-09-21 18:50:28,539 [WARNING] run_once: Circuit breaker already tripped: 3 consecutive losing paper trades
2026-09-21 18:55:27,181 [WARNING] run_once: Circuit breaker already tripped: 3 consecutive losing paper trades
2026-09-21 19:00:33,108 [WARNING] run_once: Circuit breaker already tripped: 3 consecutive losing paper trades
2026-09-21 19:05:25,524 [WARNING] run_once: Circuit breaker already tripped: 3 consecutive losing paper trades
2026-09-21 19:10:29,115 [WARNING] run_once: Circuit breaker already tripped: 3 consecutive losing paper trades
2026-09-21 19:15:42,446 [WARNING] run_once: Circuit breaker already tripped: 3 consecutive losing paper trades
2026-09-21 19:20:24,250 [WARNING] run_once: Circuit breaker already tripped: 3 consecutive losing paper trades
2026-09-21 19:25:24,246 [WARNING] run_once: Circuit breaker already tripped: 3 consecutive losing paper trades
2026-09-21 19:30:24,170 [WARNING] run_once: Circuit breaker already tripped: 3 consecutive losing paper trades
2026-09-21 19:35:26,810 [WARNING] run_once: Circuit breaker already tripped: 3 consecutive losing paper trades
2026-09-21 19:40:26,558 [WARNING] run_once: Circuit breaker already tripped: 3 consecutive losing paper trades
2026-09-21 19:45:28,978 [WARNING] run_once: Circuit breaker already tripped: 3 consecutive losing paper trades
2026-09-21 19:50:29,331 [WARNING] run_once: Circuit breaker already tripped: 3 consecutive losing paper trades
2026-09-21 19:55:24,723 [WARNING] run_once: Circuit breaker already tripped: 3 consecutive losing paper trades
2026-09-21 20:00:34,148 [WARNING] run_once: Circuit breaker already tripped: 3 consecutive losing paper trades
2026-09-21 20:05:27,175 [WARNING] run_once: Circuit breaker already tripped: 3 consecutive losing paper trades
2026-09-21 20:10:28,611 [WARNING] run_once: Circuit breaker already tripped: 3 consecutive losing paper trades
2026-09-21 20:15:27,530 [WARNING] run_once: Circuit breaker already tripped: 3 consecutive losing paper trades
2026-09-21 20:20:29,307 [WARNING] run_once: Circuit breaker already tripped: 3 consecutive losing paper trades
2026-09-21 20:25:25,910 [WARNING] run_once: Circuit breaker already tripped: 3 consecutive losing paper trades
2026-09-21 20:30:29,874 [WARNING] run_once: Circuit breaker already tripped: 3 consecutive losing paper trades
2026-09-21 20:35:26,474 [WARNING] run_once: Circuit breaker already tripped: 3 consecutive losing paper trades
2026-09-21 20:40:33,096 [WARNING] run_once: Circuit breaker already tripped: 3 consecutive losing paper trades
2026-09-21 20:45:34,555 [WARNING] run_once: Circuit breaker already tripped: 3 consecutive losing paper trades
2026-09-21 20:50:31,838 [WARNING] run_once: Circuit breaker already tripped: 3 consecutive losing paper trades
2026-09-21 20:55:27,967 [WARNING] run_once: Circuit breaker already tripped: 3 consecutive losing paper trades
2026-09-21 21:00:31,480 [WARNING] run_once: Circuit breaker already tripped: 3 consecutive losing paper trades
2026-09-21 21:05:41,849 [WARNING] run_once: Circuit breaker already tripped: 3 consecutive losing paper trades
2026-09-21 21:10:32,259 [WARNING] run_once: Circuit breaker already tripped: 3 consecutive losing paper trades
2026-09-21 21:15:30,853 [WARNING] run_once: Circuit breaker already tripped: 3 consecutive losing paper trades
2026-09-21 21:20:31,046 [WARNING] run_once: Circuit breaker already tripped: 3 consecutive losing paper trades
2026-09-21 21:26:00,375 [WARNING] run_once: Circuit breaker already tripped: 3 consecutive losing paper trades
2026-09-21 21:30:29,964 [WARNING] run_once: Circuit breaker already tripped: 3 consecutive losing paper trades
2026-09-21 21:35:25,777 [WARNING] run_once: Circuit breaker already tripped: 3 consecutive losing paper trades
2026-09-21 21:40:30,205 [WARNING] run_once: Circuit breaker already tripped: 3 consecutive losing paper trades
2026-09-21 21:45:28,298 [WARNING] run_once: Circuit breaker already tripped: 3 consecutive losing paper trades
2026-09-21 21:50:32,143 [WARNING] run_once: Circuit breaker already tripped: 3 consecutive losing paper trades
2026-09-21 21:55:26,197 [WARNING] run_once: Circuit breaker already tripped: 3 consecutive losing paper trades
2026-09-21 22:00:35,584 [WARNING] run_once: Circuit breaker already tripped: 3 consecutive losing paper trades
2026-09-21 22:05:23,076 [WARNING] run_once: Circuit breaker already tripped: 3 consecutive losing paper trades
2026-09-21 22:10:26,223 [WARNING] run_once: Circuit breaker already tripped: 3 consecutive losing paper trades
2026-09-21 22:15:31,772 [WARNING] run_once: Circuit breaker already tripped: 3 consecutive losing paper trades
2026-09-21 22:20:26,483 [WARNING] run_once: Circuit breaker already tripped: 3 consecutive losing paper trades
2026-09-21 22:25:29,788 [WARNING] run_once: Circuit breaker already tripped: 3 consecutive losing paper trades
2026-09-21 22:30:25,830 [WARNING] run_once: Circuit breaker already tripped: 3 consecutive losing paper trades
2026-09-21 22:36:00,901 [WARNING] run_once: Circuit breaker already tripped: 3 consecutive losing paper trades
2026-09-21 22:40:31,011 [WARNING] run_once: Circuit breaker already tripped: 3 consecutive losing paper trades
2026-09-21 22:45:29,011 [WARNING] run_once: Circuit breaker already tripped: 3 consecutive losing paper trades
2026-09-21 22:50:31,443 [WARNING] run_once: Circuit breaker already tripped: 3 consecutive losing paper trades
2026-09-21 22:55:27,799 [WARNING] run_once: Circuit breaker already tripped: 3 consecutive losing paper trades
2026-09-21 23:00:36,697 [WARNING] run_once: Circuit breaker already tripped: 3 consecutive losing paper trades
2026-09-21 23:05:28,887 [WARNING] run_once: Circuit breaker already tripped: 3 consecutive losing paper trades
2026-09-21 23:10:33,547 [WARNING] run_once: Circuit breaker already tripped: 3 consecutive losing paper trades
2026-09-21 23:20:31,343 [WARNING] run_once: Circuit breaker already tripped: 3 consecutive losing paper trades
2026-09-21 23:25:28,478 [WARNING] run_once: Circuit breaker already tripped: 3 consecutive losing paper trades
2026-09-21 23:30:30,177 [WARNING] run_once: Circuit breaker already tripped: 3 consecutive losing paper trades
2026-09-21 23:35:37,192 [WARNING] run_once: Circuit breaker already tripped: 3 consecutive losing paper trades
2026-09-21 23:40:26,710 [WARNING] run_once: Circuit breaker already tripped: 3 consecutive losing paper trades
2026-09-21 23:45:38,841 [WARNING] run_once: Circuit breaker already tripped: 3 consecutive losing paper trades
2026-09-21 23:50:32,527 [WARNING] run_once: Circuit breaker already tripped: 3 consecutive losing paper trades
2026-09-21 23:55:24,733 [WARNING] run_once: Circuit breaker already tripped: 3 consecutive losing paper trades
2026-09-22 00:00:34,336 [WARNING] run_once: Circuit breaker already tripped: 3 consecutive losing paper trades
2026-09-22 00:05:34,530 [WARNING] run_once: Circuit breaker already tripped: 3 consecutive losing paper trades
2026-09-22 00:10:28,088 [WARNING] run_once: Circuit breaker already tripped: 3 consecutive losing paper trades
2026-09-22 00:15:26,989 [WARNING] run_once: Circuit breaker already tripped: 3 consecutive losing paper trades
2026-09-22 00:20:33,442 [WARNING] run_once: Circuit breaker already tripped: 3 consecutive losing paper trades
2026-09-22 00:25:24,761 [WARNING] run_once: Circuit breaker already tripped: 3 consecutive losing paper trades
2026-09-22 00:30:28,517 [WARNING] run_once: Circuit breaker already tripped: 3 consecutive losing paper trades
2026-09-22 00:35:25,214 [WARNING] run_once: Circuit breaker already tripped: 3 consecutive losing paper trades
2026-09-22 00:40:32,599 [WARNING] run_once: Circuit breaker already tripped: 3 consecutive losing paper trades
2026-09-22 00:45:30,395 [WARNING] run_once: Circuit breaker already tripped: 3 consecutive losing paper trades
2026-09-22 00:50:26,679 [WARNING] run_once: Circuit breaker already tripped: 3 consecutive losing paper trades
2026-09-22 00:55:29,922 [WARNING] run_once: Circuit breaker already tripped: 3 consecutive losing paper trades
2026-09-22 01:00:35,438 [WARNING] run_once: Circuit breaker already tripped: 3 consecutive losing paper trades
2026-09-22 01:05:25,180 [WARNING] run_once: Circuit breaker already tripped: 3 consecutive losing paper trades
2026-09-22 01:10:31,412 [WARNING] run_once: Circuit breaker already tripped: 3 consecutive losing paper trades
2026-09-22 01:15:30,744 [WARNING] run_once: Circuit breaker already tripped: 3 consecutive losing paper trades
2026-09-22 01:20:34,275 [WARNING] run_once: Circuit breaker already tripped: 3 consecutive losing paper trades
2026-09-22 01:25:30,795 [WARNING] run_once: Circuit breaker already tripped: 3 consecutive losing paper trades
2026-09-22 01:30:42,450 [WARNING] run_once: Circuit breaker already tripped: 3 consecutive losing paper trades
2026-09-22 01:35:25,391 [WARNING] run_once: Circuit breaker already tripped: 3 consecutive losing paper trades
2026-09-22 01:40:28,931 [WARNING] run_once: Circuit breaker already tripped: 3 consecutive losing paper trades
2026-09-22 01:45:28,347 [WARNING] run_once: Circuit breaker already tripped: 3 consecutive losing paper trades
2026-09-22 01:50:30,337 [WARNING] run_once: Circuit breaker already tripped: 3 consecutive losing paper trades
2026-09-22 01:55:24,158 [WARNING] run_once: Circuit breaker already tripped: 3 consecutive losing paper trades
2026-09-22 02:00:30,955 [WARNING] run_once: Circuit breaker already tripped: 3 consecutive losing paper trades
2026-09-22 02:05:28,053 [WARNING] run_once: Circuit breaker already tripped: 3 consecutive losing paper trades
2026-09-22 02:10:29,847 [WARNING] run_once: Circuit breaker already tripped: 3 consecutive losing paper trades
2026-09-22 02:15:29,473 [WARNING] run_once: Circuit breaker already tripped: 3 consecutive losing paper trades
2026-09-22 02:20:31,364 [WARNING] run_once: Circuit breaker already tripped: 3 consecutive losing paper trades
2026-09-22 02:25:25,513 [WARNING] run_once: Circuit breaker already tripped: 3 consecutive losing paper trades
2026-09-22 02:30:33,045 [WARNING] run_once: Circuit breaker already tripped: 3 consecutive losing paper trades
2026-09-22 02:35:29,978 [WARNING] run_once: Circuit breaker already tripped: 3 consecutive losing paper trades
2026-09-22 02:45:28,024 [WARNING] run_once: Circuit breaker already tripped: 3 consecutive losing paper trades
2026-09-22 02:50:33,027 [WARNING] run_once: Circuit breaker already tripped: 3 consecutive losing paper trades
2026-09-22 02:55:28,544 [WARNING] run_once: Circuit breaker already tripped: 3 consecutive losing paper trades
2026-09-22 03:00:32,528 [WARNING] run_once: Circuit breaker already tripped: 3 consecutive losing paper trades
2026-09-22 03:05:27,029 [WARNING] run_once: Circuit breaker already tripped: 3 consecutive losing paper trades
2026-09-22 03:10:26,958 [WARNING] run_once: Circuit breaker already tripped: 3 consecutive losing paper trades
2026-09-22 03:15:44,799 [WARNING] run_once: Circuit breaker already tripped: 3 consecutive losing paper trades
2026-09-22 03:20:27,441 [WARNING] run_once: Circuit breaker already tripped: 3 consecutive losing paper trades
2026-09-22 03:25:29,904 [WARNING] run_once: Circuit breaker already tripped: 3 consecutive losing paper trades
2026-09-22 03:30:33,281 [WARNING] run_once: Circuit breaker already tripped: 3 consecutive losing paper trades
2026-09-22 03:35:28,431 [WARNING] run_once: Circuit breaker already tripped: 3 consecutive losing paper trades
2026-09-22 03:40:40,051 [WARNING] run_once: Circuit breaker already tripped: 3 consecutive losing paper trades
2026-09-22 03:45:28,218 [WARNING] run_once: Circuit breaker already tripped: 3 consecutive losing paper trades
2026-09-22 03:50:33,877 [WARNING] run_once: Circuit breaker already tripped: 3 consecutive losing paper trades
2026-09-22 03:56:05,249 [WARNING] run_once: Circuit breaker already tripped: 3 consecutive losing paper trades
2026-09-22 04:00:35,127 [WARNING] run_once: Circuit breaker already tripped: 3 consecutive losing paper trades
2026-09-22 04:05:26,635 [WARNING] run_once: Circuit breaker already tripped: 3 consecutive losing paper trades
2026-09-22 04:10:33,414 [WARNING] run_once: Circuit breaker already tripped: 3 consecutive losing paper trades
2026-09-22 04:15:29,703 [WARNING] run_once: Circuit breaker already tripped: 3 consecutive losing paper trades
2026-09-22 04:20:36,104 [WARNING] run_once: Circuit breaker already tripped: 3 consecutive losing paper trades
2026-09-22 04:25:24,766 [WARNING] run_once: Circuit breaker already tripped: 3 consecutive losing paper trades
2026-09-22 04:30:30,260 [WARNING] run_once: Circuit breaker already tripped: 3 consecutive losing paper trades
2026-09-22 04:35:25,768 [WARNING] run_once: Circuit breaker already tripped: 3 consecutive losing paper trades
2026-09-22 04:40:32,890 [WARNING] run_once: Circuit breaker already tripped: 3 consecutive losing paper trades
2026-09-22 04:45:33,817 [WARNING] run_once: Circuit breaker already tripped: 3 consecutive losing paper trades
2026-09-22 04:50:24,606 [WARNING] run_once: Circuit breaker already tripped: 3 consecutive losing paper trades
2026-09-22 04:55:25,478 [WARNING] run_once: Circuit breaker already tripped: 3 consecutive losing paper trades
2026-09-22 05:00:49,661 [WARNING] run_once: Circuit breaker already tripped: 3 consecutive losing paper trades
2026-09-22 05:05:33,479 [WARNING] run_once: Circuit breaker already tripped: 3 consecutive losing paper trades
2026-09-22 05:10:31,222 [WARNING] run_once: Circuit breaker already tripped: 3 consecutive losing paper trades
2026-09-22 05:15:29,242 [WARNING] run_once: Circuit breaker already tripped: 3 consecutive losing paper trades
2026-09-22 05:20:36,517 [WARNING] run_once: Circuit breaker already tripped: 3 consecutive losing paper trades
2026-09-22 05:25:24,777 [WARNING] run_once: Circuit breaker already tripped: 3 consecutive losing paper trades
2026-09-22 05:30:32,347 [WARNING] run_once: Circuit breaker already tripped: 3 consecutive losing paper trades
2026-09-22 05:35:28,526 [WARNING] run_once: Circuit breaker already tripped: 3 consecutive losing paper trades
2026-09-22 05:40:27,879 [WARNING] run_once: Circuit breaker already tripped: 3 consecutive losing paper trades
2026-09-22 05:45:35,184 [WARNING] run_once: Circuit breaker already tripped: 3 consecutive losing paper trades
2026-09-22 05:50:29,770 [WARNING] run_once: Circuit breaker already tripped: 3 consecutive losing paper trades
2026-09-22 05:55:27,941 [WARNING] run_once: Circuit breaker already tripped: 3 consecutive losing paper trades
2026-09-22 06:00:42,343 [WARNING] run_once: Circuit breaker already tripped: 3 consecutive losing paper trades
2026-09-22 06:05:25,417 [WARNING] run_once: Circuit breaker already tripped: 3 consecutive losing paper trades
2026-09-22 06:10:29,735 [WARNING] run_once: Circuit breaker already tripped: 3 consecutive losing paper trades
2026-09-22 06:15:43,511 [WARNING] run_once: Circuit breaker already tripped: 3 consecutive losing paper trades
2026-09-22 06:20:33,997 [WARNING] run_once: Circuit breaker already tripped: 3 consecutive losing paper trades
2026-09-22 06:25:24,145 [WARNING] run_once: Circuit breaker already tripped: 3 consecutive losing paper trades
2026-09-22 06:30:32,239 [WARNING] run_once: Circuit breaker already tripped: 3 consecutive losing paper trades
2026-09-22 06:35:30,316 [WARNING] run_once: Circuit breaker already tripped: 3 consecutive losing paper trades
2026-09-22 06:40:30,598 [WARNING] run_once: Circuit breaker already tripped: 3 consecutive losing paper trades
2026-09-22 06:45:29,427 [WARNING] run_once: Circuit breaker already tripped: 3 consecutive losing paper trades
2026-09-22 06:50:33,211 [WARNING] run_once: Circuit breaker already tripped: 3 consecutive losing paper trades
2026-09-22 06:55:25,398 [WARNING] run_once: Circuit breaker already tripped: 3 consecutive losing paper trades
2026-09-22 07:00:38,608 [WARNING] run_once: Circuit breaker already tripped: 3 consecutive losing paper trades
2026-09-22 07:05:35,863 [WARNING] run_once: Circuit breaker already tripped: 3 consecutive losing paper trades
2026-09-22 07:10:29,678 [WARNING] run_once: Circuit breaker already tripped: 3 consecutive losing paper trades
2026-09-22 07:15:31,589 [WARNING] run_once: Circuit breaker already tripped: 3 consecutive losing paper trades
2026-09-22 07:20:32,346 [WARNING] run_once: Circuit breaker already tripped: 3 consecutive losing paper trades
2026-09-22 07:25:26,672 [WARNING] run_once: Circuit breaker already tripped: 3 consecutive losing paper trades
2026-09-22 07:30:35,653 [WARNING] run_once: Circuit breaker already tripped: 3 consecutive losing paper trades
2026-09-22 07:35:26,296 [WARNING] run_once: Circuit breaker already tripped: 3 consecutive losing paper trades
2026-09-22 07:40:30,831 [WARNING] run_once: Circuit breaker already tripped: 3 consecutive losing paper trades
2026-09-22 07:45:31,569 [WARNING] run_once: Circuit breaker already tripped: 3 consecutive losing paper trades
2026-09-22 07:50:37,120 [WARNING] run_once: Circuit breaker already tripped: 3 consecutive losing paper trades
2026-09-22 07:55:33,217 [WARNING] run_once: Circuit breaker already tripped: 3 consecutive losing paper trades
2026-09-22 08:00:32,973 [WARNING] run_once: Circuit breaker already tripped: 3 consecutive losing paper trades
2026-09-22 08:06:04,298 [WARNING] run_once: Circuit breaker already tripped: 3 consecutive losing paper trades
2026-09-22 08:10:23,426 [WARNING] run_once: Circuit breaker already tripped: 3 consecutive losing paper trades
2026-09-22 08:15:27,705 [WARNING] run_once: Circuit breaker already tripped: 3 consecutive losing paper trades
2026-09-22 08:20:22,893 [WARNING] run_once: Circuit breaker already tripped: 3 consecutive losing paper trades
2026-09-22 08:25:27,173 [WARNING] run_once: Circuit breaker already tripped: 3 consecutive losing paper trades
2026-09-22 08:30:30,216 [WARNING] run_once: Circuit breaker already tripped: 3 consecutive losing paper trades
2026-09-22 08:35:27,865 [WARNING] run_once: Circuit breaker already tripped: 3 consecutive losing paper trades
2026-09-22 08:40:38,686 [WARNING] run_once: Circuit breaker already tripped: 3 consecutive losing paper trades
2026-09-22 08:45:31,636 [WARNING] run_once: Circuit breaker already tripped: 3 consecutive losing paper trades
2026-09-22 08:50:33,776 [WARNING] run_once: Circuit breaker already tripped: 3 consecutive losing paper trades
2026-09-22 08:55:25,638 [WARNING] run_once: Circuit breaker already tripped: 3 consecutive losing paper trades
2026-09-22 09:00:30,898 [WARNING] run_once: Circuit breaker already tripped: 3 consecutive losing paper trades
2026-09-22 09:05:28,633 [WARNING] run_once: Circuit breaker already tripped: 3 consecutive losing paper trades
2026-09-22 09:10:32,650 [WARNING] run_once: Circuit breaker already tripped: 3 consecutive losing paper trades
2026-09-22 09:15:31,874 [WARNING] run_once: Circuit breaker already tripped: 3 consecutive losing paper trades
2026-09-22 09:20:25,996 [WARNING] run_once: Circuit breaker already tripped: 3 consecutive losing paper trades
2026-09-22 09:25:26,960 [WARNING] run_once: Circuit breaker already tripped: 3 consecutive losing paper trades
2026-09-22 09:30:33,698 [WARNING] run_once: Circuit breaker already tripped: 3 consecutive losing paper trades
2026-09-22 09:35:30,948 [WARNING] run_once: Circuit breaker already tripped: 3 consecutive losing paper trades
2026-09-22 09:40:26,995 [WARNING] run_once: Circuit breaker already tripped: 3 consecutive losing paper trades
2026-09-22 09:45:36,534 [WARNING] run_once: Circuit breaker already tripped: 3 consecutive losing paper trades
2026-09-22 09:50:27,855 [WARNING] run_once: Circuit breaker already tripped: 3 consecutive losing paper trades
2026-09-22 09:55:30,313 [WARNING] run_once: Circuit breaker already tripped: 3 consecutive losing paper trades
2026-09-22 10:00:34,450 [WARNING] run_once: Circuit breaker already tripped: 3 consecutive losing paper trades
2026-09-22 10:05:27,206 [WARNING] run_once: Circuit breaker already tripped: 3 consecutive losing paper trades
2026-09-22 10:10:28,644 [WARNING] run_once: Circuit breaker already tripped: 3 consecutive losing paper trades
2026-09-22 10:15:41,063 [WARNING] run_once: Circuit breaker already tripped: 3 consecutive losing paper trades
2026-09-22 10:20:28,150 [WARNING] run_once: Circuit breaker already tripped: 3 consecutive losing paper trades
2026-09-22 10:25:28,550 [WARNING] run_once: Circuit breaker already tripped: 3 consecutive losing paper trades
2026-09-22 10:30:36,032 [WARNING] run_once: Circuit breaker already tripped: 3 consecutive losing paper trades
2026-09-22 10:35:30,092 [WARNING] run_once: Circuit breaker already tripped: 3 consecutive losing paper trades
2026-09-22 10:40:24,836 [WARNING] run_once: Circuit breaker already tripped: 3 consecutive losing paper trades
2026-09-22 10:45:26,517 [WARNING] run_once: Circuit breaker already tripped: 3 consecutive losing paper trades
2026-09-22 10:50:30,640 [WARNING] run_once: Circuit breaker already tripped: 3 consecutive losing paper trades
2026-09-22 10:55:28,937 [WARNING] run_once: Circuit breaker already tripped: 3 consecutive losing paper trades
2026-09-22 11:00:30,610 [WARNING] run_once: Circuit breaker already tripped: 3 consecutive losing paper trades
2026-09-22 11:05:27,937 [WARNING] run_once: Circuit breaker already tripped: 3 consecutive losing paper trades
2026-09-22 11:10:31,631 [WARNING] run_once: Circuit breaker already tripped: 3 consecutive losing paper trades
2026-09-22 11:15:29,716 [WARNING] run_once: Circuit breaker already tripped: 3 consecutive losing paper trades
2026-09-22 11:20:41,390 [WARNING] run_once: Circuit breaker already tripped: 3 consecutive losing paper trades
2026-09-22 11:25:24,775 [WARNING] run_once: Circuit breaker already tripped: 3 consecutive losing paper trades
2026-09-22 11:30:34,248 [WARNING] run_once: Circuit breaker already tripped: 3 consecutive losing paper trades
2026-09-22 11:35:33,644 [WARNING] run_once: Circuit breaker already tripped: 3 consecutive losing paper trades
2026-09-22 11:40:38,740 [WARNING] run_once: Circuit breaker already tripped: 3 consecutive losing paper trades
2026-09-22 11:45:34,000 [WARNING] run_once: Circuit breaker already tripped: 3 consecutive losing paper trades
2026-09-22 11:51:05,243 [WARNING] run_once: Circuit breaker already tripped: 3 consecutive losing paper trades
2026-09-22 11:55:26,983 [WARNING] run_once: Circuit breaker already tripped: 3 consecutive losing paper trades
2026-09-22 12:00:43,822 [WARNING] run_once: Circuit breaker already tripped: 3 consecutive losing paper trades
2026-09-22 12:05:25,993 [WARNING] run_once: Circuit breaker already tripped: 3 consecutive losing paper trades
2026-09-22 12:10:36,740 [WARNING] run_once: Circuit breaker already tripped: 3 consecutive losing paper trades
2026-09-22 12:15:30,531 [WARNING] run_once: Circuit breaker already tripped: 3 consecutive losing paper trades
2026-09-22 12:20:44,169 [WARNING] run_once: Circuit breaker already tripped: 3 consecutive losing paper trades
2026-09-22 12:25:26,037 [WARNING] run_once: Circuit breaker already tripped: 3 consecutive losing paper trades
2026-09-22 12:30:37,971 [WARNING] run_once: Circuit breaker already tripped: 3 consecutive losing paper trades
2026-09-22 12:35:23,035 [WARNING] run_once: Circuit breaker already tripped: 3 consecutive losing paper trades
2026-09-22 12:40:30,781 [WARNING] run_once: Circuit breaker already tripped: 3 consecutive losing paper trades
2026-09-22 12:45:37,345 [WARNING] run_once: Circuit breaker already tripped: 3 consecutive losing paper trades
2026-09-22 12:50:32,065 [WARNING] run_once: Circuit breaker already tripped: 3 consecutive losing paper trades
2026-09-22 12:55:34,216 [WARNING] run_once: Circuit breaker already tripped: 3 consecutive losing paper trades
2026-09-22 13:00:32,027 [WARNING] run_once: Circuit breaker already tripped: 3 consecutive losing paper trades
2026-09-22 13:05:37,020 [WARNING] run_once: Circuit breaker already tripped: 3 consecutive losing paper trades
2026-09-22 13:10:31,295 [WARNING] run_once: Circuit breaker already tripped: 3 consecutive losing paper trades
2026-09-22 13:15:34,991 [WARNING] run_once: Circuit breaker already tripped: 3 consecutive losing paper trades
2026-09-22 13:20:31,100 [WARNING] run_once: Circuit breaker already tripped: 3 consecutive losing paper trades
2026-09-22 13:25:27,888 [WARNING] run_once: Circuit breaker already tripped: 3 consecutive losing paper trades
2026-09-22 13:30:41,879 [WARNING] run_once: Circuit breaker already tripped: 3 consecutive losing paper trades
2026-09-22 13:35:30,739 [WARNING] run_once: Circuit breaker already tripped: 3 consecutive losing paper trades
2026-09-22 13:40:27,357 [WARNING] run_once: Circuit breaker already tripped: 3 consecutive losing paper trades
2026-09-22 13:45:31,026 [WARNING] run_once: Circuit breaker already tripped: 3 consecutive losing paper trades
2026-09-22 13:51:16,214 [WARNING] run_once: Circuit breaker already tripped: 3 consecutive losing paper trades
2026-09-22 13:55:33,970 [WARNING] run_once: Circuit breaker already tripped: 3 consecutive losing paper trades
2026-09-22 14:00:35,429 [WARNING] run_once: Circuit breaker already tripped: 3 consecutive losing paper trades
2026-09-22 14:05:26,754 [WARNING] run_once: Circuit breaker already tripped: 3 consecutive losing paper trades
2026-09-22 14:10:28,806 [WARNING] run_once: Circuit breaker already tripped: 3 consecutive losing paper trades
2026-09-22 14:15:30,716 [WARNING] run_once: Circuit breaker already tripped: 3 consecutive losing paper trades
2026-09-22 14:20:29,216 [WARNING] run_once: Circuit breaker already tripped: 3 consecutive losing paper trades
2026-09-22 14:25:27,140 [WARNING] run_once: Circuit breaker already tripped: 3 consecutive losing paper trades
2026-09-22 14:30:33,605 [WARNING] run_once: Circuit breaker already tripped: 3 consecutive losing paper trades
2026-09-22 14:35:32,448 [WARNING] run_once: Circuit breaker already tripped: 3 consecutive losing paper trades
2026-09-22 14:40:32,074 [WARNING] run_once: Circuit breaker already tripped: 3 consecutive losing paper trades
2026-09-22 14:45:31,749 [WARNING] run_once: Circuit breaker already tripped: 3 consecutive losing paper trades
2026-09-22 14:50:31,624 [WARNING] run_once: Circuit breaker already tripped: 3 consecutive losing paper trades
2026-09-22 14:55:32,015 [WARNING] run_once: Circuit breaker already tripped: 3 consecutive losing paper trades
2026-09-22 15:00:37,839 [WARNING] run_once: Circuit breaker already tripped: 3 consecutive losing paper trades
2026-09-22 15:05:31,296 [WARNING] run_once: Circuit breaker already tripped: 3 consecutive losing paper trades
2026-09-22 15:10:30,717 [WARNING] run_once: Circuit breaker already tripped: 3 consecutive losing paper trades
2026-09-22 15:15:45,413 [WARNING] run_once: Circuit breaker already tripped: 3 consecutive losing paper trades
2026-09-22 15:20:31,735 [WARNING] run_once: Circuit breaker already tripped: 3 consecutive losing paper trades
2026-09-22 15:25:33,158 [WARNING] run_once: Circuit breaker already tripped: 3 consecutive losing paper trades
2026-09-22 15:30:33,904 [WARNING] run_once: Circuit breaker already tripped: 3 consecutive losing paper trades
2026-09-22 15:35:29,849 [WARNING] run_once: Circuit breaker already tripped: 3 consecutive losing paper trades
2026-09-22 15:40:32,739 [WARNING] run_once: Circuit breaker already tripped: 3 consecutive losing paper trades
2026-09-22 15:45:30,817 [WARNING] run_once: Circuit breaker already tripped: 3 consecutive losing paper trades
2026-09-22 15:50:29,562 [WARNING] run_once: Circuit breaker already tripped: 3 consecutive losing paper trades
2026-09-22 15:55:32,825 [WARNING] run_once: Circuit breaker already tripped: 3 consecutive losing paper trades
2026-09-22 16:01:12,969 [WARNING] run_once: Circuit breaker already tripped: 3 consecutive losing paper trades
2026-09-22 16:05:25,315 [WARNING] run_once: Circuit breaker already tripped: 3 consecutive losing paper trades
2026-09-22 16:10:30,193 [WARNING] run_once: Circuit breaker already tripped: 3 consecutive losing paper trades
2026-09-22 16:15:31,735 [WARNING] run_once: Circuit breaker already tripped: 3 consecutive losing paper trades
2026-09-22 16:20:32,881 [WARNING] run_once: Circuit breaker already tripped: 3 consecutive losing paper trades
2026-09-22 16:25:30,519 [WARNING] run_once: Circuit breaker already tripped: 3 consecutive losing paper trades
2026-09-22 16:30:30,825 [WARNING] run_once: Circuit breaker already tripped: 3 consecutive losing paper trades
2026-09-22 16:35:26,280 [WARNING] run_once: Circuit breaker already tripped: 3 consecutive losing paper trades
2026-09-22 16:40:39,943 [WARNING] run_once: Circuit breaker already tripped: 3 consecutive losing paper trades
2026-09-22 16:45:28,642 [WARNING] run_once: Circuit breaker already tripped: 3 consecutive losing paper trades
2026-09-22 16:50:27,911 [WARNING] run_once: Circuit breaker already tripped: 3 consecutive losing paper trades
2026-09-22 16:56:02,258 [WARNING] run_once: Circuit breaker already tripped: 3 consecutive losing paper trades
2026-09-22 17:00:35,211 [WARNING] run_once: Circuit breaker already tripped: 3 consecutive losing paper trades
2026-09-22 17:05:31,451 [WARNING] run_once: Circuit breaker already tripped: 3 consecutive losing paper trades
2026-09-22 17:10:28,809 [WARNING] run_once: Circuit breaker already tripped: 3 consecutive losing paper trades
2026-09-22 17:15:29,584 [WARNING] run_once: Circuit breaker already tripped: 3 consecutive losing paper trades
2026-09-22 17:20:25,538 [WARNING] run_once: Circuit breaker already tripped: 3 consecutive losing paper trades
2026-09-22 17:25:32,249 [WARNING] run_once: Circuit breaker already tripped: 3 consecutive losing paper trades
2026-09-22 17:30:32,131 [WARNING] run_once: Circuit breaker already tripped: 3 consecutive losing paper trades
2026-09-22 17:35:29,361 [WARNING] run_once: Circuit breaker already tripped: 3 consecutive losing paper trades
2026-09-22 17:40:30,166 [WARNING] run_once: Circuit breaker already tripped: 3 consecutive losing paper trades
2026-09-22 17:45:28,591 [WARNING] run_once: Circuit breaker already tripped: 3 consecutive losing paper trades
2026-09-22 17:50:30,020 [WARNING] run_once: Circuit breaker already tripped: 3 consecutive losing paper trades
2026-09-22 17:55:31,567 [WARNING] run_once: Circuit breaker already tripped: 3 consecutive losing paper trades
2026-09-22 18:00:32,805 [WARNING] run_once: Circuit breaker already tripped: 3 consecutive losing paper trades
2026-09-22 18:05:25,775 [WARNING] run_once: Circuit breaker already tripped: 3 consecutive losing paper trades
2026-09-22 18:10:34,669 [WARNING] run_once: Circuit breaker already tripped: 3 consecutive losing paper trades
2026-09-22 18:15:29,966 [WARNING] run_once: Circuit breaker already tripped: 3 consecutive losing paper trades
2026-09-22 18:20:32,845 [WARNING] run_once: Circuit breaker already tripped: 3 consecutive losing paper trades
2026-09-22 18:25:26,341 [WARNING] run_once: Circuit breaker already tripped: 3 consecutive losing paper trades
2026-09-22 18:30:51,246 [WARNING] run_once: Circuit breaker already tripped: 3 consecutive losing paper trades
2026-09-22 18:35:25,529 [WARNING] run_once: Circuit breaker already tripped: 3 consecutive losing paper trades
2026-09-22 18:40:31,246 [WARNING] run_once: Circuit breaker already tripped: 3 consecutive losing paper trades
2026-09-22 18:45:27,572 [WARNING] run_once: Circuit breaker already tripped: 3 consecutive losing paper trades
2026-09-22 18:50:30,533 [WARNING] run_once: Circuit breaker already tripped: 3 consecutive losing paper trades
2026-09-22 18:55:32,931 [WARNING] run_once: Circuit breaker already tripped: 3 consecutive losing paper trades
2026-09-22 19:00:36,973 [WARNING] run_once: Circuit breaker already tripped: 3 consecutive losing paper trades
2026-09-22 19:05:27,753 [WARNING] run_once: Circuit breaker already tripped: 3 consecutive losing paper trades
2026-09-22 19:10:29,584 [WARNING] run_once: Circuit breaker already tripped: 3 consecutive losing paper trades
2026-09-22 19:15:38,623 [WARNING] run_once: Circuit breaker already tripped: 3 consecutive losing paper trades
2026-09-22 19:20:31,524 [WARNING] run_once: Circuit breaker already tripped: 3 consecutive losing paper trades
2026-09-22 19:25:25,252 [WARNING] run_once: Circuit breaker already tripped: 3 consecutive losing paper trades
2026-09-22 19:30:37,126 [WARNING] run_once: Circuit breaker already tripped: 3 consecutive losing paper trades
2026-09-22 19:36:57,598 [WARNING] run_once: Circuit breaker already tripped: 3 consecutive losing paper trades
2026-09-22 19:40:28,327 [WARNING] run_once: Circuit breaker already tripped: 3 consecutive losing paper trades
2026-09-22 19:45:32,520 [WARNING] run_once: Circuit breaker already tripped: 3 consecutive losing paper trades
2026-09-22 19:50:29,253 [WARNING] run_once: Circuit breaker already tripped: 3 consecutive losing paper trades
2026-09-22 19:55:25,958 [WARNING] run_once: Circuit breaker already tripped: 3 consecutive losing paper trades
2026-09-22 20:00:32,988 [WARNING] run_once: Circuit breaker already tripped: 3 consecutive losing paper trades
2026-09-22 20:05:25,834 [WARNING] run_once: Circuit breaker already tripped: 3 consecutive losing paper trades
2026-09-22 20:10:28,590 [WARNING] run_once: Circuit breaker already tripped: 3 consecutive losing paper trades
2026-09-22 20:15:32,656 [WARNING] run_once: Circuit breaker already tripped: 3 consecutive losing paper trades
2026-09-22 20:20:31,668 [WARNING] run_once: Circuit breaker already tripped: 3 consecutive losing paper trades
2026-09-22 20:25:35,010 [WARNING] run_once: Circuit breaker already tripped: 3 consecutive losing paper trades
2026-09-22 20:30:34,065 [WARNING] run_once: Circuit breaker already tripped: 3 consecutive losing paper trades
2026-09-22 20:35:27,061 [WARNING] run_once: Circuit breaker already tripped: 3 consecutive losing paper trades
2026-09-22 20:40:28,453 [WARNING] run_once: Circuit breaker already tripped: 3 consecutive losing paper trades
2026-09-22 20:45:30,948 [WARNING] run_once: Circuit breaker already tripped: 3 consecutive losing paper trades
2026-09-22 20:50:26,201 [WARNING] run_once: Circuit breaker already tripped: 3 consecutive losing paper trades
2026-09-22 20:55:24,173 [WARNING] run_once: Circuit breaker already tripped: 3 consecutive losing paper trades
2026-09-22 21:00:32,597 [WARNING] run_once: Circuit breaker already tripped: 3 consecutive losing paper trades
2026-09-22 21:05:26,564 [WARNING] run_once: Circuit breaker already tripped: 3 consecutive losing paper trades
2026-09-22 21:10:29,871 [WARNING] run_once: Circuit breaker already tripped: 3 consecutive losing paper trades
2026-09-22 21:15:31,021 [WARNING] run_once: Circuit breaker already tripped: 3 consecutive losing paper trades
2026-09-22 21:20:32,874 [WARNING] run_once: Circuit breaker already tripped: 3 consecutive losing paper trades
2026-09-22 21:25:28,534 [WARNING] run_once: Circuit breaker already tripped: 3 consecutive losing paper trades
2026-09-22 21:30:33,072 [WARNING] run_once: Circuit breaker already tripped: 3 consecutive losing paper trades
2026-09-22 21:35:28,118 [WARNING] run_once: Circuit breaker already tripped: 3 consecutive losing paper trades
2026-09-22 21:40:30,831 [WARNING] run_once: Circuit breaker already tripped: 3 consecutive losing paper trades
2026-09-22 21:45:30,810 [WARNING] run_once: Circuit breaker already tripped: 3 consecutive losing paper trades
2026-09-22 21:50:34,695 [WARNING] run_once: Circuit breaker already tripped: 3 consecutive losing paper trades
2026-09-22 21:55:27,499 [WARNING] run_once: Circuit breaker already tripped: 3 consecutive losing paper trades
2026-09-22 22:00:32,580 [WARNING] run_once: Circuit breaker already tripped: 3 consecutive losing paper trades
2026-09-22 22:05:27,494 [WARNING] run_once: Circuit breaker already tripped: 3 consecutive losing paper trades
2026-09-22 22:10:29,135 [WARNING] run_once: Circuit breaker already tripped: 3 consecutive losing paper trades
2026-09-22 22:15:29,515 [WARNING] run_once: Circuit breaker already tripped: 3 consecutive losing paper trades
2026-09-22 22:20:31,503 [WARNING] run_once: Circuit breaker already tripped: 3 consecutive losing paper trades
2026-09-22 22:25:28,563 [WARNING] run_once: Circuit breaker already tripped: 3 consecutive losing paper trades
2026-09-22 22:30:28,113 [WARNING] run_once: Circuit breaker already tripped: 3 consecutive losing paper trades
2026-09-22 22:35:27,228 [WARNING] run_once: Circuit breaker already tripped: 3 consecutive losing paper trades
2026-09-22 22:41:03,131 [WARNING] run_once: Circuit breaker already tripped: 3 consecutive losing paper trades
2026-09-22 22:45:28,875 [WARNING] run_once: Circuit breaker already tripped: 3 consecutive losing paper trades
2026-09-22 22:50:34,723 [WARNING] run_once: Circuit breaker already tripped: 3 consecutive losing paper trades
2026-09-22 22:55:23,877 [WARNING] run_once: Circuit breaker already tripped: 3 consecutive losing paper trades
2026-09-22 23:00:36,163 [WARNING] run_once: Circuit breaker already tripped: 3 consecutive losing paper trades
2026-09-22 23:05:28,735 [WARNING] run_once: Circuit breaker already tripped: 3 consecutive losing paper trades
2026-09-22 23:10:35,172 [WARNING] run_once: Circuit breaker already tripped: 3 consecutive losing paper trades
2026-09-22 23:15:32,003 [WARNING] run_once: Circuit breaker already tripped: 3 consecutive losing paper trades
2026-09-22 23:20:27,596 [WARNING] run_once: Circuit breaker already tripped: 3 consecutive losing paper trades
2026-09-22 23:25:27,792 [WARNING] run_once: Circuit breaker already tripped: 3 consecutive losing paper trades
2026-09-22 23:30:30,778 [WARNING] run_once: Circuit breaker already tripped: 3 consecutive losing paper trades
2026-09-22 23:35:23,979 [WARNING] run_once: Circuit breaker already tripped: 3 consecutive losing paper trades
2026-09-22 23:40:28,402 [WARNING] run_once: Circuit breaker already tripped: 3 consecutive losing paper trades
2026-09-22 23:45:28,434 [WARNING] run_once: Circuit breaker already tripped: 3 consecutive losing paper trades
2026-09-22 23:50:34,565 [WARNING] run_once: Circuit breaker already tripped: 3 consecutive losing paper trades
2026-09-22 23:55:26,474 [WARNING] run_once: Circuit breaker already tripped: 3 consecutive losing paper trades
2026-09-23 00:00:34,429 [WARNING] run_once: Circuit breaker already tripped: 3 consecutive losing paper trades
2026-09-23 00:05:27,811 [WARNING] run_once: Circuit breaker already tripped: 3 consecutive losing paper trades
2026-09-23 00:10:36,119 [WARNING] run_once: Circuit breaker already tripped: 3 consecutive losing paper trades
2026-09-23 00:15:32,339 [WARNING] run_once: Circuit breaker already tripped: 3 consecutive losing paper trades
2026-09-23 00:21:03,873 [WARNING] run_once: Circuit breaker already tripped: 3 consecutive losing paper trades
2026-09-23 00:25:23,981 [WARNING] run_once: Circuit breaker already tripped: 3 consecutive losing paper trades
2026-09-23 00:30:28,311 [WARNING] run_once: Circuit breaker already tripped: 3 consecutive losing paper trades
2026-09-23 00:35:27,748 [WARNING] run_once: Circuit breaker already tripped: 3 consecutive losing paper trades
2026-09-23 00:40:27,859 [WARNING] run_once: Circuit breaker already tripped: 3 consecutive losing paper trades
2026-09-23 00:45:30,206 [WARNING] run_once: Circuit breaker already tripped: 3 consecutive losing paper trades
2026-09-23 00:50:30,493 [WARNING] run_once: Circuit breaker already tripped: 3 consecutive losing paper trades
2026-09-23 00:55:26,144 [WARNING] run_once: Circuit breaker already tripped: 3 consecutive losing paper trades
2026-09-23 01:00:35,044 [WARNING] run_once: Circuit breaker already tripped: 3 consecutive losing paper trades
2026-09-23 01:05:27,048 [WARNING] run_once: Circuit breaker already tripped: 3 consecutive losing paper trades
2026-09-23 01:10:29,133 [WARNING] run_once: Circuit breaker already tripped: 3 consecutive losing paper trades
2026-09-23 01:15:29,098 [WARNING] run_once: Circuit breaker already tripped: 3 consecutive losing paper trades
2026-09-23 01:20:25,718 [WARNING] run_once: Circuit breaker already tripped: 3 consecutive losing paper trades
2026-09-23 01:25:25,088 [WARNING] run_once: Circuit breaker already tripped: 3 consecutive losing paper trades
2026-09-23 01:30:29,032 [WARNING] run_once: Circuit breaker already tripped: 3 consecutive losing paper trades
2026-09-23 01:35:27,538 [WARNING] run_once: Circuit breaker already tripped: 3 consecutive losing paper trades
2026-09-23 01:40:31,754 [WARNING] run_once: Circuit breaker already tripped: 3 consecutive losing paper trades
2026-09-23 01:45:31,564 [WARNING] run_once: Circuit breaker already tripped: 3 consecutive losing paper trades
2026-09-23 01:50:29,228 [WARNING] run_once: Circuit breaker already tripped: 3 consecutive losing paper trades
2026-09-23 01:55:27,414 [WARNING] run_once: Circuit breaker already tripped: 3 consecutive losing paper trades
2026-09-23 02:00:32,156 [WARNING] run_once: Circuit breaker already tripped: 3 consecutive losing paper trades
2026-09-23 02:05:25,876 [WARNING] run_once: Circuit breaker already tripped: 3 consecutive losing paper trades
2026-09-23 02:10:29,813 [WARNING] run_once: Circuit breaker already tripped: 3 consecutive losing paper trades
2026-09-23 02:15:27,077 [WARNING] run_once: Circuit breaker already tripped: 3 consecutive losing paper trades
2026-09-23 02:20:34,895 [WARNING] run_once: Circuit breaker already tripped: 3 consecutive losing paper trades
2026-09-23 02:25:31,263 [WARNING] run_once: Circuit breaker already tripped: 3 consecutive losing paper trades
2026-09-23 02:30:39,960 [WARNING] run_once: Circuit breaker already tripped: 3 consecutive losing paper trades
2026-09-23 02:35:27,659 [WARNING] run_once: Circuit breaker already tripped: 3 consecutive losing paper trades
2026-09-23 02:40:28,074 [WARNING] run_once: Circuit breaker already tripped: 3 consecutive losing paper trades
2026-09-23 02:45:26,844 [WARNING] run_once: Circuit breaker already tripped: 3 consecutive losing paper trades
2026-09-23 02:50:29,351 [WARNING] run_once: Circuit breaker already tripped: 3 consecutive losing paper trades
2026-09-23 02:55:26,782 [WARNING] run_once: Circuit breaker already tripped: 3 consecutive losing paper trades
2026-09-23 03:00:31,154 [WARNING] run_once: Circuit breaker already tripped: 3 consecutive losing paper trades
2026-09-23 03:05:31,893 [WARNING] run_once: Circuit breaker already tripped: 3 consecutive losing paper trades
2026-09-23 03:10:34,125 [WARNING] run_once: Circuit breaker already tripped: 3 consecutive losing paper trades
2026-09-23 03:15:27,606 [WARNING] run_once: Circuit breaker already tripped: 3 consecutive losing paper trades
2026-09-23 03:20:30,913 [WARNING] run_once: Circuit breaker already tripped: 3 consecutive losing paper trades
2026-09-23 03:25:29,122 [WARNING] run_once: Circuit breaker already tripped: 3 consecutive losing paper trades
2026-09-23 03:31:04,886 [WARNING] run_once: Circuit breaker already tripped: 3 consecutive losing paper trades
2026-09-23 03:35:26,073 [WARNING] run_once: Circuit breaker already tripped: 3 consecutive losing paper trades
2026-09-23 03:40:30,806 [WARNING] run_once: Circuit breaker already tripped: 3 consecutive losing paper trades
2026-09-23 03:45:36,172 [WARNING] run_once: Circuit breaker already tripped: 3 consecutive losing paper trades
2026-09-23 03:50:29,844 [WARNING] run_once: Circuit breaker already tripped: 3 consecutive losing paper trades
2026-09-23 03:55:26,579 [WARNING] run_once: Circuit breaker already tripped: 3 consecutive losing paper trades
2026-09-23 04:00:35,366 [WARNING] run_once: Circuit breaker already tripped: 3 consecutive losing paper trades
2026-09-23 04:05:30,047 [WARNING] run_once: Circuit breaker already tripped: 3 consecutive losing paper trades
2026-09-23 04:10:40,823 [WARNING] run_once: Circuit breaker already tripped: 3 consecutive losing paper trades
2026-09-23 04:15:27,352 [WARNING] run_once: Circuit breaker already tripped: 3 consecutive losing paper trades
2026-09-23 04:20:32,565 [WARNING] run_once: Circuit breaker already tripped: 3 consecutive losing paper trades
2026-09-23 04:26:02,964 [WARNING] run_once: Circuit breaker already tripped: 3 consecutive losing paper trades
2026-09-23 04:30:32,282 [WARNING] run_once: Circuit breaker already tripped: 3 consecutive losing paper trades
2026-09-23 04:35:25,324 [WARNING] run_once: Circuit breaker already tripped: 3 consecutive losing paper trades
2026-09-23 04:40:29,176 [WARNING] run_once: Circuit breaker already tripped: 3 consecutive losing paper trades
2026-09-23 04:45:30,543 [WARNING] run_once: Circuit breaker already tripped: 3 consecutive losing paper trades
2026-09-23 04:50:29,073 [WARNING] run_once: Circuit breaker already tripped: 3 consecutive losing paper trades
2026-09-23 04:55:25,672 [WARNING] run_once: Circuit breaker already tripped: 3 consecutive losing paper trades
2026-09-23 05:00:32,366 [WARNING] run_once: Circuit breaker already tripped: 3 consecutive losing paper trades
2026-09-23 05:05:26,240 [WARNING] run_once: Circuit breaker already tripped: 3 consecutive losing paper trades
2026-09-23 05:10:27,438 [WARNING] run_once: Circuit breaker already tripped: 3 consecutive losing paper trades
2026-09-23 05:15:27,089 [WARNING] run_once: Circuit breaker already tripped: 3 consecutive losing paper trades
2026-09-23 05:20:28,051 [WARNING] run_once: Circuit breaker already tripped: 3 consecutive losing paper trades
2026-09-23 05:25:25,229 [WARNING] run_once: Circuit breaker already tripped: 3 consecutive losing paper trades
2026-09-23 05:30:30,604 [WARNING] run_once: Circuit breaker already tripped: 3 consecutive losing paper trades
2026-09-23 05:35:31,033 [WARNING] run_once: Circuit breaker already tripped: 3 consecutive losing paper trades
2026-09-23 05:40:23,573 [WARNING] run_once: Circuit breaker already tripped: 3 consecutive losing paper trades
2026-09-23 05:45:27,964 [WARNING] run_once: Circuit breaker already tripped: 3 consecutive losing paper trades
2026-09-23 05:50:31,643 [WARNING] run_once: Circuit breaker already tripped: 3 consecutive losing paper trades
2026-09-23 05:55:25,605 [WARNING] run_once: Circuit breaker already tripped: 3 consecutive losing paper trades
2026-09-23 06:00:34,789 [WARNING] run_once: Circuit breaker already tripped: 3 consecutive losing paper trades
2026-09-23 06:05:27,161 [WARNING] run_once: Circuit breaker already tripped: 3 consecutive losing paper trades
2026-09-23 06:10:29,567 [WARNING] run_once: Circuit breaker already tripped: 3 consecutive losing paper trades
2026-09-23 06:15:31,299 [WARNING] run_once: Circuit breaker already tripped: 3 consecutive losing paper trades
2026-09-23 06:20:29,825 [WARNING] run_once: Circuit breaker already tripped: 3 consecutive losing paper trades
2026-09-23 06:25:23,873 [WARNING] run_once: Circuit breaker already tripped: 3 consecutive losing paper trades
2026-09-23 06:30:33,528 [WARNING] run_once: Circuit breaker already tripped: 3 consecutive losing paper trades
2026-09-23 06:35:26,722 [WARNING] run_once: Circuit breaker already tripped: 3 consecutive losing paper trades
2026-09-23 06:40:28,626 [WARNING] run_once: Circuit breaker already tripped: 3 consecutive losing paper trades
2026-09-23 06:45:33,895 [WARNING] run_once: Circuit breaker already tripped: 3 consecutive losing paper trades
2026-09-23 06:50:28,749 [WARNING] run_once: Circuit breaker already tripped: 3 consecutive losing paper trades
2026-09-23 06:55:27,541 [WARNING] run_once: Circuit breaker already tripped: 3 consecutive losing paper trades
2026-09-23 07:00:35,576 [WARNING] run_once: Circuit breaker already tripped: 3 consecutive losing paper trades
2026-09-23 07:05:26,109 [WARNING] run_once: Circuit breaker already tripped: 3 consecutive losing paper trades
2026-09-23 07:10:28,785 [WARNING] run_once: Circuit breaker already tripped: 3 consecutive losing paper trades
2026-09-23 07:15:28,329 [WARNING] run_once: Circuit breaker already tripped: 3 consecutive losing paper trades
2026-09-23 07:20:32,345 [WARNING] run_once: Circuit breaker already tripped: 3 consecutive losing paper trades
2026-09-23 07:25:25,113 [WARNING] run_once: Circuit breaker already tripped: 3 consecutive losing paper trades
2026-09-23 07:30:25,780 [WARNING] run_once: Circuit breaker already tripped: 3 consecutive losing paper trades
2026-09-23 07:35:28,430 [WARNING] run_once: Circuit breaker already tripped: 3 consecutive losing paper trades
2026-09-23 07:40:27,821 [WARNING] run_once: Circuit breaker already tripped: 3 consecutive losing paper trades
2026-09-23 07:45:26,868 [WARNING] run_once: Circuit breaker already tripped: 3 consecutive losing paper trades
2026-09-23 07:50:32,252 [WARNING] run_once: Circuit breaker already tripped: 3 consecutive losing paper trades
2026-09-23 07:55:33,866 [WARNING] run_once: Circuit breaker already tripped: 3 consecutive losing paper trades
2026-09-23 08:00:35,586 [WARNING] run_once: Circuit breaker already tripped: 3 consecutive losing paper trades
2026-09-23 08:05:39,178 [WARNING] run_once: Circuit breaker already tripped: 3 consecutive losing paper trades
2026-09-23 08:10:29,213 [WARNING] run_once: Circuit breaker already tripped: 3 consecutive losing paper trades
2026-09-23 08:15:29,984 [WARNING] run_once: Circuit breaker already tripped: 3 consecutive losing paper trades
2026-09-23 08:20:31,155 [WARNING] run_once: Circuit breaker already tripped: 3 consecutive losing paper trades
2026-09-23 08:25:28,911 [WARNING] run_once: Circuit breaker already tripped: 3 consecutive losing paper trades
2026-09-23 08:30:31,804 [WARNING] run_once: Circuit breaker already tripped: 3 consecutive losing paper trades
2026-09-23 08:35:28,919 [WARNING] run_once: Circuit breaker already tripped: 3 consecutive losing paper trades
2026-09-23 08:40:34,498 [WARNING] run_once: Circuit breaker already tripped: 3 consecutive losing paper trades
2026-09-23 08:45:34,248 [WARNING] run_once: Circuit breaker already tripped: 3 consecutive losing paper trades
2026-09-23 08:50:28,523 [WARNING] run_once: Circuit breaker already tripped: 3 consecutive losing paper trades
2026-09-23 08:55:30,517 [WARNING] run_once: Circuit breaker already tripped: 3 consecutive losing paper trades
2026-09-23 09:00:36,471 [WARNING] run_once: Circuit breaker already tripped: 3 consecutive losing paper trades
2026-09-23 09:05:36,206 [WARNING] run_once: Circuit breaker already tripped: 3 consecutive losing paper trades
2026-09-23 09:10:34,415 [WARNING] run_once: Circuit breaker already tripped: 3 consecutive losing paper trades
2026-09-23 09:15:30,554 [WARNING] run_once: Circuit breaker already tripped: 3 consecutive losing paper trades
2026-09-23 09:20:27,706 [WARNING] run_once: Circuit breaker already tripped: 3 consecutive losing paper trades
2026-09-23 09:25:26,191 [WARNING] run_once: Circuit breaker already tripped: 3 consecutive losing paper trades
2026-09-23 09:30:29,481 [WARNING] run_once: Circuit breaker already tripped: 3 consecutive losing paper trades
2026-09-23 09:35:33,248 [WARNING] run_once: Circuit breaker already tripped: 3 consecutive losing paper trades
2026-09-23 09:40:31,598 [WARNING] run_once: Circuit breaker already tripped: 3 consecutive losing paper trades
2026-09-23 09:45:28,979 [WARNING] run_once: Circuit breaker already tripped: 3 consecutive losing paper trades
2026-09-23 09:50:33,773 [WARNING] run_once: Circuit breaker already tripped: 3 consecutive losing paper trades
2026-09-23 09:55:27,243 [WARNING] run_once: Circuit breaker already tripped: 3 consecutive losing paper trades
2026-09-23 10:00:31,689 [WARNING] run_once: Circuit breaker already tripped: 3 consecutive losing paper trades
2026-09-23 10:05:28,044 [WARNING] run_once: Circuit breaker already tripped: 3 consecutive losing paper trades
2026-09-23 10:10:28,087 [WARNING] run_once: Circuit breaker already tripped: 3 consecutive losing paper trades
2026-09-23 10:15:28,675 [WARNING] run_once: Circuit breaker already tripped: 3 consecutive losing paper trades
2026-09-23 10:20:27,443 [WARNING] run_once: Circuit breaker already tripped: 3 consecutive losing paper trades
2026-09-23 10:25:27,361 [WARNING] run_once: Circuit breaker already tripped: 3 consecutive losing paper trades
2026-09-23 10:30:42,326 [WARNING] run_once: Circuit breaker already tripped: 3 consecutive losing paper trades
2026-09-23 10:35:31,026 [WARNING] run_once: Circuit breaker already tripped: 3 consecutive losing paper trades
2026-09-23 10:40:34,943 [WARNING] run_once: Circuit breaker already tripped: 3 consecutive losing paper trades
2026-09-23 10:45:27,656 [WARNING] run_once: Circuit breaker already tripped: 3 consecutive losing paper trades
2026-09-23 10:50:31,493 [WARNING] run_once: Circuit breaker already tripped: 3 consecutive losing paper trades
2026-09-23 10:55:29,746 [WARNING] run_once: Circuit breaker already tripped: 3 consecutive losing paper trades
2026-09-23 11:00:37,827 [WARNING] run_once: Circuit breaker already tripped: 3 consecutive losing paper trades
2026-09-23 11:05:27,826 [WARNING] run_once: Circuit breaker already tripped: 3 consecutive losing paper trades
2026-09-23 11:10:35,011 [WARNING] run_once: Circuit breaker already tripped: 3 consecutive losing paper trades
2026-09-23 11:15:31,544 [WARNING] run_once: Circuit breaker already tripped: 3 consecutive losing paper trades
2026-09-23 11:20:41,759 [WARNING] run_once: Circuit breaker already tripped: 3 consecutive losing paper trades
2026-09-23 11:25:27,152 [WARNING] run_once: Circuit breaker already tripped: 3 consecutive losing paper trades
2026-09-23 11:30:31,663 [WARNING] run_once: Circuit breaker already tripped: 3 consecutive losing paper trades
2026-09-23 11:35:31,378 [WARNING] run_once: Circuit breaker already tripped: 3 consecutive losing paper trades
2026-09-23 11:40:31,016 [WARNING] run_once: Circuit breaker already tripped: 3 consecutive losing paper trades
2026-09-23 11:46:03,828 [WARNING] run_once: Circuit breaker already tripped: 3 consecutive losing paper trades
2026-09-23 11:50:28,877 [WARNING] run_once: Circuit breaker already tripped: 3 consecutive losing paper trades
2026-09-23 11:55:19,977 [WARNING] run_once: Circuit breaker already tripped: 3 consecutive losing paper trades
2026-09-23 12:00:39,853 [WARNING] run_once: Circuit breaker already tripped: 3 consecutive losing paper trades
2026-09-23 12:05:26,988 [WARNING] run_once: Circuit breaker already tripped: 3 consecutive losing paper trades
2026-09-23 12:10:41,247 [WARNING] run_once: Circuit breaker already tripped: 3 consecutive losing paper trades
2026-09-23 12:15:25,201 [WARNING] run_once: Circuit breaker already tripped: 3 consecutive losing paper trades
2026-09-23 12:20:34,489 [WARNING] run_once: Circuit breaker already tripped: 3 consecutive losing paper trades
2026-09-23 12:25:25,975 [WARNING] run_once: Circuit breaker already tripped: 3 consecutive losing paper trades
2026-09-23 12:30:30,232 [WARNING] run_once: Circuit breaker already tripped: 3 consecutive losing paper trades
2026-09-23 12:35:25,824 [WARNING] run_once: Circuit breaker already tripped: 3 consecutive losing paper trades
2026-09-23 12:40:33,615 [WARNING] run_once: Circuit breaker already tripped: 3 consecutive losing paper trades
2026-09-23 12:45:25,129 [WARNING] run_once: Circuit breaker already tripped: 3 consecutive losing paper trades
2026-09-23 12:50:27,261 [WARNING] run_once: Circuit breaker already tripped: 3 consecutive losing paper trades
2026-09-23 12:55:27,355 [WARNING] run_once: Circuit breaker already tripped: 3 consecutive losing paper trades
2026-09-23 13:01:09,640 [WARNING] run_once: Circuit breaker already tripped: 3 consecutive losing paper trades
2026-09-23 13:05:27,102 [WARNING] run_once: Circuit breaker already tripped: 3 consecutive losing paper trades
2026-09-23 13:10:30,837 [WARNING] run_once: Circuit breaker already tripped: 3 consecutive losing paper trades
2026-09-23 13:15:29,812 [WARNING] run_once: Circuit breaker already tripped: 3 consecutive losing paper trades
2026-09-23 13:21:38,304 [WARNING] run_once: Circuit breaker already tripped: 3 consecutive losing paper trades
2026-09-23 13:25:28,524 [WARNING] run_once: Circuit breaker already tripped: 3 consecutive losing paper trades
2026-09-23 13:30:29,046 [WARNING] run_once: Circuit breaker already tripped: 3 consecutive losing paper trades
2026-09-23 13:35:29,947 [WARNING] run_once: Circuit breaker already tripped: 3 consecutive losing paper trades
2026-09-23 13:40:29,541 [WARNING] run_once: Circuit breaker already tripped: 3 consecutive losing paper trades
2026-09-23 13:45:30,085 [WARNING] run_once: Circuit breaker already tripped: 3 consecutive losing paper trades
2026-09-23 13:50:39,688 [WARNING] run_once: Circuit breaker already tripped: 3 consecutive losing paper trades
2026-09-23 13:55:26,466 [WARNING] run_once: Circuit breaker already tripped: 3 consecutive losing paper trades
2026-09-23 14:00:45,239 [WARNING] run_once: Circuit breaker already tripped: 3 consecutive losing paper trades
2026-09-23 14:05:38,651 [WARNING] run_once: Circuit breaker already tripped: 3 consecutive losing paper trades
2026-09-23 14:10:31,988 [WARNING] run_once: Circuit breaker already tripped: 3 consecutive losing paper trades
2026-09-23 14:15:31,202 [WARNING] run_once: Circuit breaker already tripped: 3 consecutive losing paper trades
2026-09-23 14:20:32,481 [WARNING] run_once: Circuit breaker already tripped: 3 consecutive losing paper trades
2026-09-23 14:25:26,516 [WARNING] run_once: Circuit breaker already tripped: 3 consecutive losing paper trades
2026-09-23 14:30:31,586 [WARNING] run_once: Circuit breaker already tripped: 3 consecutive losing paper trades
2026-09-23 14:35:30,841 [WARNING] run_once: Circuit breaker already tripped: 3 consecutive losing paper trades
2026-09-23 14:40:30,567 [WARNING] run_once: Circuit breaker already tripped: 3 consecutive losing paper trades
2026-09-23 14:45:27,068 [WARNING] run_once: Circuit breaker already tripped: 3 consecutive losing paper trades
2026-09-23 14:50:26,668 [WARNING] run_once: Circuit breaker already tripped: 3 consecutive losing paper trades
2026-09-23 14:55:25,560 [WARNING] run_once: Circuit breaker already tripped: 3 consecutive losing paper trades
2026-09-23 15:00:33,591 [WARNING] run_once: Circuit breaker already tripped: 3 consecutive losing paper trades
2026-09-23 15:05:26,841 [WARNING] run_once: Circuit breaker already tripped: 3 consecutive losing paper trades
2026-09-23 15:10:31,590 [WARNING] run_once: Circuit breaker already tripped: 3 consecutive losing paper trades
2026-09-23 15:20:33,349 [WARNING] run_once: Circuit breaker already tripped: 3 consecutive losing paper trades
2026-09-23 15:25:30,681 [WARNING] run_once: Circuit breaker already tripped: 3 consecutive losing paper trades
2026-09-23 15:30:33,544 [WARNING] run_once: Circuit breaker already tripped: 3 consecutive losing paper trades
2026-09-23 15:35:30,682 [WARNING] run_once: Circuit breaker already tripped: 3 consecutive losing paper trades
2026-09-23 15:40:29,135 [WARNING] run_once: Circuit breaker already tripped: 3 consecutive losing paper trades
2026-09-23 15:45:29,898 [WARNING] run_once: Circuit breaker already tripped: 3 consecutive losing paper trades
2026-09-23 15:50:32,127 [WARNING] run_once: Circuit breaker already tripped: 3 consecutive losing paper trades
2026-09-23 15:55:25,614 [WARNING] run_once: Circuit breaker already tripped: 3 consecutive losing paper trades
2026-09-23 16:00:35,899 [WARNING] run_once: Circuit breaker already tripped: 3 consecutive losing paper trades
2026-09-23 16:05:28,896 [WARNING] run_once: Circuit breaker already tripped: 3 consecutive losing paper trades
2026-09-23 16:10:29,295 [WARNING] run_once: Circuit breaker already tripped: 3 consecutive losing paper trades
2026-09-23 16:15:28,307 [WARNING] run_once: Circuit breaker already tripped: 3 consecutive losing paper trades
2026-09-23 16:20:36,512 [WARNING] run_once: Circuit breaker already tripped: 3 consecutive losing paper trades
2026-09-23 16:25:27,216 [WARNING] run_once: Circuit breaker already tripped: 3 consecutive losing paper trades
2026-09-23 16:30:32,835 [WARNING] run_once: Circuit breaker already tripped: 3 consecutive losing paper trades
2026-09-23 16:35:29,011 [WARNING] run_once: Circuit breaker already tripped: 3 consecutive losing paper trades
2026-09-23 16:40:27,874 [WARNING] run_once: Circuit breaker already tripped: 3 consecutive losing paper trades
2026-09-23 16:45:25,947 [WARNING] run_once: Circuit breaker already tripped: 3 consecutive losing paper trades
2026-09-23 16:50:33,109 [WARNING] run_once: Circuit breaker already tripped: 3 consecutive losing paper trades
2026-09-23 16:55:27,879 [WARNING] run_once: Circuit breaker already tripped: 3 consecutive losing paper trades
2026-09-23 17:00:34,589 [WARNING] run_once: Circuit breaker already tripped: 3 consecutive losing paper trades
2026-09-23 17:05:30,299 [WARNING] run_once: Circuit breaker already tripped: 3 consecutive losing paper trades
2026-09-23 17:10:31,564 [WARNING] run_once: Circuit breaker already tripped: 3 consecutive losing paper trades
2026-09-23 17:15:31,077 [WARNING] run_once: Circuit breaker already tripped: 3 consecutive losing paper trades
2026-09-23 17:20:29,571 [WARNING] run_once: Circuit breaker already tripped: 3 consecutive losing paper trades
2026-09-23 17:25:27,571 [WARNING] run_once: Circuit breaker already tripped: 3 consecutive losing paper trades
2026-09-23 17:30:31,117 [WARNING] run_once: Circuit breaker already tripped: 3 consecutive losing paper trades
2026-09-23 17:35:27,892 [WARNING] run_once: Circuit breaker already tripped: 3 consecutive losing paper trades
2026-09-23 17:40:29,344 [WARNING] run_once: Circuit breaker already tripped: 3 consecutive losing paper trades
2026-09-23 17:45:32,379 [WARNING] run_once: Circuit breaker already tripped: 3 consecutive losing paper trades
2026-09-23 17:50:29,886 [WARNING] run_once: Circuit breaker already tripped: 3 consecutive losing paper trades
2026-09-23 17:55:27,644 [WARNING] run_once: Circuit breaker already tripped: 3 consecutive losing paper trades
2026-09-23 18:00:39,088 [WARNING] run_once: Circuit breaker already tripped: 3 consecutive losing paper trades
2026-09-23 18:05:33,912 [WARNING] run_once: Circuit breaker already tripped: 3 consecutive losing paper trades
2026-09-23 18:10:31,275 [WARNING] run_once: Circuit breaker already tripped: 3 consecutive losing paper trades
2026-09-23 18:15:32,136 [WARNING] run_once: Circuit breaker already tripped: 3 consecutive losing paper trades
2026-09-23 18:20:28,842 [WARNING] run_once: Circuit breaker already tripped: 3 consecutive losing paper trades
2026-09-23 18:25:23,768 [WARNING] run_once: Circuit breaker already tripped: 3 consecutive losing paper trades
2026-09-23 18:30:35,111 [WARNING] run_once: Circuit breaker already tripped: 3 consecutive losing paper trades
2026-09-23 18:35:32,267 [WARNING] run_once: Circuit breaker already tripped: 3 consecutive losing paper trades
2026-09-23 18:40:31,988 [WARNING] run_once: Circuit breaker already tripped: 3 consecutive losing paper trades
2026-09-23 18:45:31,055 [WARNING] run_once: Circuit breaker already tripped: 3 consecutive losing paper trades
2026-09-23 18:50:31,794 [WARNING] run_once: Circuit breaker already tripped: 3 consecutive losing paper trades
2026-09-23 18:55:25,297 [WARNING] run_once: Circuit breaker already tripped: 3 consecutive losing paper trades
2026-09-23 19:00:32,528 [WARNING] run_once: Circuit breaker already tripped: 3 consecutive losing paper trades
2026-09-23 19:05:26,747 [WARNING] run_once: Circuit breaker already tripped: 3 consecutive losing paper trades
2026-09-23 19:10:25,262 [WARNING] run_once: Circuit breaker already tripped: 3 consecutive losing paper trades
2026-09-23 19:15:28,727 [WARNING] run_once: Circuit breaker already tripped: 3 consecutive losing paper trades
2026-09-23 19:20:45,864 [WARNING] run_once: Circuit breaker already tripped: 3 consecutive losing paper trades
2026-09-23 19:25:29,647 [WARNING] run_once: Circuit breaker already tripped: 3 consecutive losing paper trades
2026-09-23 19:30:32,513 [WARNING] run_once: Circuit breaker already tripped: 3 consecutive losing paper trades
2026-09-23 19:35:25,926 [WARNING] run_once: Circuit breaker already tripped: 3 consecutive losing paper trades
2026-09-23 19:40:30,093 [WARNING] run_once: Circuit breaker already tripped: 3 consecutive losing paper trades
2026-09-23 19:45:28,441 [WARNING] run_once: Circuit breaker already tripped: 3 consecutive losing paper trades
2026-09-23 19:50:30,416 [WARNING] run_once: Circuit breaker already tripped: 3 consecutive losing paper trades
2026-09-23 19:55:27,190 [WARNING] run_once: Circuit breaker already tripped: 3 consecutive losing paper trades
2026-09-23 20:00:32,998 [WARNING] run_once: Circuit breaker already tripped: 3 consecutive losing paper trades
2026-09-23 20:05:34,148 [WARNING] run_once: Circuit breaker already tripped: 3 consecutive losing paper trades
2026-09-23 20:10:28,961 [WARNING] run_once: Circuit breaker already tripped: 3 consecutive losing paper trades
2026-09-23 20:15:35,207 [WARNING] run_once: Circuit breaker already tripped: 3 consecutive losing paper trades
2026-09-23 20:20:28,878 [WARNING] run_once: Circuit breaker already tripped: 3 consecutive losing paper trades
2026-09-23 20:25:27,871 [WARNING] run_once: Circuit breaker already tripped: 3 consecutive losing paper trades
2026-09-23 20:30:37,564 [WARNING] run_once: Circuit breaker already tripped: 3 consecutive losing paper trades
2026-09-23 20:35:28,999 [WARNING] run_once: Circuit breaker already tripped: 3 consecutive losing paper trades
2026-09-23 20:40:31,047 [WARNING] run_once: Circuit breaker already tripped: 3 consecutive losing paper trades
2026-09-23 20:45:28,112 [WARNING] run_once: Circuit breaker already tripped: 3 consecutive losing paper trades
2026-09-23 20:50:29,756 [WARNING] run_once: Circuit breaker already tripped: 3 consecutive losing paper trades
2026-09-23 20:55:26,169 [WARNING] run_once: Circuit breaker already tripped: 3 consecutive losing paper trades
2026-09-23 21:00:29,795 [WARNING] run_once: Circuit breaker already tripped: 3 consecutive losing paper trades
2026-09-23 21:05:24,596 [WARNING] run_once: Circuit breaker already tripped: 3 consecutive losing paper trades
2026-09-23 21:10:26,796 [WARNING] run_once: Circuit breaker already tripped: 3 consecutive losing paper trades
2026-09-23 21:15:29,228 [WARNING] run_once: Circuit breaker already tripped: 3 consecutive losing paper trades
2026-09-23 21:20:29,859 [WARNING] run_once: Circuit breaker already tripped: 3 consecutive losing paper trades
2026-09-23 21:25:27,357 [WARNING] run_once: Circuit breaker already tripped: 3 consecutive losing paper trades
2026-09-23 21:30:35,546 [WARNING] run_once: Circuit breaker already tripped: 3 consecutive losing paper trades
2026-09-23 21:35:26,650 [WARNING] run_once: Circuit breaker already tripped: 3 consecutive losing paper trades
2026-09-23 21:40:28,928 [WARNING] run_once: Circuit breaker already tripped: 3 consecutive losing paper trades
2026-09-23 21:45:30,553 [WARNING] run_once: Circuit breaker already tripped: 3 consecutive losing paper trades
2026-09-23 21:50:30,682 [WARNING] run_once: Circuit breaker already tripped: 3 consecutive losing paper trades
2026-09-23 21:55:36,366 [WARNING] run_once: Circuit breaker already tripped: 3 consecutive losing paper trades
2026-09-23 22:00:28,331 [WARNING] run_once: Circuit breaker already tripped: 3 consecutive losing paper trades
2026-09-23 22:05:31,227 [WARNING] run_once: Circuit breaker already tripped: 3 consecutive losing paper trades
2026-09-23 22:10:27,933 [WARNING] run_once: Circuit breaker already tripped: 3 consecutive losing paper trades
2026-09-23 22:16:04,540 [WARNING] run_once: Circuit breaker already tripped: 3 consecutive losing paper trades
2026-09-23 22:20:29,160 [WARNING] run_once: Circuit breaker already tripped: 3 consecutive losing paper trades
2026-09-23 22:25:30,733 [WARNING] run_once: Circuit breaker already tripped: 3 consecutive losing paper trades
2026-09-23 22:30:33,659 [WARNING] run_once: Circuit breaker already tripped: 3 consecutive losing paper trades
2026-09-23 22:35:30,093 [WARNING] run_once: Circuit breaker already tripped: 3 consecutive losing paper trades
2026-09-23 22:40:32,209 [WARNING] run_once: Circuit breaker already tripped: 3 consecutive losing paper trades
2026-09-23 22:45:28,899 [WARNING] run_once: Circuit breaker already tripped: 3 consecutive losing paper trades
2026-09-23 22:50:29,437 [WARNING] run_once: Circuit breaker already tripped: 3 consecutive losing paper trades
2026-09-23 22:55:24,201 [WARNING] run_once: Circuit breaker already tripped: 3 consecutive losing paper trades
2026-09-23 23:00:35,271 [WARNING] run_once: Circuit breaker already tripped: 3 consecutive losing paper trades
2026-09-23 23:05:25,492 [WARNING] run_once: Circuit breaker already tripped: 3 consecutive losing paper trades
2026-09-23 23:10:29,559 [WARNING] run_once: Circuit breaker already tripped: 3 consecutive losing paper trades
2026-09-23 23:15:28,046 [WARNING] run_once: Circuit breaker already tripped: 3 consecutive losing paper trades
2026-09-23 23:20:29,195 [WARNING] run_once: Circuit breaker already tripped: 3 consecutive losing paper trades
2026-09-23 23:25:26,153 [WARNING] run_once: Circuit breaker already tripped: 3 consecutive losing paper trades
2026-09-23 23:30:31,101 [WARNING] run_once: Circuit breaker already tripped: 3 consecutive losing paper trades
2026-09-23 23:35:26,667 [WARNING] run_once: Circuit breaker already tripped: 3 consecutive losing paper trades
2026-09-23 23:40:28,469 [WARNING] run_once: Circuit breaker already tripped: 3 consecutive losing paper trades
2026-09-23 23:45:27,150 [WARNING] run_once: Circuit breaker already tripped: 3 consecutive losing paper trades
2026-09-23 23:50:30,981 [WARNING] run_once: Circuit breaker already tripped: 3 consecutive losing paper trades
2026-09-23 23:55:23,949 [WARNING] run_once: Circuit breaker already tripped: 3 consecutive losing paper trades
2026-09-24 00:00:32,983 [WARNING] run_once: Circuit breaker already tripped: 3 consecutive losing paper trades
2026-09-24 00:05:29,395 [WARNING] run_once: Circuit breaker already tripped: 3 consecutive losing paper trades
2026-09-24 00:10:34,227 [WARNING] run_once: Circuit breaker already tripped: 3 consecutive losing paper trades
2026-09-24 00:15:30,435 [WARNING] run_once: Circuit breaker already tripped: 3 consecutive losing paper trades
2026-09-24 00:20:23,810 [WARNING] run_once: Circuit breaker already tripped: 3 consecutive losing paper trades
2026-09-24 00:25:24,554 [WARNING] run_once: Circuit breaker already tripped: 3 consecutive losing paper trades
2026-09-24 00:30:26,832 [WARNING] run_once: Circuit breaker already tripped: 3 consecutive losing paper trades
2026-09-24 00:35:24,674 [WARNING] run_once: Circuit breaker already tripped: 3 consecutive losing paper trades
2026-09-24 00:40:29,874 [WARNING] run_once: Circuit breaker already tripped: 3 consecutive losing paper trades
2026-09-24 00:45:27,566 [WARNING] run_once: Circuit breaker already tripped: 3 consecutive losing paper trades
2026-09-24 00:50:27,499 [WARNING] run_once: Circuit breaker already tripped: 3 consecutive losing paper trades
2026-09-24 00:55:24,989 [WARNING] run_once: Circuit breaker already tripped: 3 consecutive losing paper trades
2026-09-24 01:00:31,103 [WARNING] run_once: Circuit breaker already tripped: 3 consecutive losing paper trades
2026-09-24 01:05:28,549 [WARNING] run_once: Circuit breaker already tripped: 3 consecutive losing paper trades
2026-09-24 01:10:26,828 [WARNING] run_once: Circuit breaker already tripped: 3 consecutive losing paper trades
2026-09-24 01:15:26,014 [WARNING] run_once: Circuit breaker already tripped: 3 consecutive losing paper trades
2026-09-24 01:20:31,371 [WARNING] run_once: Circuit breaker already tripped: 3 consecutive losing paper trades
2026-09-24 01:25:27,630 [WARNING] run_once: Circuit breaker already tripped: 3 consecutive losing paper trades
2026-09-24 01:30:31,255 [WARNING] run_once: Circuit breaker already tripped: 3 consecutive losing paper trades
2026-09-24 01:35:28,375 [WARNING] run_once: Circuit breaker already tripped: 3 consecutive losing paper trades
2026-09-24 01:40:28,667 [WARNING] run_once: Circuit breaker already tripped: 3 consecutive losing paper trades
2026-09-24 01:45:29,045 [WARNING] run_once: Circuit breaker already tripped: 3 consecutive losing paper trades
2026-09-24 01:50:29,785 [WARNING] run_once: Circuit breaker already tripped: 3 consecutive losing paper trades
2026-09-24 01:55:25,012 [WARNING] run_once: Circuit breaker already tripped: 3 consecutive losing paper trades
2026-09-24 02:00:39,119 [WARNING] run_once: Circuit breaker already tripped: 3 consecutive losing paper trades
2026-09-24 02:05:31,444 [WARNING] run_once: Circuit breaker already tripped: 3 consecutive losing paper trades
2026-09-24 02:10:29,870 [WARNING] run_once: Circuit breaker already tripped: 3 consecutive losing paper trades
2026-09-24 02:15:29,091 [WARNING] run_once: Circuit breaker already tripped: 3 consecutive losing paper trades
2026-09-24 02:20:42,746 [WARNING] run_once: Circuit breaker already tripped: 3 consecutive losing paper trades
2026-09-24 02:25:28,487 [WARNING] run_once: Circuit breaker already tripped: 3 consecutive losing paper trades
2026-09-24 02:30:29,239 [WARNING] run_once: Circuit breaker already tripped: 3 consecutive losing paper trades
2026-09-24 02:35:26,526 [WARNING] run_once: Circuit breaker already tripped: 3 consecutive losing paper trades
2026-09-24 02:41:04,189 [WARNING] run_once: Circuit breaker already tripped: 3 consecutive losing paper trades
2026-09-24 02:45:26,346 [WARNING] run_once: Circuit breaker already tripped: 3 consecutive losing paper trades
2026-09-24 02:50:35,886 [WARNING] run_once: Circuit breaker already tripped: 3 consecutive losing paper trades
2026-09-24 02:55:25,993 [WARNING] run_once: Circuit breaker already tripped: 3 consecutive losing paper trades
2026-09-24 03:00:33,296 [WARNING] run_once: Circuit breaker already tripped: 3 consecutive losing paper trades
2026-09-24 03:05:25,755 [WARNING] run_once: Circuit breaker already tripped: 3 consecutive losing paper trades
2026-09-24 03:10:30,991 [WARNING] run_once: Circuit breaker already tripped: 3 consecutive losing paper trades
2026-09-24 03:15:29,953 [WARNING] run_once: Circuit breaker already tripped: 3 consecutive losing paper trades
2026-09-24 03:20:43,684 [WARNING] run_once: Circuit breaker already tripped: 3 consecutive losing paper trades
2026-09-24 03:25:20,121 [WARNING] run_once: Circuit breaker already tripped: 3 consecutive losing paper trades
2026-09-24 03:30:28,806 [WARNING] run_once: Circuit breaker already tripped: 3 consecutive losing paper trades
2026-09-24 03:35:25,786 [WARNING] run_once: Circuit breaker already tripped: 3 consecutive losing paper trades
2026-09-24 03:40:26,203 [WARNING] run_once: Circuit breaker already tripped: 3 consecutive losing paper trades
2026-09-24 03:45:23,495 [WARNING] run_once: Circuit breaker already tripped: 3 consecutive losing paper trades
2026-09-24 03:50:21,567 [WARNING] run_once: Circuit breaker already tripped: 3 consecutive losing paper trades
2026-09-24 03:55:23,242 [WARNING] run_once: Circuit breaker already tripped: 3 consecutive losing paper trades
2026-09-24 04:00:36,406 [WARNING] run_once: Circuit breaker already tripped: 3 consecutive losing paper trades
2026-09-24 04:05:31,514 [WARNING] run_once: Circuit breaker already tripped: 3 consecutive losing paper trades
2026-09-24 04:10:30,374 [WARNING] run_once: Circuit breaker already tripped: 3 consecutive losing paper trades
2026-09-24 04:15:34,306 [WARNING] run_once: Circuit breaker already tripped: 3 consecutive losing paper trades
2026-09-24 04:20:27,165 [WARNING] run_once: Circuit breaker already tripped: 3 consecutive losing paper trades
2026-09-24 04:25:25,105 [WARNING] run_once: Circuit breaker already tripped: 3 consecutive losing paper trades
2026-09-24 04:30:31,994 [WARNING] run_once: Circuit breaker already tripped: 3 consecutive losing paper trades
2026-09-24 04:35:26,207 [WARNING] run_once: Circuit breaker already tripped: 3 consecutive losing paper trades
2026-09-24 04:40:28,352 [WARNING] run_once: Circuit breaker already tripped: 3 consecutive losing paper trades
2026-09-24 04:45:30,979 [WARNING] run_once: Circuit breaker already tripped: 3 consecutive losing paper trades
2026-09-24 04:50:32,003 [WARNING] run_once: Circuit breaker already tripped: 3 consecutive losing paper trades
2026-09-24 04:55:24,017 [WARNING] run_once: Circuit breaker already tripped: 3 consecutive losing paper trades
2026-09-24 05:00:35,478 [WARNING] run_once: Circuit breaker already tripped: 3 consecutive losing paper trades
2026-09-24 05:05:29,927 [WARNING] run_once: Circuit breaker already tripped: 3 consecutive losing paper trades
2026-09-24 05:10:42,407 [WARNING] run_once: Circuit breaker already tripped: 3 consecutive losing paper trades
2026-09-24 05:15:23,375 [WARNING] run_once: Circuit breaker already tripped: 3 consecutive losing paper trades
2026-09-24 05:20:28,348 [WARNING] run_once: Circuit breaker already tripped: 3 consecutive losing paper trades
2026-09-24 05:25:24,988 [WARNING] run_once: Circuit breaker already tripped: 3 consecutive losing paper trades
2026-09-24 05:30:24,120 [WARNING] run_once: Circuit breaker already tripped: 3 consecutive losing paper trades
2026-09-24 05:35:24,984 [WARNING] run_once: Circuit breaker already tripped: 3 consecutive losing paper trades
2026-09-24 05:40:29,614 [WARNING] run_once: Circuit breaker already tripped: 3 consecutive losing paper trades
2026-09-24 05:45:26,998 [WARNING] run_once: Circuit breaker already tripped: 3 consecutive losing paper trades
2026-09-24 05:50:30,763 [WARNING] run_once: Circuit breaker already tripped: 3 consecutive losing paper trades
2026-09-24 05:55:27,090 [WARNING] run_once: Circuit breaker already tripped: 3 consecutive losing paper trades
2026-09-24 06:00:34,484 [WARNING] run_once: Circuit breaker already tripped: 3 consecutive losing paper trades
2026-09-24 06:05:24,959 [WARNING] run_once: Circuit breaker already tripped: 3 consecutive losing paper trades
2026-09-24 06:10:26,870 [WARNING] run_once: Circuit breaker already tripped: 3 consecutive losing paper trades
2026-09-24 06:15:32,083 [WARNING] run_once: Circuit breaker already tripped: 3 consecutive losing paper trades
2026-09-24 06:20:28,428 [WARNING] run_once: Circuit breaker already tripped: 3 consecutive losing paper trades
2026-09-24 06:25:29,086 [WARNING] run_once: Circuit breaker already tripped: 3 consecutive losing paper trades
2026-09-24 06:30:29,385 [WARNING] run_once: Circuit breaker already tripped: 3 consecutive losing paper trades
2026-09-24 06:35:27,256 [WARNING] run_once: Circuit breaker already tripped: 3 consecutive losing paper trades
2026-09-24 06:40:27,274 [WARNING] run_once: Circuit breaker already tripped: 3 consecutive losing paper trades
2026-09-24 06:45:31,093 [WARNING] run_once: Circuit breaker already tripped: 3 consecutive losing paper trades
2026-09-24 06:50:29,345 [WARNING] run_once: Circuit breaker already tripped: 3 consecutive losing paper trades
2026-09-24 06:55:28,982 [WARNING] run_once: Circuit breaker already tripped: 3 consecutive losing paper trades
2026-09-24 07:00:35,572 [WARNING] run_once: Circuit breaker already tripped: 3 consecutive losing paper trades
2026-09-24 07:05:25,237 [WARNING] run_once: Circuit breaker already tripped: 3 consecutive losing paper trades
2026-09-24 07:10:32,063 [WARNING] run_once: Circuit breaker already tripped: 3 consecutive losing paper trades
2026-09-24 07:15:34,010 [WARNING] run_once: Circuit breaker already tripped: 3 consecutive losing paper trades
2026-09-24 07:20:31,008 [WARNING] run_once: Circuit breaker already tripped: 3 consecutive losing paper trades
2026-09-24 07:25:27,476 [WARNING] run_once: Circuit breaker already tripped: 3 consecutive losing paper trades
2026-09-24 07:30:34,101 [WARNING] run_once: Circuit breaker already tripped: 3 consecutive losing paper trades
2026-09-24 07:35:25,102 [WARNING] run_once: Circuit breaker already tripped: 3 consecutive losing paper trades
2026-09-24 07:40:29,480 [WARNING] run_once: Circuit breaker already tripped: 3 consecutive losing paper trades
2026-09-24 07:45:32,023 [WARNING] run_once: Circuit breaker already tripped: 3 consecutive losing paper trades
2026-09-24 07:50:31,481 [WARNING] run_once: Circuit breaker already tripped: 3 consecutive losing paper trades
2026-09-24 07:55:26,563 [WARNING] run_once: Circuit breaker already tripped: 3 consecutive losing paper trades
2026-09-24 08:00:34,888 [WARNING] run_once: Circuit breaker already tripped: 3 consecutive losing paper trades
2026-09-24 08:05:23,725 [WARNING] run_once: Circuit breaker already tripped: 3 consecutive losing paper trades
2026-09-24 08:10:31,511 [WARNING] run_once: Circuit breaker already tripped: 3 consecutive losing paper trades
2026-09-24 08:15:30,923 [WARNING] run_once: Circuit breaker already tripped: 3 consecutive losing paper trades
2026-09-24 08:20:29,215 [WARNING] run_once: Circuit breaker already tripped: 3 consecutive losing paper trades
2026-09-24 08:25:24,241 [WARNING] run_once: Circuit breaker already tripped: 3 consecutive losing paper trades
2026-09-24 08:30:33,001 [WARNING] run_once: Circuit breaker already tripped: 3 consecutive losing paper trades
2026-09-24 08:35:26,498 [WARNING] run_once: Circuit breaker already tripped: 3 consecutive losing paper trades
2026-09-24 08:40:32,361 [WARNING] run_once: Circuit breaker already tripped: 3 consecutive losing paper trades
2026-09-24 08:45:31,284 [WARNING] run_once: Circuit breaker already tripped: 3 consecutive losing paper trades
2026-09-24 08:50:28,548 [WARNING] run_once: Circuit breaker already tripped: 3 consecutive losing paper trades
2026-09-24 08:55:25,900 [WARNING] run_once: Circuit breaker already tripped: 3 consecutive losing paper trades
2026-09-24 09:00:35,963 [WARNING] run_once: Circuit breaker already tripped: 3 consecutive losing paper trades
2026-09-24 09:05:24,217 [WARNING] run_once: Circuit breaker already tripped: 3 consecutive losing paper trades
2026-09-24 09:10:29,060 [WARNING] run_once: Circuit breaker already tripped: 3 consecutive losing paper trades
2026-09-24 09:15:25,233 [WARNING] run_once: Circuit breaker already tripped: 3 consecutive losing paper trades
2026-09-24 09:20:30,681 [WARNING] run_once: Circuit breaker already tripped: 3 consecutive losing paper trades
2026-09-24 09:25:27,176 [WARNING] run_once: Circuit breaker already tripped: 3 consecutive losing paper trades
2026-09-24 09:30:31,583 [WARNING] run_once: Circuit breaker already tripped: 3 consecutive losing paper trades
2026-09-24 09:35:30,876 [WARNING] run_once: Circuit breaker already tripped: 3 consecutive losing paper trades
2026-09-24 09:40:25,539 [WARNING] run_once: Circuit breaker already tripped: 3 consecutive losing paper trades
2026-09-24 09:45:27,411 [WARNING] run_once: Circuit breaker already tripped: 3 consecutive losing paper trades
2026-09-24 09:51:03,294 [WARNING] run_once: Circuit breaker already tripped: 3 consecutive losing paper trades
2026-09-24 09:55:42,564 [WARNING] run_once: Circuit breaker already tripped: 3 consecutive losing paper trades
2026-09-24 10:00:34,950 [WARNING] run_once: Circuit breaker already tripped: 3 consecutive losing paper trades
2026-09-24 10:05:26,222 [WARNING] run_once: Circuit breaker already tripped: 3 consecutive losing paper trades
2026-09-24 10:10:22,730 [WARNING] run_once: Circuit breaker already tripped: 3 consecutive losing paper trades
2026-09-24 10:15:32,751 [WARNING] run_once: Circuit breaker already tripped: 3 consecutive losing paper trades
2026-09-24 10:20:32,022 [WARNING] run_once: Circuit breaker already tripped: 3 consecutive losing paper trades
2026-09-24 10:25:27,048 [WARNING] run_once: Circuit breaker already tripped: 3 consecutive losing paper trades
2026-09-24 10:30:30,834 [WARNING] run_once: Circuit breaker already tripped: 3 consecutive losing paper trades
2026-09-24 10:35:27,306 [WARNING] run_once: Circuit breaker already tripped: 3 consecutive losing paper trades
2026-09-24 10:40:31,030 [WARNING] run_once: Circuit breaker already tripped: 3 consecutive losing paper trades
2026-09-24 10:46:04,350 [WARNING] run_once: Circuit breaker already tripped: 3 consecutive losing paper trades
2026-09-24 10:50:31,962 [WARNING] run_once: Circuit breaker already tripped: 3 consecutive losing paper trades
2026-09-24 10:55:28,207 [WARNING] run_once: Circuit breaker already tripped: 3 consecutive losing paper trades
2026-09-24 11:01:07,242 [WARNING] run_once: Circuit breaker already tripped: 3 consecutive losing paper trades
2026-09-24 11:05:38,457 [WARNING] run_once: Circuit breaker already tripped: 3 consecutive losing paper trades
2026-09-24 11:10:29,095 [WARNING] run_once: Circuit breaker already tripped: 3 consecutive losing paper trades
2026-09-24 11:15:33,166 [WARNING] run_once: Circuit breaker already tripped: 3 consecutive losing paper trades
2026-09-24 11:20:30,235 [WARNING] run_once: Circuit breaker already tripped: 3 consecutive losing paper trades
2026-09-24 11:25:27,969 [WARNING] run_once: Circuit breaker already tripped: 3 consecutive losing paper trades
2026-09-24 11:30:43,173 [WARNING] run_once: Circuit breaker already tripped: 3 consecutive losing paper trades
2026-09-24 11:35:39,825 [WARNING] run_once: Circuit breaker already tripped: 3 consecutive losing paper trades
2026-09-24 11:40:28,649 [WARNING] run_once: Circuit breaker already tripped: 3 consecutive losing paper trades
2026-09-24 11:45:30,829 [WARNING] run_once: Circuit breaker already tripped: 3 consecutive losing paper trades
2026-09-24 11:50:23,707 [WARNING] run_once: Circuit breaker already tripped: 3 consecutive losing paper trades
2026-09-24 11:55:26,117 [WARNING] run_once: Circuit breaker already tripped: 3 consecutive losing paper trades
2026-09-24 12:00:35,539 [WARNING] run_once: Circuit breaker already tripped: 3 consecutive losing paper trades
2026-09-24 12:05:29,374 [WARNING] run_once: Circuit breaker already tripped: 3 consecutive losing paper trades
2026-09-24 12:10:27,275 [WARNING] run_once: Circuit breaker already tripped: 3 consecutive losing paper trades
2026-09-24 12:15:24,163 [WARNING] run_once: Circuit breaker already tripped: 3 consecutive losing paper trades
2026-09-24 12:20:30,419 [WARNING] run_once: Circuit breaker already tripped: 3 consecutive losing paper trades
2026-09-24 12:25:30,951 [WARNING] run_once: Circuit breaker already tripped: 3 consecutive losing paper trades
2026-09-24 12:30:31,834 [WARNING] run_once: Circuit breaker already tripped: 3 consecutive losing paper trades
2026-09-24 12:35:30,294 [WARNING] run_once: Circuit breaker already tripped: 3 consecutive losing paper trades
2026-09-24 12:40:30,208 [WARNING] run_once: Circuit breaker already tripped: 3 consecutive losing paper trades
2026-09-24 12:45:28,208 [WARNING] run_once: Circuit breaker already tripped: 3 consecutive losing paper trades
2026-09-24 12:50:32,253 [WARNING] run_once: Circuit breaker already tripped: 3 consecutive losing paper trades
2026-09-24 12:55:30,750 [WARNING] run_once: Circuit breaker already tripped: 3 consecutive losing paper trades
2026-09-24 13:00:33,734 [WARNING] run_once: Circuit breaker already tripped: 3 consecutive losing paper trades
2026-09-24 13:05:27,677 [WARNING] run_once: Circuit breaker already tripped: 3 consecutive losing paper trades
2026-09-24 13:11:06,526 [WARNING] run_once: Circuit breaker already tripped: 3 consecutive losing paper trades
2026-09-24 13:15:29,066 [WARNING] run_once: Circuit breaker already tripped: 3 consecutive losing paper trades
2026-09-24 13:20:32,999 [WARNING] run_once: Circuit breaker already tripped: 3 consecutive losing paper trades
2026-09-24 13:25:33,862 [WARNING] run_once: Circuit breaker already tripped: 3 consecutive losing paper trades
2026-09-24 13:30:26,265 [WARNING] run_once: Circuit breaker already tripped: 3 consecutive losing paper trades
2026-09-24 13:35:35,680 [WARNING] run_once: Circuit breaker already tripped: 3 consecutive losing paper trades
2026-09-24 13:40:29,793 [WARNING] run_once: Circuit breaker already tripped: 3 consecutive losing paper trades
2026-09-24 13:45:30,571 [WARNING] run_once: Circuit breaker already tripped: 3 consecutive losing paper trades
2026-09-24 13:50:32,900 [WARNING] run_once: Circuit breaker already tripped: 3 consecutive losing paper trades
2026-09-24 13:55:25,785 [WARNING] run_once: Circuit breaker already tripped: 3 consecutive losing paper trades
2026-09-24 14:00:36,307 [WARNING] run_once: Circuit breaker already tripped: 3 consecutive losing paper trades
2026-09-24 14:05:30,969 [WARNING] run_once: Circuit breaker already tripped: 3 consecutive losing paper trades
2026-09-24 14:10:36,151 [WARNING] run_once: Circuit breaker already tripped: 3 consecutive losing paper trades
2026-09-24 14:15:28,315 [WARNING] run_once: Circuit breaker already tripped: 3 consecutive losing paper trades
2026-09-24 14:20:32,267 [WARNING] run_once: Circuit breaker already tripped: 3 consecutive losing paper trades
2026-09-24 14:25:29,717 [WARNING] run_once: Circuit breaker already tripped: 3 consecutive losing paper trades
2026-09-24 14:30:32,943 [WARNING] run_once: Circuit breaker already tripped: 3 consecutive losing paper trades
2026-09-24 14:40:29,976 [WARNING] run_once: Circuit breaker already tripped: 3 consecutive losing paper trades
2026-09-24 14:45:31,118 [WARNING] run_once: Circuit breaker already tripped: 3 consecutive losing paper trades
2026-09-24 14:50:30,075 [WARNING] run_once: Circuit breaker already tripped: 3 consecutive losing paper trades
2026-09-24 14:55:29,418 [WARNING] run_once: Circuit breaker already tripped: 3 consecutive losing paper trades
2026-09-24 15:00:34,651 [WARNING] run_once: Circuit breaker already tripped: 3 consecutive losing paper trades
2026-09-24 15:05:27,608 [WARNING] run_once: Circuit breaker already tripped: 3 consecutive losing paper trades
2026-09-24 15:10:35,008 [WARNING] run_once: Circuit breaker already tripped: 3 consecutive losing paper trades
2026-09-24 15:15:43,973 [WARNING] run_once: Circuit breaker already tripped: 3 consecutive losing paper trades
2026-09-24 15:20:34,641 [WARNING] run_once: Circuit breaker already tripped: 3 consecutive losing paper trades
2026-09-24 15:25:31,681 [WARNING] run_once: Circuit breaker already tripped: 3 consecutive losing paper trades
2026-09-24 15:30:34,062 [WARNING] run_once: Circuit breaker already tripped: 3 consecutive losing paper trades
2026-09-24 15:35:31,941 [WARNING] run_once: Circuit breaker already tripped: 3 consecutive losing paper trades
2026-09-24 15:40:33,758 [WARNING] run_once: Circuit breaker already tripped: 3 consecutive losing paper trades
2026-09-24 15:45:30,697 [WARNING] run_once: Circuit breaker already tripped: 3 consecutive losing paper trades
2026-09-24 15:50:27,204 [WARNING] run_once: Circuit breaker already tripped: 3 consecutive losing paper trades
2026-09-24 15:55:29,237 [WARNING] run_once: Circuit breaker already tripped: 3 consecutive losing paper trades
2026-09-24 16:00:32,472 [WARNING] run_once: Circuit breaker already tripped: 3 consecutive losing paper trades
2026-09-24 16:05:30,658 [WARNING] run_once: Circuit breaker already tripped: 3 consecutive losing paper trades
2026-09-24 16:10:35,113 [WARNING] run_once: Circuit breaker already tripped: 3 consecutive losing paper trades
2026-09-24 16:15:30,424 [WARNING] run_once: Circuit breaker already tripped: 3 consecutive losing paper trades
2026-09-24 16:20:34,651 [WARNING] run_once: Circuit breaker already tripped: 3 consecutive losing paper trades
2026-09-24 16:25:28,479 [WARNING] run_once: Circuit breaker already tripped: 3 consecutive losing paper trades
2026-09-24 16:30:31,907 [WARNING] run_once: Circuit breaker already tripped: 3 consecutive losing paper trades
2026-09-24 16:35:27,164 [WARNING] run_once: Circuit breaker already tripped: 3 consecutive losing paper trades
2026-09-24 16:40:29,784 [WARNING] run_once: Circuit breaker already tripped: 3 consecutive losing paper trades
2026-09-24 16:45:33,575 [WARNING] run_once: Circuit breaker already tripped: 3 consecutive losing paper trades
2026-09-24 16:50:32,943 [WARNING] run_once: Circuit breaker already tripped: 3 consecutive losing paper trades
2026-09-24 16:55:25,364 [WARNING] run_once: Circuit breaker already tripped: 3 consecutive losing paper trades
2026-09-24 17:00:34,397 [WARNING] run_once: Circuit breaker already tripped: 3 consecutive losing paper trades
2026-09-24 17:05:34,902 [WARNING] run_once: Circuit breaker already tripped: 3 consecutive losing paper trades
2026-09-24 17:10:31,062 [WARNING] run_once: Circuit breaker already tripped: 3 consecutive losing paper trades
2026-09-24 17:15:37,787 [WARNING] run_once: Circuit breaker already tripped: 3 consecutive losing paper trades
2026-09-24 17:20:32,570 [WARNING] run_once: Circuit breaker already tripped: 3 consecutive losing paper trades
2026-09-24 17:25:31,028 [WARNING] run_once: Circuit breaker already tripped: 3 consecutive losing paper trades
2026-09-24 17:30:29,364 [WARNING] run_once: Circuit breaker already tripped: 3 consecutive losing paper trades
2026-09-24 17:35:29,949 [WARNING] run_once: Circuit breaker already tripped: 3 consecutive losing paper trades
2026-09-24 17:40:30,450 [WARNING] run_once: Circuit breaker already tripped: 3 consecutive losing paper trades
2026-09-24 17:45:40,143 [WARNING] run_once: Circuit breaker already tripped: 3 consecutive losing paper trades
2026-09-24 17:50:31,063 [WARNING] run_once: Circuit breaker already tripped: 3 consecutive losing paper trades
2026-09-24 17:55:28,919 [WARNING] run_once: Circuit breaker already tripped: 3 consecutive losing paper trades
2026-09-24 18:00:33,417 [WARNING] run_once: Circuit breaker already tripped: 3 consecutive losing paper trades
2026-09-24 18:05:31,751 [WARNING] run_once: Circuit breaker already tripped: 3 consecutive losing paper trades
2026-09-24 18:10:29,443 [WARNING] run_once: Circuit breaker already tripped: 3 consecutive losing paper trades
2026-09-24 18:15:31,011 [WARNING] run_once: Circuit breaker already tripped: 3 consecutive losing paper trades
2026-09-24 18:20:33,152 [WARNING] run_once: Circuit breaker already tripped: 3 consecutive losing paper trades
2026-09-24 18:25:29,126 [WARNING] run_once: Circuit breaker already tripped: 3 consecutive losing paper trades
2026-09-24 18:30:34,657 [WARNING] run_once: Circuit breaker already tripped: 3 consecutive losing paper trades
2026-09-24 18:35:27,305 [WARNING] run_once: Circuit breaker already tripped: 3 consecutive losing paper trades
2026-09-24 18:40:32,476 [WARNING] run_once: Circuit breaker already tripped: 3 consecutive losing paper trades
2026-09-24 18:45:25,997 [WARNING] run_once: Circuit breaker already tripped: 3 consecutive losing paper trades
2026-09-24 18:50:39,219 [WARNING] run_once: Circuit breaker already tripped: 3 consecutive losing paper trades
2026-09-24 18:55:26,079 [WARNING] run_once: Circuit breaker already tripped: 3 consecutive losing paper trades
2026-09-24 19:00:33,625 [WARNING] run_once: Circuit breaker already tripped: 3 consecutive losing paper trades
2026-09-24 19:05:37,985 [WARNING] run_once: Circuit breaker already tripped: 3 consecutive losing paper trades
2026-09-24 19:10:31,818 [WARNING] run_once: Circuit breaker already tripped: 3 consecutive losing paper trades
2026-09-24 19:15:29,649 [WARNING] run_once: Circuit breaker already tripped: 3 consecutive losing paper trades
2026-09-24 19:20:32,327 [WARNING] run_once: Circuit breaker already tripped: 3 consecutive losing paper trades
2026-09-24 19:25:28,135 [WARNING] run_once: Circuit breaker already tripped: 3 consecutive losing paper trades
2026-09-24 19:30:35,939 [WARNING] run_once: Circuit breaker already tripped: 3 consecutive losing paper trades
2026-09-24 19:35:28,007 [WARNING] run_once: Circuit breaker already tripped: 3 consecutive losing paper trades
2026-09-24 19:40:27,092 [WARNING] run_once: Circuit breaker already tripped: 3 consecutive losing paper trades
2026-09-24 19:45:31,440 [WARNING] run_once: Circuit breaker already tripped: 3 consecutive losing paper trades
2026-09-24 19:50:31,700 [WARNING] run_once: Circuit breaker already tripped: 3 consecutive losing paper trades
2026-09-24 19:55:27,459 [WARNING] run_once: Circuit breaker already tripped: 3 consecutive losing paper trades
2026-09-24 20:00:30,072 [WARNING] run_once: Circuit breaker already tripped: 3 consecutive losing paper trades
2026-09-24 20:05:26,863 [WARNING] run_once: Circuit breaker already tripped: 3 consecutive losing paper trades
2026-09-24 20:10:34,226 [WARNING] run_once: Circuit breaker already tripped: 3 consecutive losing paper trades
2026-09-24 20:20:30,616 [WARNING] run_once: Circuit breaker already tripped: 3 consecutive losing paper trades
2026-09-24 20:25:27,082 [WARNING] run_once: Circuit breaker already tripped: 3 consecutive losing paper trades
2026-09-24 20:30:38,441 [WARNING] run_once: Circuit breaker already tripped: 3 consecutive losing paper trades
2026-09-24 20:35:31,535 [WARNING] run_once: Circuit breaker already tripped: 3 consecutive losing paper trades
2026-09-24 20:40:29,814 [WARNING] run_once: Circuit breaker already tripped: 3 consecutive losing paper trades
2026-09-24 20:46:07,174 [WARNING] run_once: Circuit breaker already tripped: 3 consecutive losing paper trades
2026-09-24 20:50:29,002 [WARNING] run_once: Circuit breaker already tripped: 3 consecutive losing paper trades
2026-09-24 20:55:28,217 [WARNING] run_once: Circuit breaker already tripped: 3 consecutive losing paper trades
2026-09-24 21:00:40,370 [WARNING] run_once: Circuit breaker already tripped: 3 consecutive losing paper trades
2026-09-24 21:05:28,455 [WARNING] run_once: Circuit breaker already tripped: 3 consecutive losing paper trades
2026-09-24 21:10:28,376 [WARNING] run_once: Circuit breaker already tripped: 3 consecutive losing paper trades
2026-09-24 21:15:32,222 [WARNING] run_once: Circuit breaker already tripped: 3 consecutive losing paper trades
2026-09-24 21:20:30,554 [WARNING] run_once: Circuit breaker already tripped: 3 consecutive losing paper trades
2026-09-24 21:26:02,475 [WARNING] run_once: Circuit breaker already tripped: 3 consecutive losing paper trades
2026-09-24 21:30:30,365 [WARNING] run_once: Circuit breaker already tripped: 3 consecutive losing paper trades
2026-09-24 21:35:29,771 [WARNING] run_once: Circuit breaker already tripped: 3 consecutive losing paper trades
2026-09-24 21:40:32,053 [WARNING] run_once: Circuit breaker already tripped: 3 consecutive losing paper trades
2026-09-24 21:45:41,461 [WARNING] run_once: Circuit breaker already tripped: 3 consecutive losing paper trades
2026-09-24 21:50:30,267 [WARNING] run_once: Circuit breaker already tripped: 3 consecutive losing paper trades
2026-09-24 21:55:26,439 [WARNING] run_once: Circuit breaker already tripped: 3 consecutive losing paper trades
2026-09-24 22:00:35,761 [WARNING] run_once: Circuit breaker already tripped: 3 consecutive losing paper trades
2026-09-24 22:05:27,518 [WARNING] run_once: Circuit breaker already tripped: 3 consecutive losing paper trades
2026-09-24 22:10:37,293 [WARNING] run_once: Circuit breaker already tripped: 3 consecutive losing paper trades
2026-09-24 22:15:29,034 [WARNING] run_once: Circuit breaker already tripped: 3 consecutive losing paper trades
2026-09-24 22:20:31,205 [WARNING] run_once: Circuit breaker already tripped: 3 consecutive losing paper trades
2026-09-24 22:25:27,108 [WARNING] run_once: Circuit breaker already tripped: 3 consecutive losing paper trades
2026-09-24 22:30:31,437 [WARNING] run_once: Circuit breaker already tripped: 3 consecutive losing paper trades
2026-09-24 22:35:23,092 [WARNING] run_once: Circuit breaker already tripped: 3 consecutive losing paper trades
2026-09-24 22:40:29,969 [WARNING] run_once: Circuit breaker already tripped: 3 consecutive losing paper trades
2026-09-24 22:45:29,087 [WARNING] run_once: Circuit breaker already tripped: 3 consecutive losing paper trades
2026-09-24 22:50:28,180 [WARNING] run_once: Circuit breaker already tripped: 3 consecutive losing paper trades
2026-09-24 22:55:29,453 [WARNING] run_once: Circuit breaker already tripped: 3 consecutive losing paper trades
2026-09-24 23:00:33,598 [WARNING] run_once: Circuit breaker already tripped: 3 consecutive losing paper trades
2026-09-24 23:05:33,981 [WARNING] run_once: Circuit breaker already tripped: 3 consecutive losing paper trades
2026-09-24 23:10:28,642 [WARNING] run_once: Circuit breaker already tripped: 3 consecutive losing paper trades
2026-09-24 23:15:31,692 [WARNING] run_once: Circuit breaker already tripped: 3 consecutive losing paper trades
2026-09-24 23:20:23,506 [WARNING] run_once: Circuit breaker already tripped: 3 consecutive losing paper trades
2026-09-24 23:25:29,047 [WARNING] run_once: Circuit breaker already tripped: 3 consecutive losing paper trades
2026-09-24 23:30:30,172 [WARNING] run_once: Circuit breaker already tripped: 3 consecutive losing paper trades
2026-09-24 23:35:22,397 [WARNING] run_once: Circuit breaker already tripped: 3 consecutive losing paper trades
2026-09-24 23:40:27,036 [WARNING] run_once: Circuit breaker already tripped: 3 consecutive losing paper trades
2026-09-24 23:45:30,972 [WARNING] run_once: Circuit breaker already tripped: 3 consecutive losing paper trades
2026-09-24 23:50:27,910 [WARNING] run_once: Circuit breaker already tripped: 3 consecutive losing paper trades
2026-09-24 23:55:24,813 [WARNING] run_once: Circuit breaker already tripped: 3 consecutive losing paper trades
2026-09-25 00:00:33,179 [WARNING] run_once: Circuit breaker already tripped: 3 consecutive losing paper trades
2026-09-25 00:05:23,005 [WARNING] run_once: Circuit breaker already tripped: 3 consecutive losing paper trades
2026-09-25 00:10:25,683 [WARNING] run_once: Circuit breaker already tripped: 3 consecutive losing paper trades
2026-09-25 00:15:29,038 [WARNING] run_once: Circuit breaker already tripped: 3 consecutive losing paper trades
2026-09-25 00:20:30,378 [WARNING] run_once: Circuit breaker already tripped: 3 consecutive losing paper trades
2026-09-25 00:25:28,055 [WARNING] run_once: Circuit breaker already tripped: 3 consecutive losing paper trades
2026-09-25 00:30:24,565 [WARNING] run_once: Circuit breaker already tripped: 3 consecutive losing paper trades
2026-09-25 00:35:29,306 [WARNING] run_once: Circuit breaker already tripped: 3 consecutive losing paper trades
2026-09-25 00:40:29,731 [WARNING] run_once: Circuit breaker already tripped: 3 consecutive losing paper trades
2026-09-25 00:47:38,857 [WARNING] run_once: Circuit breaker already tripped: 3 consecutive losing paper trades
2026-09-25 00:50:37,771 [WARNING] run_once: Circuit breaker already tripped: 3 consecutive losing paper trades
2026-09-25 00:55:25,111 [WARNING] run_once: Circuit breaker already tripped: 3 consecutive losing paper trades
2026-09-25 01:00:42,700 [WARNING] run_once: Circuit breaker already tripped: 3 consecutive losing paper trades
2026-09-25 01:05:29,378 [WARNING] run_once: Circuit breaker already tripped: 3 consecutive losing paper trades
2026-09-25 01:10:31,865 [WARNING] run_once: Circuit breaker already tripped: 3 consecutive losing paper trades
2026-09-25 01:15:27,183 [WARNING] run_once: Circuit breaker already tripped: 3 consecutive losing paper trades
2026-09-25 01:20:33,676 [WARNING] run_once: Circuit breaker already tripped: 3 consecutive losing paper trades
2026-09-25 01:25:25,020 [WARNING] run_once: Circuit breaker already tripped: 3 consecutive losing paper trades
2026-09-25 01:30:32,117 [WARNING] run_once: Circuit breaker already tripped: 3 consecutive losing paper trades
2026-09-25 01:35:28,165 [WARNING] run_once: Circuit breaker already tripped: 3 consecutive losing paper trades
2026-09-25 01:40:30,401 [WARNING] run_once: Circuit breaker already tripped: 3 consecutive losing paper trades
2026-09-25 01:45:33,292 [WARNING] run_once: Circuit breaker already tripped: 3 consecutive losing paper trades
2026-09-25 01:50:31,022 [WARNING] run_once: Circuit breaker already tripped: 3 consecutive losing paper trades
2026-09-25 01:55:23,617 [WARNING] run_once: Circuit breaker already tripped: 3 consecutive losing paper trades
2026-09-25 02:00:33,980 [WARNING] run_once: Circuit breaker already tripped: 3 consecutive losing paper trades
2026-09-25 02:05:27,520 [WARNING] run_once: Circuit breaker already tripped: 3 consecutive losing paper trades
2026-09-25 02:10:25,567 [WARNING] run_once: Circuit breaker already tripped: 3 consecutive losing paper trades
2026-09-25 02:15:30,678 [WARNING] run_once: Circuit breaker already tripped: 3 consecutive losing paper trades
2026-09-25 02:20:34,775 [WARNING] run_once: Circuit breaker already tripped: 3 consecutive losing paper trades
2026-09-25 02:25:24,941 [WARNING] run_once: Circuit breaker already tripped: 3 consecutive losing paper trades
2026-09-25 02:30:32,730 [WARNING] run_once: Circuit breaker already tripped: 3 consecutive losing paper trades
2026-09-25 02:35:28,422 [WARNING] run_once: Circuit breaker already tripped: 3 consecutive losing paper trades
2026-09-25 02:40:27,808 [WARNING] run_once: Circuit breaker already tripped: 3 consecutive losing paper trades
2026-09-25 02:45:30,556 [WARNING] run_once: Circuit breaker already tripped: 3 consecutive losing paper trades
2026-09-25 02:50:27,861 [WARNING] run_once: Circuit breaker already tripped: 3 consecutive losing paper trades
2026-09-25 02:55:25,512 [WARNING] run_once: Circuit breaker already tripped: 3 consecutive losing paper trades
2026-09-25 03:00:31,162 [WARNING] run_once: Circuit breaker already tripped: 3 consecutive losing paper trades
2026-09-25 03:05:24,912 [WARNING] run_once: Circuit breaker already tripped: 3 consecutive losing paper trades
2026-09-25 03:10:34,809 [WARNING] run_once: Circuit breaker already tripped: 3 consecutive losing paper trades
2026-09-25 03:15:32,690 [WARNING] run_once: Circuit breaker already tripped: 3 consecutive losing paper trades
2026-09-25 03:20:27,344 [WARNING] run_once: Circuit breaker already tripped: 3 consecutive losing paper trades
2026-09-25 03:25:24,642 [WARNING] run_once: Circuit breaker already tripped: 3 consecutive losing paper trades
2026-09-25 03:30:27,052 [WARNING] run_once: Circuit breaker already tripped: 3 consecutive losing paper trades
2026-09-25 03:35:28,364 [WARNING] run_once: Circuit breaker already tripped: 3 consecutive losing paper trades
2026-09-25 03:40:26,374 [WARNING] run_once: Circuit breaker already tripped: 3 consecutive losing paper trades
2026-09-25 03:45:40,302 [WARNING] run_once: Circuit breaker already tripped: 3 consecutive losing paper trades
2026-09-25 03:50:34,567 [WARNING] run_once: Circuit breaker already tripped: 3 consecutive losing paper trades
2026-09-25 03:55:24,574 [WARNING] run_once: Circuit breaker already tripped: 3 consecutive losing paper trades
2026-09-25 04:00:37,725 [WARNING] run_once: Circuit breaker already tripped: 3 consecutive losing paper trades
2026-09-25 04:05:27,187 [WARNING] run_once: Circuit breaker already tripped: 3 consecutive losing paper trades
2026-09-25 04:10:27,611 [WARNING] run_once: Circuit breaker already tripped: 3 consecutive losing paper trades
2026-09-25 04:15:28,680 [WARNING] run_once: Circuit breaker already tripped: 3 consecutive losing paper trades
2026-09-25 04:20:28,537 [WARNING] run_once: Circuit breaker already tripped: 3 consecutive losing paper trades
2026-09-25 04:25:27,588 [WARNING] run_once: Circuit breaker already tripped: 3 consecutive losing paper trades
2026-09-25 04:30:28,505 [WARNING] run_once: Circuit breaker already tripped: 3 consecutive losing paper trades
2026-09-25 04:35:22,668 [WARNING] run_once: Circuit breaker already tripped: 3 consecutive losing paper trades
2026-09-25 04:40:30,578 [WARNING] run_once: Circuit breaker already tripped: 3 consecutive losing paper trades
2026-09-25 04:45:32,991 [WARNING] run_once: Circuit breaker already tripped: 3 consecutive losing paper trades
2026-09-25 04:50:23,390 [WARNING] run_once: Circuit breaker already tripped: 3 consecutive losing paper trades
2026-09-25 04:55:26,190 [WARNING] run_once: Circuit breaker already tripped: 3 consecutive losing paper trades
2026-09-25 05:00:32,776 [WARNING] run_once: Circuit breaker already tripped: 3 consecutive losing paper trades
2026-09-25 05:05:29,411 [WARNING] run_once: Circuit breaker already tripped: 3 consecutive losing paper trades
2026-09-25 05:10:27,637 [WARNING] run_once: Circuit breaker already tripped: 3 consecutive losing paper trades
2026-09-25 05:15:39,494 [WARNING] run_once: Circuit breaker already tripped: 3 consecutive losing paper trades
2026-09-25 05:20:31,134 [WARNING] run_once: Circuit breaker already tripped: 3 consecutive losing paper trades
2026-09-25 05:25:28,194 [WARNING] run_once: Circuit breaker already tripped: 3 consecutive losing paper trades
2026-09-25 05:30:29,041 [WARNING] run_once: Circuit breaker already tripped: 3 consecutive losing paper trades
2026-09-25 05:35:26,492 [WARNING] run_once: Circuit breaker already tripped: 3 consecutive losing paper trades
2026-09-25 05:40:30,829 [WARNING] run_once: Circuit breaker already tripped: 3 consecutive losing paper trades
2026-09-25 05:46:03,514 [WARNING] run_once: Circuit breaker already tripped: 3 consecutive losing paper trades
2026-09-25 05:50:28,143 [WARNING] run_once: Circuit breaker already tripped: 3 consecutive losing paper trades
2026-09-25 05:55:23,750 [WARNING] run_once: Circuit breaker already tripped: 3 consecutive losing paper trades
2026-09-25 06:00:31,984 [WARNING] run_once: Circuit breaker already tripped: 3 consecutive losing paper trades
2026-09-25 06:05:27,060 [WARNING] run_once: Circuit breaker already tripped: 3 consecutive losing paper trades
2026-09-25 06:10:31,954 [WARNING] run_once: Circuit breaker already tripped: 3 consecutive losing paper trades
2026-09-25 06:15:32,417 [WARNING] run_once: Circuit breaker already tripped: 3 consecutive losing paper trades
2026-09-25 06:20:34,733 [WARNING] run_once: Circuit breaker already tripped: 3 consecutive losing paper trades
2026-09-25 06:25:36,075 [WARNING] run_once: Circuit breaker already tripped: 3 consecutive losing paper trades
2026-09-25 06:30:31,936 [WARNING] run_once: Circuit breaker already tripped: 3 consecutive losing paper trades
2026-09-25 06:35:21,316 [WARNING] run_once: Circuit breaker already tripped: 3 consecutive losing paper trades
2026-09-25 06:40:26,439 [WARNING] run_once: Circuit breaker already tripped: 3 consecutive losing paper trades
2026-09-25 06:45:28,156 [WARNING] run_once: Circuit breaker already tripped: 3 consecutive losing paper trades
2026-09-25 06:50:27,091 [WARNING] run_once: Circuit breaker already tripped: 3 consecutive losing paper trades
2026-09-25 06:55:28,280 [WARNING] run_once: Circuit breaker already tripped: 3 consecutive losing paper trades
2026-09-25 07:00:31,444 [WARNING] run_once: Circuit breaker already tripped: 3 consecutive losing paper trades
2026-09-25 07:05:24,584 [WARNING] run_once: Circuit breaker already tripped: 3 consecutive losing paper trades
2026-09-25 07:10:30,104 [WARNING] run_once: Circuit breaker already tripped: 3 consecutive losing paper trades
2026-09-25 07:15:32,608 [WARNING] run_once: Circuit breaker already tripped: 3 consecutive losing paper trades
2026-09-25 07:20:35,653 [WARNING] run_once: Circuit breaker already tripped: 3 consecutive losing paper trades
2026-09-25 07:25:29,318 [WARNING] run_once: Circuit breaker already tripped: 3 consecutive losing paper trades
2026-09-25 07:30:35,340 [WARNING] run_once: Circuit breaker already tripped: 3 consecutive losing paper trades
2026-09-25 07:35:25,161 [WARNING] run_once: Circuit breaker already tripped: 3 consecutive losing paper trades
2026-09-25 07:40:33,497 [WARNING] run_once: Circuit breaker already tripped: 3 consecutive losing paper trades
2026-09-25 07:45:28,815 [WARNING] run_once: Circuit breaker already tripped: 3 consecutive losing paper trades
2026-09-25 07:50:31,272 [WARNING] run_once: Circuit breaker already tripped: 3 consecutive losing paper trades
2026-09-25 07:55:27,181 [WARNING] run_once: Circuit breaker already tripped: 3 consecutive losing paper trades
2026-09-25 08:00:33,092 [WARNING] run_once: Circuit breaker already tripped: 3 consecutive losing paper trades
2026-09-25 08:05:37,305 [WARNING] run_once: Circuit breaker already tripped: 3 consecutive losing paper trades
2026-09-25 08:10:28,452 [WARNING] run_once: Circuit breaker already tripped: 3 consecutive losing paper trades
2026-09-25 08:15:31,542 [WARNING] run_once: Circuit breaker already tripped: 3 consecutive losing paper trades
2026-09-25 08:20:24,942 [WARNING] run_once: Circuit breaker already tripped: 3 consecutive losing paper trades
2026-09-25 08:25:24,606 [WARNING] run_once: Circuit breaker already tripped: 3 consecutive losing paper trades
2026-09-25 08:30:38,037 [WARNING] run_once: Circuit breaker already tripped: 3 consecutive losing paper trades
2026-09-25 08:35:25,998 [WARNING] run_once: Circuit breaker already tripped: 3 consecutive losing paper trades
2026-09-25 08:40:31,542 [WARNING] run_once: Circuit breaker already tripped: 3 consecutive losing paper trades
2026-09-25 08:45:31,092 [WARNING] run_once: Circuit breaker already tripped: 3 consecutive losing paper trades
2026-09-25 08:50:27,597 [WARNING] run_once: Circuit breaker already tripped: 3 consecutive losing paper trades
2026-09-25 08:55:24,428 [WARNING] run_once: Circuit breaker already tripped: 3 consecutive losing paper trades
2026-09-25 09:00:36,348 [WARNING] run_once: Circuit breaker already tripped: 3 consecutive losing paper trades
2026-09-25 09:05:31,625 [WARNING] run_once: Circuit breaker already tripped: 3 consecutive losing paper trades
2026-09-25 09:10:31,792 [WARNING] run_once: Circuit breaker already tripped: 3 consecutive losing paper trades
2026-09-25 09:15:28,656 [WARNING] run_once: Circuit breaker already tripped: 3 consecutive losing paper trades
2026-09-25 09:20:27,670 [WARNING] run_once: Circuit breaker already tripped: 3 consecutive losing paper trades
2026-09-25 09:25:25,771 [WARNING] run_once: Circuit breaker already tripped: 3 consecutive losing paper trades
2026-09-25 09:30:37,212 [WARNING] run_once: Circuit breaker already tripped: 3 consecutive losing paper trades
2026-09-25 09:35:20,924 [WARNING] run_once: Circuit breaker already tripped: 3 consecutive losing paper trades
2026-09-25 09:40:29,365 [WARNING] run_once: Circuit breaker already tripped: 3 consecutive losing paper trades
2026-09-25 09:45:30,360 [WARNING] run_once: Circuit breaker already tripped: 3 consecutive losing paper trades
2026-09-25 09:50:27,818 [WARNING] run_once: Circuit breaker already tripped: 3 consecutive losing paper trades
2026-09-25 09:55:25,765 [WARNING] run_once: Circuit breaker already tripped: 3 consecutive losing paper trades
2026-09-25 10:00:31,208 [WARNING] run_once: Circuit breaker already tripped: 3 consecutive losing paper trades
2026-09-25 10:05:24,808 [WARNING] run_once: Circuit breaker already tripped: 3 consecutive losing paper trades
2026-09-25 10:10:25,395 [WARNING] run_once: Circuit breaker already tripped: 3 consecutive losing paper trades
2026-09-25 10:15:32,390 [WARNING] run_once: Circuit breaker already tripped: 3 consecutive losing paper trades
2026-09-25 10:20:35,848 [WARNING] run_once: Circuit breaker already tripped: 3 consecutive losing paper trades
2026-09-25 10:25:25,193 [WARNING] run_once: Circuit breaker already tripped: 3 consecutive losing paper trades
2026-09-25 10:30:29,280 [WARNING] run_once: Circuit breaker already tripped: 3 consecutive losing paper trades
2026-09-25 10:35:27,146 [WARNING] run_once: Circuit breaker already tripped: 3 consecutive losing paper trades
2026-09-25 10:40:27,941 [WARNING] run_once: Circuit breaker already tripped: 3 consecutive losing paper trades
2026-09-25 10:45:29,860 [WARNING] run_once: Circuit breaker already tripped: 3 consecutive losing paper trades
2026-09-25 10:50:28,512 [WARNING] run_once: Circuit breaker already tripped: 3 consecutive losing paper trades
2026-09-25 10:55:19,301 [WARNING] run_once: Circuit breaker already tripped: 3 consecutive losing paper trades
2026-09-25 11:00:33,871 [WARNING] run_once: Circuit breaker already tripped: 3 consecutive losing paper trades
2026-09-25 11:05:26,579 [WARNING] run_once: Circuit breaker already tripped: 3 consecutive losing paper trades
2026-09-25 11:10:27,622 [WARNING] run_once: Circuit breaker already tripped: 3 consecutive losing paper trades
2026-09-25 11:15:22,314 [WARNING] run_once: Circuit breaker already tripped: 3 consecutive losing paper trades
2026-09-25 11:20:31,784 [WARNING] run_once: Circuit breaker already tripped: 3 consecutive losing paper trades
2026-09-25 11:25:26,442 [WARNING] run_once: Circuit breaker already tripped: 3 consecutive losing paper trades
2026-09-25 11:30:33,445 [WARNING] run_once: Circuit breaker already tripped: 3 consecutive losing paper trades
2026-09-25 11:35:32,955 [WARNING] run_once: Circuit breaker already tripped: 3 consecutive losing paper trades
2026-09-25 11:40:28,305 [WARNING] run_once: Circuit breaker already tripped: 3 consecutive losing paper trades
2026-09-25 11:45:28,110 [WARNING] run_once: Circuit breaker already tripped: 3 consecutive losing paper trades
2026-09-25 11:50:28,742 [WARNING] run_once: Circuit breaker already tripped: 3 consecutive losing paper trades
2026-09-25 11:55:30,290 [WARNING] run_once: Circuit breaker already tripped: 3 consecutive losing paper trades
2026-09-25 12:00:27,047 [WARNING] run_once: Circuit breaker already tripped: 3 consecutive losing paper trades
2026-09-25 12:05:26,877 [WARNING] run_once: Circuit breaker already tripped: 3 consecutive losing paper trades
2026-09-25 12:10:33,405 [WARNING] run_once: Circuit breaker already tripped: 3 consecutive losing paper trades
2026-09-25 12:15:29,922 [WARNING] run_once: Circuit breaker already tripped: 3 consecutive losing paper trades
2026-09-25 12:20:26,548 [WARNING] run_once: Circuit breaker already tripped: 3 consecutive losing paper trades
2026-09-25 12:25:25,423 [WARNING] run_once: Circuit breaker already tripped: 3 consecutive losing paper trades
2026-09-25 12:30:29,609 [WARNING] run_once: Circuit breaker already tripped: 3 consecutive losing paper trades
2026-09-25 12:35:25,838 [WARNING] run_once: Circuit breaker already tripped: 3 consecutive losing paper trades
2026-09-25 12:40:28,507 [WARNING] run_once: Circuit breaker already tripped: 3 consecutive losing paper trades
2026-09-25 12:45:29,468 [WARNING] run_once: Circuit breaker already tripped: 3 consecutive losing paper trades
2026-09-25 12:50:24,686 [WARNING] run_once: Circuit breaker already tripped: 3 consecutive losing paper trades
2026-09-25 12:55:29,060 [WARNING] run_once: Circuit breaker already tripped: 3 consecutive losing paper trades
2026-09-25 13:00:32,013 [WARNING] run_once: Circuit breaker already tripped: 3 consecutive losing paper trades
2026-09-25 13:05:27,721 [WARNING] run_once: Circuit breaker already tripped: 3 consecutive losing paper trades
2026-09-25 13:10:28,261 [WARNING] run_once: Circuit breaker already tripped: 3 consecutive losing paper trades
2026-09-25 13:15:30,834 [WARNING] run_once: Circuit breaker already tripped: 3 consecutive losing paper trades
2026-09-25 13:20:38,170 [WARNING] run_once: Circuit breaker already tripped: 3 consecutive losing paper trades
2026-09-25 13:25:26,092 [WARNING] run_once: Circuit breaker already tripped: 3 consecutive losing paper trades
2026-09-25 13:30:28,575 [WARNING] run_once: Circuit breaker already tripped: 3 consecutive losing paper trades
2026-09-25 13:35:26,868 [WARNING] run_once: Circuit breaker already tripped: 3 consecutive losing paper trades
2026-09-25 13:40:32,851 [WARNING] run_once: Circuit breaker already tripped: 3 consecutive losing paper trades
2026-09-25 13:45:29,028 [WARNING] run_once: Circuit breaker already tripped: 3 consecutive losing paper trades
2026-09-25 13:50:31,008 [WARNING] run_once: Circuit breaker already tripped: 3 consecutive losing paper trades
2026-09-25 13:55:26,584 [WARNING] run_once: Circuit breaker already tripped: 3 consecutive losing paper trades
2026-09-25 14:00:33,590 [WARNING] run_once: Circuit breaker already tripped: 3 consecutive losing paper trades
2026-09-25 14:05:28,355 [WARNING] run_once: Circuit breaker already tripped: 3 consecutive losing paper trades
2026-09-25 14:10:34,022 [WARNING] run_once: Circuit breaker already tripped: 3 consecutive losing paper trades
2026-09-25 14:15:29,475 [WARNING] run_once: Circuit breaker already tripped: 3 consecutive losing paper trades
2026-09-25 14:20:29,634 [WARNING] run_once: Circuit breaker already tripped: 3 consecutive losing paper trades
2026-09-25 14:25:27,862 [WARNING] run_once: Circuit breaker already tripped: 3 consecutive losing paper trades
2026-09-25 14:30:38,211 [WARNING] run_once: Circuit breaker already tripped: 3 consecutive losing paper trades
2026-09-25 14:35:27,002 [WARNING] run_once: Circuit breaker already tripped: 3 consecutive losing paper trades
2026-09-25 14:40:39,914 [WARNING] run_once: Circuit breaker already tripped: 3 consecutive losing paper trades
2026-09-25 14:45:32,578 [WARNING] run_once: Circuit breaker already tripped: 3 consecutive losing paper trades
2026-09-25 14:50:32,752 [WARNING] run_once: Circuit breaker already tripped: 3 consecutive losing paper trades
2026-09-25 14:55:25,881 [WARNING] run_once: Circuit breaker already tripped: 3 consecutive losing paper trades
2026-09-25 15:00:33,780 [WARNING] run_once: Circuit breaker already tripped: 3 consecutive losing paper trades
2026-09-25 15:05:33,394 [WARNING] run_once: Circuit breaker already tripped: 3 consecutive losing paper trades
2026-09-25 15:10:30,373 [WARNING] run_once: Circuit breaker already tripped: 3 consecutive losing paper trades
2026-09-25 15:15:26,477 [WARNING] run_once: Circuit breaker already tripped: 3 consecutive losing paper trades
2026-09-25 15:20:32,471 [WARNING] run_once: Circuit breaker already tripped: 3 consecutive losing paper trades
2026-09-25 15:25:25,768 [WARNING] run_once: Circuit breaker already tripped: 3 consecutive losing paper trades
2026-09-25 15:30:33,464 [WARNING] run_once: Circuit breaker already tripped: 3 consecutive losing paper trades
2026-09-25 15:35:27,917 [WARNING] run_once: Circuit breaker already tripped: 3 consecutive losing paper trades
2026-09-25 15:40:30,207 [WARNING] run_once: Circuit breaker already tripped: 3 consecutive losing paper trades
2026-09-25 15:45:43,846 [WARNING] run_once: Circuit breaker already tripped: 3 consecutive losing paper trades
2026-09-25 15:50:35,523 [WARNING] run_once: Circuit breaker already tripped: 3 consecutive losing paper trades
2026-09-25 15:55:25,887 [WARNING] run_once: Circuit breaker already tripped: 3 consecutive losing paper trades
2026-09-25 16:00:32,207 [WARNING] run_once: Circuit breaker already tripped: 3 consecutive losing paper trades
2026-09-25 16:05:30,431 [WARNING] run_once: Circuit breaker already tripped: 3 consecutive losing paper trades
2026-09-25 16:10:29,660 [WARNING] run_once: Circuit breaker already tripped: 3 consecutive losing paper trades
2026-09-25 16:15:34,980 [WARNING] run_once: Circuit breaker already tripped: 3 consecutive losing paper trades
2026-09-25 16:20:29,476 [WARNING] run_once: Circuit breaker already tripped: 3 consecutive losing paper trades
2026-09-25 16:25:29,908 [WARNING] run_once: Circuit breaker already tripped: 3 consecutive losing paper trades
2026-09-25 16:30:31,313 [WARNING] run_once: Circuit breaker already tripped: 3 consecutive losing paper trades
2026-09-25 16:35:27,696 [WARNING] run_once: Circuit breaker already tripped: 3 consecutive losing paper trades
2026-09-25 16:40:30,748 [WARNING] run_once: Circuit breaker already tripped: 3 consecutive losing paper trades
2026-09-25 16:45:27,898 [WARNING] run_once: Circuit breaker already tripped: 3 consecutive losing paper trades
2026-09-25 16:50:26,514 [WARNING] run_once: Circuit breaker already tripped: 3 consecutive losing paper trades
2026-09-25 16:55:33,595 [WARNING] run_once: Circuit breaker already tripped: 3 consecutive losing paper trades
2026-09-25 17:00:33,284 [WARNING] run_once: Circuit breaker already tripped: 3 consecutive losing paper trades
2026-09-25 17:05:29,436 [WARNING] run_once: Circuit breaker already tripped: 3 consecutive losing paper trades
2026-09-25 17:10:29,246 [WARNING] run_once: Circuit breaker already tripped: 3 consecutive losing paper trades
2026-09-25 17:15:30,566 [WARNING] run_once: Circuit breaker already tripped: 3 consecutive losing paper trades
2026-09-25 17:20:30,414 [WARNING] run_once: Circuit breaker already tripped: 3 consecutive losing paper trades
2026-09-25 17:25:24,153 [WARNING] run_once: Circuit breaker already tripped: 3 consecutive losing paper trades
2026-09-25 17:30:30,417 [WARNING] run_once: Circuit breaker already tripped: 3 consecutive losing paper trades
2026-09-25 17:35:29,962 [WARNING] run_once: Circuit breaker already tripped: 3 consecutive losing paper trades
2026-09-25 17:40:33,384 [WARNING] run_once: Circuit breaker already tripped: 3 consecutive losing paper trades
2026-09-25 17:45:30,634 [WARNING] run_once: Circuit breaker already tripped: 3 consecutive losing paper trades
2026-09-25 17:50:29,230 [WARNING] run_once: Circuit breaker already tripped: 3 consecutive losing paper trades
2026-09-25 17:55:23,153 [WARNING] run_once: Circuit breaker already tripped: 3 consecutive losing paper trades
2026-09-25 18:00:31,976 [WARNING] run_once: Circuit breaker already tripped: 3 consecutive losing paper trades
2026-09-25 18:05:29,443 [WARNING] run_once: Circuit breaker already tripped: 3 consecutive losing paper trades
2026-09-25 18:10:33,092 [WARNING] run_once: Circuit breaker already tripped: 3 consecutive losing paper trades
2026-09-25 18:15:37,529 [WARNING] run_once: Circuit breaker already tripped: 3 consecutive losing paper trades
2026-09-25 18:20:28,526 [WARNING] run_once: Circuit breaker already tripped: 3 consecutive losing paper trades
2026-09-25 18:25:26,686 [WARNING] run_once: Circuit breaker already tripped: 3 consecutive losing paper trades
2026-09-25 18:30:27,586 [WARNING] run_once: Circuit breaker already tripped: 3 consecutive losing paper trades
2026-09-25 18:35:29,863 [WARNING] run_once: Circuit breaker already tripped: 3 consecutive losing paper trades
2026-09-25 18:40:30,482 [WARNING] run_once: Circuit breaker already tripped: 3 consecutive losing paper trades
2026-09-25 18:45:28,511 [WARNING] run_once: Circuit breaker already tripped: 3 consecutive losing paper trades
2026-09-25 18:50:32,627 [WARNING] run_once: Circuit breaker already tripped: 3 consecutive losing paper trades
2026-09-25 18:55:26,146 [WARNING] run_once: Circuit breaker already tripped: 3 consecutive losing paper trades
2026-09-25 19:00:31,967 [WARNING] run_once: Circuit breaker already tripped: 3 consecutive losing paper trades
2026-09-25 19:05:29,343 [WARNING] run_once: Circuit breaker already tripped: 3 consecutive losing paper trades
2026-09-25 19:10:29,785 [WARNING] run_once: Circuit breaker already tripped: 3 consecutive losing paper trades
2026-09-25 19:15:30,940 [WARNING] run_once: Circuit breaker already tripped: 3 consecutive losing paper trades
2026-09-25 19:20:38,246 [WARNING] run_once: Circuit breaker already tripped: 3 consecutive losing paper trades
2026-09-25 19:25:27,720 [WARNING] run_once: Circuit breaker already tripped: 3 consecutive losing paper trades
2026-09-25 19:30:30,490 [WARNING] run_once: Circuit breaker already tripped: 3 consecutive losing paper trades
2026-09-25 19:35:26,528 [WARNING] run_once: Circuit breaker already tripped: 3 consecutive losing paper trades
2026-09-25 19:40:31,367 [WARNING] run_once: Circuit breaker already tripped: 3 consecutive losing paper trades
2026-09-25 19:45:27,494 [WARNING] run_once: Circuit breaker already tripped: 3 consecutive losing paper trades
2026-09-25 19:50:29,030 [WARNING] run_once: Circuit breaker already tripped: 3 consecutive losing paper trades
2026-09-25 19:55:25,244 [WARNING] run_once: Circuit breaker already tripped: 3 consecutive losing paper trades
2026-09-25 20:00:31,748 [WARNING] run_once: Circuit breaker already tripped: 3 consecutive losing paper trades
2026-09-25 20:05:25,894 [WARNING] run_once: Circuit breaker already tripped: 3 consecutive losing paper trades
2026-09-25 20:10:28,744 [WARNING] run_once: Circuit breaker already tripped: 3 consecutive losing paper trades
2026-09-25 20:15:28,776 [WARNING] run_once: Circuit breaker already tripped: 3 consecutive losing paper trades
2026-09-25 20:20:31,083 [WARNING] run_once: Circuit breaker already tripped: 3 consecutive losing paper trades
2026-09-25 20:25:28,365 [WARNING] run_once: Circuit breaker already tripped: 3 consecutive losing paper trades
2026-09-25 20:30:26,765 [WARNING] run_once: Circuit breaker already tripped: 3 consecutive losing paper trades
2026-09-25 20:35:27,558 [WARNING] run_once: Circuit breaker already tripped: 3 consecutive losing paper trades
2026-09-25 20:40:27,433 [WARNING] run_once: Circuit breaker already tripped: 3 consecutive losing paper trades
2026-09-25 20:45:28,098 [WARNING] run_once: Circuit breaker already tripped: 3 consecutive losing paper trades
2026-09-25 20:50:30,479 [WARNING] run_once: Circuit breaker already tripped: 3 consecutive losing paper trades
2026-09-25 20:55:25,107 [WARNING] run_once: Circuit breaker already tripped: 3 consecutive losing paper trades
2026-09-25 21:00:33,081 [WARNING] run_once: Circuit breaker already tripped: 3 consecutive losing paper trades
2026-09-25 21:05:23,984 [WARNING] run_once: Circuit breaker already tripped: 3 consecutive losing paper trades
2026-09-25 21:10:29,482 [WARNING] run_once: Circuit breaker already tripped: 3 consecutive losing paper trades
2026-09-25 21:15:25,670 [WARNING] run_once: Circuit breaker already tripped: 3 consecutive losing paper trades
2026-09-25 21:20:30,802 [WARNING] run_once: Circuit breaker already tripped: 3 consecutive losing paper trades
2026-09-25 21:25:25,772 [WARNING] run_once: Circuit breaker already tripped: 3 consecutive losing paper trades
2026-09-25 21:30:32,533 [WARNING] run_once: Circuit breaker already tripped: 3 consecutive losing paper trades
2026-09-25 21:35:27,068 [WARNING] run_once: Circuit breaker already tripped: 3 consecutive losing paper trades
2026-09-25 21:40:28,000 [WARNING] run_once: Circuit breaker already tripped: 3 consecutive losing paper trades
2026-09-25 21:45:35,060 [WARNING] run_once: Circuit breaker already tripped: 3 consecutive losing paper trades
2026-09-25 21:50:32,559 [WARNING] run_once: Circuit breaker already tripped: 3 consecutive losing paper trades
2026-09-25 21:55:26,914 [WARNING] run_once: Circuit breaker already tripped: 3 consecutive losing paper trades
2026-09-25 22:00:31,604 [WARNING] run_once: Circuit breaker already tripped: 3 consecutive losing paper trades
2026-09-25 22:05:27,610 [WARNING] run_once: Circuit breaker already tripped: 3 consecutive losing paper trades
2026-09-25 22:10:24,569 [WARNING] run_once: Circuit breaker already tripped: 3 consecutive losing paper trades
2026-09-25 22:15:29,333 [WARNING] run_once: Circuit breaker already tripped: 3 consecutive losing paper trades
2026-09-25 22:20:30,541 [WARNING] run_once: Circuit breaker already tripped: 3 consecutive losing paper trades
2026-09-25 22:25:30,382 [WARNING] run_once: Circuit breaker already tripped: 3 consecutive losing paper trades
2026-09-25 22:30:26,809 [WARNING] run_once: Circuit breaker already tripped: 3 consecutive losing paper trades
2026-09-25 22:35:27,403 [WARNING] run_once: Circuit breaker already tripped: 3 consecutive losing paper trades
2026-09-25 22:40:26,250 [WARNING] run_once: Circuit breaker already tripped: 3 consecutive losing paper trades
2026-09-25 22:45:26,775 [WARNING] run_once: Circuit breaker already tripped: 3 consecutive losing paper trades
2026-09-25 22:50:28,049 [WARNING] run_once: Circuit breaker already tripped: 3 consecutive losing paper trades
2026-09-25 22:55:24,795 [WARNING] run_once: Circuit breaker already tripped: 3 consecutive losing paper trades
2026-09-25 23:00:27,724 [WARNING] run_once: Circuit breaker already tripped: 3 consecutive losing paper trades
2026-09-25 23:05:21,893 [WARNING] run_once: Circuit breaker already tripped: 3 consecutive losing paper trades
2026-09-25 23:10:27,339 [WARNING] run_once: Circuit breaker already tripped: 3 consecutive losing paper trades
2026-09-25 23:15:31,527 [WARNING] run_once: Circuit breaker already tripped: 3 consecutive losing paper trades
2026-09-25 23:20:30,238 [WARNING] run_once: Circuit breaker already tripped: 3 consecutive losing paper trades
2026-09-25 23:25:27,644 [WARNING] run_once: Circuit breaker already tripped: 3 consecutive losing paper trades
2026-09-25 23:30:34,004 [WARNING] run_once: Circuit breaker already tripped: 3 consecutive losing paper trades
2026-09-25 23:35:29,204 [WARNING] run_once: Circuit breaker already tripped: 3 consecutive losing paper trades
2026-09-25 23:40:27,493 [WARNING] run_once: Circuit breaker already tripped: 3 consecutive losing paper trades
2026-09-25 23:45:26,625 [WARNING] run_once: Circuit breaker already tripped: 3 consecutive losing paper trades
2026-09-25 23:50:27,711 [WARNING] run_once: Circuit breaker already tripped: 3 consecutive losing paper trades
2026-09-25 23:55:24,330 [WARNING] run_once: Circuit breaker already tripped: 3 consecutive losing paper trades
2026-09-26 00:00:33,105 [WARNING] run_once: Circuit breaker already tripped: 3 consecutive losing paper trades
2026-09-26 00:05:28,214 [WARNING] run_once: Circuit breaker already tripped: 3 consecutive losing paper trades
2026-09-26 00:11:08,517 [WARNING] run_once: Circuit breaker already tripped: 3 consecutive losing paper trades
2026-09-26 00:15:26,546 [WARNING] run_once: Circuit breaker already tripped: 3 consecutive losing paper trades
2026-09-26 00:20:30,769 [WARNING] run_once: Circuit breaker already tripped: 3 consecutive losing paper trades
2026-09-26 00:25:29,234 [WARNING] run_once: Circuit breaker already tripped: 3 consecutive losing paper trades
2026-09-26 00:30:31,247 [WARNING] run_once: Circuit breaker already tripped: 3 consecutive losing paper trades
2026-09-26 00:35:35,109 [WARNING] run_once: Circuit breaker already tripped: 3 consecutive losing paper trades
2026-09-26 00:40:26,221 [WARNING] run_once: Circuit breaker already tripped: 3 consecutive losing paper trades
2026-09-26 00:45:28,761 [WARNING] run_once: Circuit breaker already tripped: 3 consecutive losing paper trades
2026-09-26 00:50:28,616 [WARNING] run_once: Circuit breaker already tripped: 3 consecutive losing paper trades
2026-09-26 00:55:26,755 [WARNING] run_once: Circuit breaker already tripped: 3 consecutive losing paper trades
2026-09-26 01:00:31,611 [WARNING] run_once: Circuit breaker already tripped: 3 consecutive losing paper trades
2026-09-26 01:05:19,679 [WARNING] run_once: Circuit breaker already tripped: 3 consecutive losing paper trades
2026-09-26 01:10:27,618 [WARNING] run_once: Circuit breaker already tripped: 3 consecutive losing paper trades
2026-09-26 01:15:26,971 [WARNING] run_once: Circuit breaker already tripped: 3 consecutive losing paper trades
2026-09-26 01:20:29,333 [WARNING] run_once: Circuit breaker already tripped: 3 consecutive losing paper trades
2026-09-26 01:25:23,564 [WARNING] run_once: Circuit breaker already tripped: 3 consecutive losing paper trades
2026-09-26 01:30:30,184 [WARNING] run_once: Circuit breaker already tripped: 3 consecutive losing paper trades
2026-09-26 01:35:26,280 [WARNING] run_once: Circuit breaker already tripped: 3 consecutive losing paper trades
2026-09-26 01:40:26,054 [WARNING] run_once: Circuit breaker already tripped: 3 consecutive losing paper trades
2026-09-26 01:45:28,728 [WARNING] run_once: Circuit breaker already tripped: 3 consecutive losing paper trades
2026-09-26 01:50:28,167 [WARNING] run_once: Circuit breaker already tripped: 3 consecutive losing paper trades
2026-09-26 01:55:29,997 [WARNING] run_once: Circuit breaker already tripped: 3 consecutive losing paper trades
2026-09-26 02:00:34,690 [WARNING] run_once: Circuit breaker already tripped: 3 consecutive losing paper trades
2026-09-26 02:05:28,723 [WARNING] run_once: Circuit breaker already tripped: 3 consecutive losing paper trades
2026-09-26 02:10:27,358 [WARNING] run_once: Circuit breaker already tripped: 3 consecutive losing paper trades
2026-09-26 02:15:30,560 [WARNING] run_once: Circuit breaker already tripped: 3 consecutive losing paper trades
2026-09-26 02:20:29,574 [WARNING] run_once: Circuit breaker already tripped: 3 consecutive losing paper trades
2026-09-26 02:25:29,388 [WARNING] run_once: Circuit breaker already tripped: 3 consecutive losing paper trades
2026-09-26 02:31:09,295 [WARNING] run_once: Circuit breaker already tripped: 3 consecutive losing paper trades
2026-09-26 02:35:23,246 [WARNING] run_once: Circuit breaker already tripped: 3 consecutive losing paper trades
2026-09-26 02:40:29,154 [WARNING] run_once: Circuit breaker already tripped: 3 consecutive losing paper trades
2026-09-26 02:45:35,838 [WARNING] run_once: Circuit breaker already tripped: 3 consecutive losing paper trades
2026-09-26 02:50:27,914 [WARNING] run_once: Circuit breaker already tripped: 3 consecutive losing paper trades
2026-09-26 02:55:23,693 [WARNING] run_once: Circuit breaker already tripped: 3 consecutive losing paper trades
2026-09-26 03:00:31,091 [WARNING] run_once: Circuit breaker already tripped: 3 consecutive losing paper trades
2026-09-26 03:05:22,715 [WARNING] run_once: Circuit breaker already tripped: 3 consecutive losing paper trades
2026-09-26 03:10:26,750 [WARNING] run_once: Circuit breaker already tripped: 3 consecutive losing paper trades
2026-09-26 03:15:28,894 [WARNING] run_once: Circuit breaker already tripped: 3 consecutive losing paper trades
2026-09-26 03:20:26,781 [WARNING] run_once: Circuit breaker already tripped: 3 consecutive losing paper trades
2026-09-26 03:25:28,742 [WARNING] run_once: Circuit breaker already tripped: 3 consecutive losing paper trades
2026-09-26 03:30:32,423 [WARNING] run_once: Circuit breaker already tripped: 3 consecutive losing paper trades
2026-09-26 03:35:22,983 [WARNING] run_once: Circuit breaker already tripped: 3 consecutive losing paper trades
2026-09-26 03:40:32,042 [WARNING] run_once: Circuit breaker already tripped: 3 consecutive losing paper trades
2026-09-26 03:45:31,059 [WARNING] run_once: Circuit breaker already tripped: 3 consecutive losing paper trades
2026-09-26 03:50:22,608 [WARNING] run_once: Circuit breaker already tripped: 3 consecutive losing paper trades
2026-09-26 03:55:20,793 [WARNING] run_once: Circuit breaker already tripped: 3 consecutive losing paper trades
2026-09-26 04:00:37,197 [WARNING] run_once: Circuit breaker already tripped: 3 consecutive losing paper trades
2026-09-26 04:05:25,220 [WARNING] run_once: Circuit breaker already tripped: 3 consecutive losing paper trades
2026-09-26 04:10:24,005 [WARNING] run_once: Circuit breaker already tripped: 3 consecutive losing paper trades
2026-09-26 04:15:30,668 [WARNING] run_once: Circuit breaker already tripped: 3 consecutive losing paper trades
2026-09-26 04:20:35,891 [WARNING] run_once: Circuit breaker already tripped: 3 consecutive losing paper trades
2026-09-26 04:25:24,100 [WARNING] run_once: Circuit breaker already tripped: 3 consecutive losing paper trades
2026-09-26 04:30:32,445 [WARNING] run_once: Circuit breaker already tripped: 3 consecutive losing paper trades
2026-09-26 04:35:25,490 [WARNING] run_once: Circuit breaker already tripped: 3 consecutive losing paper trades
2026-09-26 04:40:31,668 [WARNING] run_once: Circuit breaker already tripped: 3 consecutive losing paper trades
2026-09-26 04:45:32,752 [WARNING] run_once: Circuit breaker already tripped: 3 consecutive losing paper trades
2026-09-26 04:50:27,110 [WARNING] run_once: Circuit breaker already tripped: 3 consecutive losing paper trades
2026-09-26 04:55:27,103 [WARNING] run_once: Circuit breaker already tripped: 3 consecutive losing paper trades
2026-09-26 05:00:30,820 [WARNING] run_once: Circuit breaker already tripped: 3 consecutive losing paper trades
2026-09-26 05:05:31,477 [WARNING] run_once: Circuit breaker already tripped: 3 consecutive losing paper trades
2026-09-26 05:10:26,796 [WARNING] run_once: Circuit breaker already tripped: 3 consecutive losing paper trades
2026-09-26 05:15:32,003 [WARNING] run_once: Circuit breaker already tripped: 3 consecutive losing paper trades
2026-09-26 05:20:30,060 [WARNING] run_once: Circuit breaker already tripped: 3 consecutive losing paper trades
2026-09-26 05:25:28,486 [WARNING] run_once: Circuit breaker already tripped: 3 consecutive losing paper trades
2026-09-26 05:30:28,735 [WARNING] run_once: Circuit breaker already tripped: 3 consecutive losing paper trades
2026-09-26 05:35:28,329 [WARNING] run_once: Circuit breaker already tripped: 3 consecutive losing paper trades
2026-09-26 05:40:28,230 [WARNING] run_once: Circuit breaker already tripped: 3 consecutive losing paper trades
2026-09-26 05:45:29,793 [WARNING] run_once: Circuit breaker already tripped: 3 consecutive losing paper trades
2026-09-26 05:50:30,995 [WARNING] run_once: Circuit breaker already tripped: 3 consecutive losing paper trades
2026-09-26 05:55:23,551 [WARNING] run_once: Circuit breaker already tripped: 3 consecutive losing paper trades
2026-09-26 06:00:32,181 [WARNING] run_once: Circuit breaker already tripped: 3 consecutive losing paper trades
2026-09-26 06:05:26,619 [WARNING] run_once: Circuit breaker already tripped: 3 consecutive losing paper trades
2026-09-26 06:10:34,212 [WARNING] run_once: Circuit breaker already tripped: 3 consecutive losing paper trades
2026-09-26 06:15:34,621 [WARNING] run_once: Circuit breaker already tripped: 3 consecutive losing paper trades
2026-09-26 06:20:28,115 [WARNING] run_once: Circuit breaker already tripped: 3 consecutive losing paper trades
2026-09-26 06:25:27,423 [WARNING] run_once: Circuit breaker already tripped: 3 consecutive losing paper trades
2026-09-26 06:30:34,624 [WARNING] run_once: Circuit breaker already tripped: 3 consecutive losing paper trades
2026-09-26 06:35:32,072 [WARNING] run_once: Circuit breaker already tripped: 3 consecutive losing paper trades
2026-09-26 06:40:24,810 [WARNING] run_once: Circuit breaker already tripped: 3 consecutive losing paper trades
2026-09-26 06:45:30,676 [WARNING] run_once: Circuit breaker already tripped: 3 consecutive losing paper trades
2026-09-26 06:50:28,625 [WARNING] run_once: Circuit breaker already tripped: 3 consecutive losing paper trades
2026-09-26 06:55:25,106 [WARNING] run_once: Circuit breaker already tripped: 3 consecutive losing paper trades
2026-09-26 07:00:31,922 [WARNING] run_once: Circuit breaker already tripped: 3 consecutive losing paper trades
2026-09-26 07:05:27,907 [WARNING] run_once: Circuit breaker already tripped: 3 consecutive losing paper trades
2026-09-26 07:10:26,722 [WARNING] run_once: Circuit breaker already tripped: 3 consecutive losing paper trades
2026-09-26 07:15:30,666 [WARNING] run_once: Circuit breaker already tripped: 3 consecutive losing paper trades
2026-09-26 07:20:34,447 [WARNING] run_once: Circuit breaker already tripped: 3 consecutive losing paper trades
2026-09-26 07:25:25,644 [WARNING] run_once: Circuit breaker already tripped: 3 consecutive losing paper trades
2026-09-26 07:30:32,788 [WARNING] run_once: Circuit breaker already tripped: 3 consecutive losing paper trades
2026-09-26 07:35:27,346 [WARNING] run_once: Circuit breaker already tripped: 3 consecutive losing paper trades
2026-09-26 07:40:27,426 [WARNING] run_once: Circuit breaker already tripped: 3 consecutive losing paper trades
2026-09-26 07:45:28,568 [WARNING] run_once: Circuit breaker already tripped: 3 consecutive losing paper trades
2026-09-26 07:50:31,118 [WARNING] run_once: Circuit breaker already tripped: 3 consecutive losing paper trades
2026-09-26 07:55:24,996 [WARNING] run_once: Circuit breaker already tripped: 3 consecutive losing paper trades
2026-09-26 08:00:34,366 [WARNING] run_once: Circuit breaker already tripped: 3 consecutive losing paper trades
2026-09-26 08:05:36,262 [WARNING] run_once: Circuit breaker already tripped: 3 consecutive losing paper trades
2026-09-26 08:10:28,097 [WARNING] run_once: Circuit breaker already tripped: 3 consecutive losing paper trades
2026-09-26 08:15:28,628 [WARNING] run_once: Circuit breaker already tripped: 3 consecutive losing paper trades
2026-09-26 08:20:28,421 [WARNING] run_once: Circuit breaker already tripped: 3 consecutive losing paper trades
2026-09-26 08:25:28,441 [WARNING] run_once: Circuit breaker already tripped: 3 consecutive losing paper trades
2026-09-26 08:30:33,047 [WARNING] run_once: Circuit breaker already tripped: 3 consecutive losing paper trades
2026-09-26 08:35:28,954 [WARNING] run_once: Circuit breaker already tripped: 3 consecutive losing paper trades
2026-09-26 08:40:31,303 [WARNING] run_once: Circuit breaker already tripped: 3 consecutive losing paper trades
2026-09-26 08:45:26,992 [WARNING] run_once: Circuit breaker already tripped: 3 consecutive losing paper trades
2026-09-26 08:50:33,857 [WARNING] run_once: Circuit breaker already tripped: 3 consecutive losing paper trades
2026-09-26 08:55:25,618 [WARNING] run_once: Circuit breaker already tripped: 3 consecutive losing paper trades
2026-09-26 09:00:34,130 [WARNING] run_once: Circuit breaker already tripped: 3 consecutive losing paper trades
2026-09-26 09:05:23,032 [WARNING] run_once: Circuit breaker already tripped: 3 consecutive losing paper trades
2026-09-26 09:10:23,125 [WARNING] run_once: Circuit breaker already tripped: 3 consecutive losing paper trades
2026-09-26 09:15:24,481 [WARNING] run_once: Circuit breaker already tripped: 3 consecutive losing paper trades
2026-09-26 09:20:26,191 [WARNING] run_once: Circuit breaker already tripped: 3 consecutive losing paper trades
2026-09-26 09:25:25,048 [WARNING] run_once: Circuit breaker already tripped: 3 consecutive losing paper trades
2026-09-26 09:30:26,315 [WARNING] run_once: Circuit breaker already tripped: 3 consecutive losing paper trades
2026-09-26 09:35:26,492 [WARNING] run_once: Circuit breaker already tripped: 3 consecutive losing paper trades
2026-09-26 09:40:28,929 [WARNING] run_once: Circuit breaker already tripped: 3 consecutive losing paper trades
2026-09-26 09:45:36,472 [WARNING] run_once: Circuit breaker already tripped: 3 consecutive losing paper trades
2026-09-26 09:50:28,308 [WARNING] run_once: Circuit breaker already tripped: 3 consecutive losing paper trades
2026-09-26 09:55:27,844 [WARNING] run_once: Circuit breaker already tripped: 3 consecutive losing paper trades
2026-09-26 10:00:32,806 [WARNING] run_once: Circuit breaker already tripped: 3 consecutive losing paper trades
2026-09-26 10:05:24,649 [WARNING] run_once: Circuit breaker already tripped: 3 consecutive losing paper trades
2026-09-26 10:10:47,086 [WARNING] run_once: Circuit breaker already tripped: 3 consecutive losing paper trades
2026-09-26 10:15:29,728 [WARNING] run_once: Circuit breaker already tripped: 3 consecutive losing paper trades
2026-09-26 10:20:26,492 [WARNING] run_once: Circuit breaker already tripped: 3 consecutive losing paper trades
2026-09-26 10:25:25,135 [WARNING] run_once: Circuit breaker already tripped: 3 consecutive losing paper trades
2026-09-26 10:30:30,153 [WARNING] run_once: Circuit breaker already tripped: 3 consecutive losing paper trades
2026-09-26 10:35:28,375 [WARNING] run_once: Circuit breaker already tripped: 3 consecutive losing paper trades
2026-09-26 10:40:29,912 [WARNING] run_once: Circuit breaker already tripped: 3 consecutive losing paper trades
2026-09-26 10:45:29,261 [WARNING] run_once: Circuit breaker already tripped: 3 consecutive losing paper trades
2026-09-26 10:50:26,357 [WARNING] run_once: Circuit breaker already tripped: 3 consecutive losing paper trades
2026-09-26 10:55:28,618 [WARNING] run_once: Circuit breaker already tripped: 3 consecutive losing paper trades
2026-09-26 11:00:45,262 [WARNING] run_once: Circuit breaker already tripped: 3 consecutive losing paper trades
2026-09-26 11:05:24,860 [WARNING] run_once: Circuit breaker already tripped: 3 consecutive losing paper trades
2026-09-26 11:10:28,615 [WARNING] run_once: Circuit breaker already tripped: 3 consecutive losing paper trades
2026-09-26 11:15:27,978 [WARNING] run_once: Circuit breaker already tripped: 3 consecutive losing paper trades
2026-09-26 11:20:33,592 [WARNING] run_once: Circuit breaker already tripped: 3 consecutive losing paper trades
2026-09-26 11:25:26,730 [WARNING] run_once: Circuit breaker already tripped: 3 consecutive losing paper trades
2026-09-26 11:30:30,407 [WARNING] run_once: Circuit breaker already tripped: 3 consecutive losing paper trades
2026-09-26 11:35:28,441 [WARNING] run_once: Circuit breaker already tripped: 3 consecutive losing paper trades
2026-09-26 11:40:29,357 [WARNING] run_once: Circuit breaker already tripped: 3 consecutive losing paper trades
2026-09-26 11:45:30,204 [WARNING] run_once: Circuit breaker already tripped: 3 consecutive losing paper trades
2026-09-26 11:50:31,641 [WARNING] run_once: Circuit breaker already tripped: 3 consecutive losing paper trades
2026-09-26 11:55:25,853 [WARNING] run_once: Circuit breaker already tripped: 3 consecutive losing paper trades
2026-09-26 12:00:32,457 [WARNING] run_once: Circuit breaker already tripped: 3 consecutive losing paper trades
2026-09-26 12:05:25,685 [WARNING] run_once: Circuit breaker already tripped: 3 consecutive losing paper trades
2026-09-26 12:10:29,798 [WARNING] run_once: Circuit breaker already tripped: 3 consecutive losing paper trades
2026-09-26 12:15:30,825 [WARNING] run_once: Circuit breaker already tripped: 3 consecutive losing paper trades
2026-09-26 12:20:29,447 [WARNING] run_once: Circuit breaker already tripped: 3 consecutive losing paper trades
2026-09-26 12:25:25,615 [WARNING] run_once: Circuit breaker already tripped: 3 consecutive losing paper trades
2026-09-26 12:30:30,997 [WARNING] run_once: Circuit breaker already tripped: 3 consecutive losing paper trades
2026-09-26 12:35:26,974 [WARNING] run_once: Circuit breaker already tripped: 3 consecutive losing paper trades
2026-09-26 12:40:27,507 [WARNING] run_once: Circuit breaker already tripped: 3 consecutive losing paper trades
2026-09-26 12:45:27,177 [WARNING] run_once: Circuit breaker already tripped: 3 consecutive losing paper trades
2026-09-26 12:50:28,667 [WARNING] run_once: Circuit breaker already tripped: 3 consecutive losing paper trades
2026-09-26 12:55:21,316 [WARNING] run_once: Circuit breaker already tripped: 3 consecutive losing paper trades
2026-09-26 13:00:34,968 [WARNING] run_once: Circuit breaker already tripped: 3 consecutive losing paper trades
2026-09-26 13:05:24,378 [WARNING] run_once: Circuit breaker already tripped: 3 consecutive losing paper trades
2026-09-26 13:10:26,159 [WARNING] run_once: Circuit breaker already tripped: 3 consecutive losing paper trades
2026-09-26 13:15:28,304 [WARNING] run_once: Circuit breaker already tripped: 3 consecutive losing paper trades
2026-09-26 13:20:30,908 [WARNING] run_once: Circuit breaker already tripped: 3 consecutive losing paper trades
2026-09-26 13:25:29,661 [WARNING] run_once: Circuit breaker already tripped: 3 consecutive losing paper trades
2026-09-26 13:30:26,924 [WARNING] run_once: Circuit breaker already tripped: 3 consecutive losing paper trades
2026-09-26 13:35:26,629 [WARNING] run_once: Circuit breaker already tripped: 3 consecutive losing paper trades
2026-09-26 13:40:28,353 [WARNING] run_once: Circuit breaker already tripped: 3 consecutive losing paper trades
2026-09-26 13:45:22,297 [WARNING] run_once: Circuit breaker already tripped: 3 consecutive losing paper trades
2026-09-26 13:50:28,248 [WARNING] run_once: Circuit breaker already tripped: 3 consecutive losing paper trades
2026-09-26 13:55:25,307 [WARNING] run_once: Circuit breaker already tripped: 3 consecutive losing paper trades
2026-09-26 14:00:35,305 [WARNING] run_once: Circuit breaker already tripped: 3 consecutive losing paper trades
2026-09-26 14:05:26,425 [WARNING] run_once: Circuit breaker already tripped: 3 consecutive losing paper trades
2026-09-26 14:10:32,006 [WARNING] run_once: Circuit breaker already tripped: 3 consecutive losing paper trades
2026-09-26 14:15:28,163 [WARNING] run_once: Circuit breaker already tripped: 3 consecutive losing paper trades
2026-09-26 14:21:06,864 [WARNING] run_once: Circuit breaker already tripped: 3 consecutive losing paper trades
2026-09-26 14:25:25,526 [WARNING] run_once: Circuit breaker already tripped: 3 consecutive losing paper trades
2026-09-26 14:30:32,596 [WARNING] run_once: Circuit breaker already tripped: 3 consecutive losing paper trades
2026-09-26 14:35:28,288 [WARNING] run_once: Circuit breaker already tripped: 3 consecutive losing paper trades
2026-09-26 14:40:27,264 [WARNING] run_once: Circuit breaker already tripped: 3 consecutive losing paper trades
2026-09-26 14:45:27,391 [WARNING] run_once: Circuit breaker already tripped: 3 consecutive losing paper trades
2026-09-26 14:50:29,079 [WARNING] run_once: Circuit breaker already tripped: 3 consecutive losing paper trades
2026-09-26 14:55:33,347 [WARNING] run_once: Circuit breaker already tripped: 3 consecutive losing paper trades
2026-09-26 15:00:35,406 [WARNING] run_once: Circuit breaker already tripped: 3 consecutive losing paper trades
2026-09-26 15:05:28,951 [WARNING] run_once: Circuit breaker already tripped: 3 consecutive losing paper trades
2026-09-26 15:10:26,600 [WARNING] run_once: Circuit breaker already tripped: 3 consecutive losing paper trades
2026-09-26 15:15:27,037 [WARNING] run_once: Circuit breaker already tripped: 3 consecutive losing paper trades
2026-09-26 15:20:30,231 [WARNING] run_once: Circuit breaker already tripped: 3 consecutive losing paper trades
2026-09-26 15:25:25,527 [WARNING] run_once: Circuit breaker already tripped: 3 consecutive losing paper trades
2026-09-26 15:30:29,286 [WARNING] run_once: Circuit breaker already tripped: 3 consecutive losing paper trades
2026-09-26 15:35:22,730 [WARNING] run_once: Circuit breaker already tripped: 3 consecutive losing paper trades
2026-09-26 15:40:28,137 [WARNING] run_once: Circuit breaker already tripped: 3 consecutive losing paper trades
2026-09-26 15:45:29,053 [WARNING] run_once: Circuit breaker already tripped: 3 consecutive losing paper trades
2026-09-26 15:50:28,016 [WARNING] run_once: Circuit breaker already tripped: 3 consecutive losing paper trades
2026-09-26 15:55:28,888 [WARNING] run_once: Circuit breaker already tripped: 3 consecutive losing paper trades
2026-09-26 16:00:34,522 [WARNING] run_once: Circuit breaker already tripped: 3 consecutive losing paper trades
2026-09-26 16:05:28,542 [WARNING] run_once: Circuit breaker already tripped: 3 consecutive losing paper trades
2026-09-26 16:10:28,761 [WARNING] run_once: Circuit breaker already tripped: 3 consecutive losing paper trades
2026-09-26 16:15:26,923 [WARNING] run_once: Circuit breaker already tripped: 3 consecutive losing paper trades
2026-09-26 16:20:31,320 [WARNING] run_once: Circuit breaker already tripped: 3 consecutive losing paper trades
2026-09-26 16:25:28,717 [WARNING] run_once: Circuit breaker already tripped: 3 consecutive losing paper trades
2026-09-26 16:30:24,177 [WARNING] run_once: Circuit breaker already tripped: 3 consecutive losing paper trades
2026-09-26 16:35:26,961 [WARNING] run_once: Circuit breaker already tripped: 3 consecutive losing paper trades
2026-09-26 16:40:26,853 [WARNING] run_once: Circuit breaker already tripped: 3 consecutive losing paper trades
2026-09-26 16:45:38,746 [WARNING] run_once: Circuit breaker already tripped: 3 consecutive losing paper trades
2026-09-26 16:50:31,886 [WARNING] run_once: Circuit breaker already tripped: 3 consecutive losing paper trades
2026-09-26 16:55:29,898 [WARNING] run_once: Circuit breaker already tripped: 3 consecutive losing paper trades
2026-09-26 17:00:30,628 [WARNING] run_once: Circuit breaker already tripped: 3 consecutive losing paper trades
2026-09-26 17:05:58,381 [WARNING] run_once: Circuit breaker already tripped: 3 consecutive losing paper trades
2026-09-26 17:10:31,128 [WARNING] run_once: Circuit breaker already tripped: 3 consecutive losing paper trades
2026-09-26 17:15:30,023 [WARNING] run_once: Circuit breaker already tripped: 3 consecutive losing paper trades
2026-09-26 17:20:27,628 [WARNING] run_once: Circuit breaker already tripped: 3 consecutive losing paper trades
2026-09-26 17:25:27,247 [WARNING] run_once: Circuit breaker already tripped: 3 consecutive losing paper trades
2026-09-26 17:30:28,720 [WARNING] run_once: Circuit breaker already tripped: 3 consecutive losing paper trades
2026-09-26 17:35:27,071 [WARNING] run_once: Circuit breaker already tripped: 3 consecutive losing paper trades
2026-09-26 17:40:28,185 [WARNING] run_once: Circuit breaker already tripped: 3 consecutive losing paper trades
2026-09-26 17:45:29,769 [WARNING] run_once: Circuit breaker already tripped: 3 consecutive losing paper trades
2026-09-26 17:50:31,892 [WARNING] run_once: Circuit breaker already tripped: 3 consecutive losing paper trades
2026-09-26 17:55:25,427 [WARNING] run_once: Circuit breaker already tripped: 3 consecutive losing paper trades
2026-09-26 18:00:34,146 [WARNING] run_once: Circuit breaker already tripped: 3 consecutive losing paper trades
2026-09-26 18:05:26,663 [WARNING] run_once: Circuit breaker already tripped: 3 consecutive losing paper trades
2026-09-26 18:10:27,810 [WARNING] run_once: Circuit breaker already tripped: 3 consecutive losing paper trades
2026-09-26 18:15:27,775 [WARNING] run_once: Circuit breaker already tripped: 3 consecutive losing paper trades
2026-09-26 18:20:31,477 [WARNING] run_once: Circuit breaker already tripped: 3 consecutive losing paper trades
2026-09-26 18:25:28,804 [WARNING] run_once: Circuit breaker already tripped: 3 consecutive losing paper trades
2026-09-26 18:30:30,767 [WARNING] run_once: Circuit breaker already tripped: 3 consecutive losing paper trades
2026-09-26 18:35:25,158 [WARNING] run_once: Circuit breaker already tripped: 3 consecutive losing paper trades
2026-09-26 18:40:30,019 [WARNING] run_once: Circuit breaker already tripped: 3 consecutive losing paper trades
2026-09-26 18:45:26,590 [WARNING] run_once: Circuit breaker already tripped: 3 consecutive losing paper trades
2026-09-26 18:50:30,938 [WARNING] run_once: Circuit breaker already tripped: 3 consecutive losing paper trades
2026-09-26 18:55:24,268 [WARNING] run_once: Circuit breaker already tripped: 3 consecutive losing paper trades
2026-09-26 19:00:31,271 [WARNING] run_once: Circuit breaker already tripped: 3 consecutive losing paper trades
2026-09-26 19:05:25,492 [WARNING] run_once: Circuit breaker already tripped: 3 consecutive losing paper trades
2026-09-26 19:10:26,264 [WARNING] run_once: Circuit breaker already tripped: 3 consecutive losing paper trades
2026-09-26 19:15:27,233 [WARNING] run_once: Circuit breaker already tripped: 3 consecutive losing paper trades
2026-09-26 19:20:29,086 [WARNING] run_once: Circuit breaker already tripped: 3 consecutive losing paper trades
2026-09-26 19:25:26,758 [WARNING] run_once: Circuit breaker already tripped: 3 consecutive losing paper trades
2026-09-26 19:30:30,736 [WARNING] run_once: Circuit breaker already tripped: 3 consecutive losing paper trades
2026-09-26 19:35:24,515 [WARNING] run_once: Circuit breaker already tripped: 3 consecutive losing paper trades
2026-09-26 19:40:28,255 [WARNING] run_once: Circuit breaker already tripped: 3 consecutive losing paper trades
2026-09-26 19:45:30,510 [WARNING] run_once: Circuit breaker already tripped: 3 consecutive losing paper trades
2026-09-26 19:50:29,829 [WARNING] run_once: Circuit breaker already tripped: 3 consecutive losing paper trades
2026-09-26 19:55:28,047 [WARNING] run_once: Circuit breaker already tripped: 3 consecutive losing paper trades
2026-09-26 20:00:32,985 [WARNING] run_once: Circuit breaker already tripped: 3 consecutive losing paper trades
2026-09-26 20:05:27,384 [WARNING] run_once: Circuit breaker already tripped: 3 consecutive losing paper trades
2026-09-26 20:10:38,959 [WARNING] run_once: Circuit breaker already tripped: 3 consecutive losing paper trades
2026-09-26 20:15:26,490 [WARNING] run_once: Circuit breaker already tripped: 3 consecutive losing paper trades
2026-09-26 20:20:31,407 [WARNING] run_once: Circuit breaker already tripped: 3 consecutive losing paper trades
2026-09-26 20:25:28,184 [WARNING] run_once: Circuit breaker already tripped: 3 consecutive losing paper trades
2026-09-26 20:30:33,911 [WARNING] run_once: Circuit breaker already tripped: 3 consecutive losing paper trades
2026-09-26 20:35:30,010 [WARNING] run_once: Circuit breaker already tripped: 3 consecutive losing paper trades
2026-09-26 20:40:29,277 [WARNING] run_once: Circuit breaker already tripped: 3 consecutive losing paper trades
2026-09-26 20:45:29,572 [WARNING] run_once: Circuit breaker already tripped: 3 consecutive losing paper trades
2026-09-26 20:50:32,160 [WARNING] run_once: Circuit breaker already tripped: 3 consecutive losing paper trades
2026-09-26 20:55:28,815 [WARNING] run_once: Circuit breaker already tripped: 3 consecutive losing paper trades
2026-09-26 21:00:35,305 [WARNING] run_once: Circuit breaker already tripped: 3 consecutive losing paper trades
2026-09-26 21:05:28,133 [WARNING] run_once: Circuit breaker already tripped: 3 consecutive losing paper trades
2026-09-26 21:10:30,148 [WARNING] run_once: Circuit breaker already tripped: 3 consecutive losing paper trades
2026-09-26 21:15:30,165 [WARNING] run_once: Circuit breaker already tripped: 3 consecutive losing paper trades
2026-09-26 21:20:28,015 [WARNING] run_once: Circuit breaker already tripped: 3 consecutive losing paper trades
2026-09-26 21:25:26,781 [WARNING] run_once: Circuit breaker already tripped: 3 consecutive losing paper trades
2026-09-26 21:30:29,130 [WARNING] run_once: Circuit breaker already tripped: 3 consecutive losing paper trades
2026-09-26 21:35:27,999 [WARNING] run_once: Circuit breaker already tripped: 3 consecutive losing paper trades
2026-09-26 21:41:04,728 [WARNING] run_once: Circuit breaker already tripped: 3 consecutive losing paper trades
2026-09-26 21:45:26,937 [WARNING] run_once: Circuit breaker already tripped: 3 consecutive losing paper trades
2026-09-26 21:50:27,766 [WARNING] run_once: Circuit breaker already tripped: 3 consecutive losing paper trades
2026-09-26 21:55:29,918 [WARNING] run_once: Circuit breaker already tripped: 3 consecutive losing paper trades
2026-09-26 22:00:30,047 [WARNING] run_once: Circuit breaker already tripped: 3 consecutive losing paper trades
2026-09-26 22:05:27,575 [WARNING] run_once: Circuit breaker already tripped: 3 consecutive losing paper trades
2026-09-26 22:10:31,305 [WARNING] run_once: Circuit breaker already tripped: 3 consecutive losing paper trades
2026-09-26 22:15:32,498 [WARNING] run_once: Circuit breaker already tripped: 3 consecutive losing paper trades
2026-09-26 22:20:29,920 [WARNING] run_once: Circuit breaker already tripped: 3 consecutive losing paper trades
2026-09-26 22:25:22,331 [WARNING] run_once: Circuit breaker already tripped: 3 consecutive losing paper trades
2026-09-26 22:30:34,714 [WARNING] run_once: Circuit breaker already tripped: 3 consecutive losing paper trades
2026-09-26 22:35:28,674 [WARNING] run_once: Circuit breaker already tripped: 3 consecutive losing paper trades
2026-09-26 22:40:29,832 [WARNING] run_once: Circuit breaker already tripped: 3 consecutive losing paper trades
2026-09-26 22:45:29,329 [WARNING] run_once: Circuit breaker already tripped: 3 consecutive losing paper trades
2026-09-26 22:50:23,185 [WARNING] run_once: Circuit breaker already tripped: 3 consecutive losing paper trades
2026-09-26 22:55:30,063 [WARNING] run_once: Circuit breaker already tripped: 3 consecutive losing paper trades
2026-09-26 23:00:25,416 [WARNING] run_once: Circuit breaker already tripped: 3 consecutive losing paper trades
2026-09-26 23:05:29,023 [WARNING] run_once: Circuit breaker already tripped: 3 consecutive losing paper trades
2026-09-26 23:10:28,466 [WARNING] run_once: Circuit breaker already tripped: 3 consecutive losing paper trades
2026-09-26 23:15:30,394 [WARNING] run_once: Circuit breaker already tripped: 3 consecutive losing paper trades
2026-09-26 23:20:32,209 [WARNING] run_once: Circuit breaker already tripped: 3 consecutive losing paper trades
2026-09-26 23:25:27,591 [WARNING] run_once: Circuit breaker already tripped: 3 consecutive losing paper trades
2026-09-26 23:30:32,223 [WARNING] run_once: Circuit breaker already tripped: 3 consecutive losing paper trades
2026-09-26 23:35:48,479 [WARNING] run_once: Circuit breaker already tripped: 3 consecutive losing paper trades
2026-09-26 23:40:26,658 [WARNING] run_once: Circuit breaker already tripped: 3 consecutive losing paper trades
2026-09-26 23:45:30,299 [WARNING] run_once: Circuit breaker already tripped: 3 consecutive losing paper trades
2026-09-26 23:50:27,148 [WARNING] run_once: Circuit breaker already tripped: 3 consecutive losing paper trades
2026-09-26 23:55:27,015 [WARNING] run_once: Circuit breaker already tripped: 3 consecutive losing paper trades
2026-09-27 00:00:34,724 [WARNING] run_once: Circuit breaker already tripped: 3 consecutive losing paper trades
2026-09-27 00:05:26,477 [WARNING] run_once: Circuit breaker already tripped: 3 consecutive losing paper trades
2026-09-27 00:10:29,847 [WARNING] run_once: Circuit breaker already tripped: 3 consecutive losing paper trades
2026-09-27 00:15:30,840 [WARNING] run_once: Circuit breaker already tripped: 3 consecutive losing paper trades
2026-09-27 00:20:30,808 [WARNING] run_once: Circuit breaker already tripped: 3 consecutive losing paper trades
2026-09-27 00:25:28,622 [WARNING] run_once: Circuit breaker already tripped: 3 consecutive losing paper trades
2026-09-27 00:30:34,493 [WARNING] run_once: Circuit breaker already tripped: 3 consecutive losing paper trades
2026-09-27 00:35:26,025 [WARNING] run_once: Circuit breaker already tripped: 3 consecutive losing paper trades
2026-09-27 00:40:27,582 [WARNING] run_once: Circuit breaker already tripped: 3 consecutive losing paper trades
2026-09-27 00:45:27,864 [WARNING] run_once: Circuit breaker already tripped: 3 consecutive losing paper trades
2026-09-27 00:50:29,064 [WARNING] run_once: Circuit breaker already tripped: 3 consecutive losing paper trades
2026-09-27 00:55:28,332 [WARNING] run_once: Circuit breaker already tripped: 3 consecutive losing paper trades
2026-09-27 01:00:28,973 [WARNING] run_once: Circuit breaker already tripped: 3 consecutive losing paper trades
2026-09-27 01:05:28,028 [WARNING] run_once: Circuit breaker already tripped: 3 consecutive losing paper trades
2026-09-27 01:10:28,417 [WARNING] run_once: Circuit breaker already tripped: 3 consecutive losing paper trades
2026-09-27 01:15:34,840 [WARNING] run_once: Circuit breaker already tripped: 3 consecutive losing paper trades
2026-09-27 01:20:36,633 [WARNING] run_once: Circuit breaker already tripped: 3 consecutive losing paper trades
2026-09-27 01:25:31,997 [WARNING] run_once: Circuit breaker already tripped: 3 consecutive losing paper trades
2026-09-27 01:30:31,732 [WARNING] run_once: Circuit breaker already tripped: 3 consecutive losing paper trades
2026-09-27 01:35:27,727 [WARNING] run_once: Circuit breaker already tripped: 3 consecutive losing paper trades
2026-09-27 01:40:31,743 [WARNING] run_once: Circuit breaker already tripped: 3 consecutive losing paper trades
2026-09-27 01:45:30,525 [WARNING] run_once: Circuit breaker already tripped: 3 consecutive losing paper trades
2026-09-27 01:50:26,745 [WARNING] run_once: Circuit breaker already tripped: 3 consecutive losing paper trades
2026-09-27 01:55:24,156 [WARNING] run_once: Circuit breaker already tripped: 3 consecutive losing paper trades
2026-09-27 02:00:28,712 [WARNING] run_once: Circuit breaker already tripped: 3 consecutive losing paper trades
2026-09-27 02:05:31,328 [WARNING] run_once: Circuit breaker already tripped: 3 consecutive losing paper trades
2026-09-27 02:10:26,491 [WARNING] run_once: Circuit breaker already tripped: 3 consecutive losing paper trades
2026-09-27 02:15:31,340 [WARNING] run_once: Circuit breaker already tripped: 3 consecutive losing paper trades
2026-09-27 02:20:26,114 [WARNING] run_once: Circuit breaker already tripped: 3 consecutive losing paper trades
2026-09-27 02:25:31,971 [WARNING] run_once: Circuit breaker already tripped: 3 consecutive losing paper trades
2026-09-27 02:30:30,629 [WARNING] run_once: Circuit breaker already tripped: 3 consecutive losing paper trades
2026-09-27 02:35:24,632 [WARNING] run_once: Circuit breaker already tripped: 3 consecutive losing paper trades
2026-09-27 02:40:30,604 [WARNING] run_once: Circuit breaker already tripped: 3 consecutive losing paper trades
2026-09-27 02:45:27,116 [WARNING] run_once: Circuit breaker already tripped: 3 consecutive losing paper trades
2026-09-27 02:50:31,542 [WARNING] run_once: Circuit breaker already tripped: 3 consecutive losing paper trades
2026-09-27 02:55:23,971 [WARNING] run_once: Circuit breaker already tripped: 3 consecutive losing paper trades
2026-09-27 03:00:34,160 [WARNING] run_once: Circuit breaker already tripped: 3 consecutive losing paper trades
2026-09-27 03:05:27,495 [WARNING] run_once: Circuit breaker already tripped: 3 consecutive losing paper trades
2026-09-27 03:10:27,117 [WARNING] run_once: Circuit breaker already tripped: 3 consecutive losing paper trades
2026-09-27 03:15:29,047 [WARNING] run_once: Circuit breaker already tripped: 3 consecutive losing paper trades
2026-09-27 03:20:32,335 [WARNING] run_once: Circuit breaker already tripped: 3 consecutive losing paper trades
2026-09-27 03:25:28,168 [WARNING] run_once: Circuit breaker already tripped: 3 consecutive losing paper trades
2026-09-27 03:30:28,963 [WARNING] run_once: Circuit breaker already tripped: 3 consecutive losing paper trades
2026-09-27 03:35:28,036 [WARNING] run_once: Circuit breaker already tripped: 3 consecutive losing paper trades
2026-09-27 03:40:26,965 [WARNING] run_once: Circuit breaker already tripped: 3 consecutive losing paper trades
2026-09-27 03:45:29,641 [WARNING] run_once: Circuit breaker already tripped: 3 consecutive losing paper trades
2026-09-27 03:50:27,464 [WARNING] run_once: Circuit breaker already tripped: 3 consecutive losing paper trades
2026-09-27 03:55:25,953 [WARNING] run_once: Circuit breaker already tripped: 3 consecutive losing paper trades
2026-09-27 04:00:36,974 [WARNING] run_once: Circuit breaker already tripped: 3 consecutive losing paper trades
2026-09-27 04:05:26,397 [WARNING] run_once: Circuit breaker already tripped: 3 consecutive losing paper trades
2026-09-27 04:10:30,939 [WARNING] run_once: Circuit breaker already tripped: 3 consecutive losing paper trades
2026-09-27 04:15:27,344 [WARNING] run_once: Circuit breaker already tripped: 3 consecutive losing paper trades
2026-09-27 04:20:31,390 [WARNING] run_once: Circuit breaker already tripped: 3 consecutive losing paper trades
2026-09-27 04:25:25,764 [WARNING] run_once: Circuit breaker already tripped: 3 consecutive losing paper trades
2026-09-27 04:30:33,569 [WARNING] run_once: Circuit breaker already tripped: 3 consecutive losing paper trades
2026-09-27 04:35:20,047 [WARNING] run_once: Circuit breaker already tripped: 3 consecutive losing paper trades
2026-09-27 04:40:33,670 [WARNING] run_once: Circuit breaker already tripped: 3 consecutive losing paper trades
2026-09-27 04:45:24,735 [WARNING] run_once: Circuit breaker already tripped: 3 consecutive losing paper trades
2026-09-27 04:50:26,897 [WARNING] run_once: Circuit breaker already tripped: 3 consecutive losing paper trades
2026-09-27 04:55:26,523 [WARNING] run_once: Circuit breaker already tripped: 3 consecutive losing paper trades
2026-09-27 05:00:34,299 [WARNING] run_once: Circuit breaker already tripped: 3 consecutive losing paper trades
2026-09-27 05:05:28,145 [WARNING] run_once: Circuit breaker already tripped: 3 consecutive losing paper trades
2026-09-27 05:10:31,261 [WARNING] run_once: Circuit breaker already tripped: 3 consecutive losing paper trades
2026-09-27 05:15:27,995 [WARNING] run_once: Circuit breaker already tripped: 3 consecutive losing paper trades
2026-09-27 05:20:28,861 [WARNING] run_once: Circuit breaker already tripped: 3 consecutive losing paper trades
2026-09-27 05:25:21,609 [WARNING] run_once: Circuit breaker already tripped: 3 consecutive losing paper trades
2026-09-27 05:30:32,658 [WARNING] run_once: Circuit breaker already tripped: 3 consecutive losing paper trades
2026-09-27 05:35:25,245 [WARNING] run_once: Circuit breaker already tripped: 3 consecutive losing paper trades
2026-09-27 05:40:32,587 [WARNING] run_once: Circuit breaker already tripped: 3 consecutive losing paper trades
2026-09-27 05:46:04,055 [WARNING] run_once: Circuit breaker already tripped: 3 consecutive losing paper trades
2026-09-27 05:50:31,904 [WARNING] run_once: Circuit breaker already tripped: 3 consecutive losing paper trades
2026-09-27 05:55:24,610 [WARNING] run_once: Circuit breaker already tripped: 3 consecutive losing paper trades
2026-09-27 06:00:33,884 [WARNING] run_once: Circuit breaker already tripped: 3 consecutive losing paper trades
2026-09-27 06:05:25,278 [WARNING] run_once: Circuit breaker already tripped: 3 consecutive losing paper trades
2026-09-27 06:10:32,431 [WARNING] run_once: Circuit breaker already tripped: 3 consecutive losing paper trades
2026-09-27 06:15:34,396 [WARNING] run_once: Circuit breaker already tripped: 3 consecutive losing paper trades
2026-09-27 06:20:32,717 [WARNING] run_once: Circuit breaker already tripped: 3 consecutive losing paper trades
2026-09-27 06:25:25,075 [WARNING] run_once: Circuit breaker already tripped: 3 consecutive losing paper trades
2026-09-27 06:30:35,873 [WARNING] run_once: Circuit breaker already tripped: 3 consecutive losing paper trades
2026-09-27 06:35:29,194 [WARNING] run_once: Circuit breaker already tripped: 3 consecutive losing paper trades
2026-09-27 06:40:33,144 [WARNING] run_once: Circuit breaker already tripped: 3 consecutive losing paper trades
2026-09-27 06:45:32,849 [WARNING] run_once: Circuit breaker already tripped: 3 consecutive losing paper trades
2026-09-27 06:50:29,434 [WARNING] run_once: Circuit breaker already tripped: 3 consecutive losing paper trades
2026-09-27 06:55:26,246 [WARNING] run_once: Circuit breaker already tripped: 3 consecutive losing paper trades
2026-09-27 07:00:32,481 [WARNING] run_once: Circuit breaker already tripped: 3 consecutive losing paper trades
2026-09-27 07:05:31,960 [WARNING] run_once: Circuit breaker already tripped: 3 consecutive losing paper trades
2026-09-27 07:10:30,749 [WARNING] run_once: Circuit breaker already tripped: 3 consecutive losing paper trades
2026-09-27 07:15:28,986 [WARNING] run_once: Circuit breaker already tripped: 3 consecutive losing paper trades
2026-09-27 07:20:27,404 [WARNING] run_once: Circuit breaker already tripped: 3 consecutive losing paper trades
2026-09-27 07:25:27,010 [WARNING] run_once: Circuit breaker already tripped: 3 consecutive losing paper trades
2026-09-27 07:30:31,291 [WARNING] run_once: Circuit breaker already tripped: 3 consecutive losing paper trades
2026-09-27 07:35:27,072 [WARNING] run_once: Circuit breaker already tripped: 3 consecutive losing paper trades
2026-09-27 07:40:28,820 [WARNING] run_once: Circuit breaker already tripped: 3 consecutive losing paper trades
2026-09-27 07:45:28,657 [WARNING] run_once: Circuit breaker already tripped: 3 consecutive losing paper trades
2026-09-27 07:50:28,222 [WARNING] run_once: Circuit breaker already tripped: 3 consecutive losing paper trades
2026-09-27 07:55:26,826 [WARNING] run_once: Circuit breaker already tripped: 3 consecutive losing paper trades
2026-09-27 08:00:32,313 [WARNING] run_once: Circuit breaker already tripped: 3 consecutive losing paper trades
2026-09-27 08:05:25,839 [WARNING] run_once: Circuit breaker already tripped: 3 consecutive losing paper trades
2026-09-27 08:10:28,296 [WARNING] run_once: Circuit breaker already tripped: 3 consecutive losing paper trades
2026-09-27 08:15:28,153 [WARNING] run_once: Circuit breaker already tripped: 3 consecutive losing paper trades
2026-09-27 08:20:27,214 [WARNING] run_once: Circuit breaker already tripped: 3 consecutive losing paper trades
2026-09-27 08:25:26,856 [WARNING] run_once: Circuit breaker already tripped: 3 consecutive losing paper trades
2026-09-27 08:30:29,562 [WARNING] run_once: Circuit breaker already tripped: 3 consecutive losing paper trades
2026-09-27 08:35:29,739 [WARNING] run_once: Circuit breaker already tripped: 3 consecutive losing paper trades
2026-09-27 08:40:27,097 [WARNING] run_once: Circuit breaker already tripped: 3 consecutive losing paper trades
2026-09-27 08:45:31,701 [WARNING] run_once: Circuit breaker already tripped: 3 consecutive losing paper trades
2026-09-27 08:50:29,883 [WARNING] run_once: Circuit breaker already tripped: 3 consecutive losing paper trades
2026-09-27 08:55:26,560 [WARNING] run_once: Circuit breaker already tripped: 3 consecutive losing paper trades
2026-09-27 09:00:32,516 [WARNING] run_once: Circuit breaker already tripped: 3 consecutive losing paper trades
2026-09-27 09:05:26,853 [WARNING] run_once: Circuit breaker already tripped: 3 consecutive losing paper trades
2026-09-27 09:10:27,209 [WARNING] run_once: Circuit breaker already tripped: 3 consecutive losing paper trades
2026-09-27 09:15:24,353 [WARNING] run_once: Circuit breaker already tripped: 3 consecutive losing paper trades
2026-09-27 09:20:27,565 [WARNING] run_once: Circuit breaker already tripped: 3 consecutive losing paper trades
2026-09-27 09:25:26,606 [WARNING] run_once: Circuit breaker already tripped: 3 consecutive losing paper trades
2026-09-27 09:30:25,154 [WARNING] run_once: Circuit breaker already tripped: 3 consecutive losing paper trades
2026-09-27 09:35:27,419 [WARNING] run_once: Circuit breaker already tripped: 3 consecutive losing paper trades
2026-09-27 09:40:29,935 [WARNING] run_once: Circuit breaker already tripped: 3 consecutive losing paper trades
2026-09-27 09:45:30,730 [WARNING] run_once: Circuit breaker already tripped: 3 consecutive losing paper trades
2026-09-27 09:50:29,736 [WARNING] run_once: Circuit breaker already tripped: 3 consecutive losing paper trades
2026-09-27 09:55:26,777 [WARNING] run_once: Circuit breaker already tripped: 3 consecutive losing paper trades
2026-09-27 10:00:39,792 [WARNING] run_once: Circuit breaker already tripped: 3 consecutive losing paper trades
2026-09-27 10:05:26,873 [WARNING] run_once: Circuit breaker already tripped: 3 consecutive losing paper trades
2026-09-27 10:10:31,012 [WARNING] run_once: Circuit breaker already tripped: 3 consecutive losing paper trades
2026-09-27 10:15:27,658 [WARNING] run_once: Circuit breaker already tripped: 3 consecutive losing paper trades
2026-09-27 10:20:28,541 [WARNING] run_once: Circuit breaker already tripped: 3 consecutive losing paper trades
2026-09-27 10:25:24,105 [WARNING] run_once: Circuit breaker already tripped: 3 consecutive losing paper trades
2026-09-27 10:31:05,298 [WARNING] run_once: Circuit breaker already tripped: 3 consecutive losing paper trades
2026-09-27 10:35:25,900 [WARNING] run_once: Circuit breaker already tripped: 3 consecutive losing paper trades
2026-09-27 10:40:29,475 [WARNING] run_once: Circuit breaker already tripped: 3 consecutive losing paper trades
2026-09-27 10:45:24,561 [WARNING] run_once: Circuit breaker already tripped: 3 consecutive losing paper trades
2026-09-27 10:50:29,532 [WARNING] run_once: Circuit breaker already tripped: 3 consecutive losing paper trades
2026-09-27 10:55:22,117 [WARNING] run_once: Circuit breaker already tripped: 3 consecutive losing paper trades
2026-09-27 11:00:34,728 [WARNING] run_once: Circuit breaker already tripped: 3 consecutive losing paper trades
2026-09-27 11:05:25,762 [WARNING] run_once: Circuit breaker already tripped: 3 consecutive losing paper trades
2026-09-27 11:10:27,507 [WARNING] run_once: Circuit breaker already tripped: 3 consecutive losing paper trades
2026-09-27 11:15:28,837 [WARNING] run_once: Circuit breaker already tripped: 3 consecutive losing paper trades
2026-09-27 11:20:28,360 [WARNING] run_once: Circuit breaker already tripped: 3 consecutive losing paper trades
2026-09-27 11:25:26,338 [WARNING] run_once: Circuit breaker already tripped: 3 consecutive losing paper trades
2026-09-27 11:30:29,314 [WARNING] run_once: Circuit breaker already tripped: 3 consecutive losing paper trades
2026-09-27 11:35:27,028 [WARNING] run_once: Circuit breaker already tripped: 3 consecutive losing paper trades
2026-09-27 11:40:31,104 [WARNING] run_once: Circuit breaker already tripped: 3 consecutive losing paper trades
2026-09-27 11:45:30,467 [WARNING] run_once: Circuit breaker already tripped: 3 consecutive losing paper trades
2026-09-27 11:50:24,849 [WARNING] run_once: Circuit breaker already tripped: 3 consecutive losing paper trades
2026-09-27 11:56:04,328 [WARNING] run_once: Circuit breaker already tripped: 3 consecutive losing paper trades
2026-09-27 12:00:31,870 [WARNING] run_once: Circuit breaker already tripped: 3 consecutive losing paper trades
2026-09-27 12:05:24,867 [WARNING] run_once: Circuit breaker already tripped: 3 consecutive losing paper trades
2026-09-27 12:10:26,174 [WARNING] run_once: Circuit breaker already tripped: 3 consecutive losing paper trades
2026-09-27 12:15:28,668 [WARNING] run_once: Circuit breaker already tripped: 3 consecutive losing paper trades
2026-09-27 12:20:28,919 [WARNING] run_once: Circuit breaker already tripped: 3 consecutive losing paper trades
2026-09-27 12:25:28,226 [WARNING] run_once: Circuit breaker already tripped: 3 consecutive losing paper trades
2026-09-27 12:30:30,830 [WARNING] run_once: Circuit breaker already tripped: 3 consecutive losing paper trades
2026-09-27 12:35:35,642 [WARNING] run_once: Circuit breaker already tripped: 3 consecutive losing paper trades
2026-09-27 12:40:28,224 [WARNING] run_once: Circuit breaker already tripped: 3 consecutive losing paper trades
2026-09-27 12:45:29,332 [WARNING] run_once: Circuit breaker already tripped: 3 consecutive losing paper trades
2026-09-27 12:50:35,176 [WARNING] run_once: Circuit breaker already tripped: 3 consecutive losing paper trades
2026-09-27 12:55:26,592 [WARNING] run_once: Circuit breaker already tripped: 3 consecutive losing paper trades
2026-09-27 13:00:32,190 [WARNING] run_once: Circuit breaker already tripped: 3 consecutive losing paper trades
2026-09-27 13:05:26,682 [WARNING] run_once: Circuit breaker already tripped: 3 consecutive losing paper trades
2026-09-27 13:10:28,097 [WARNING] run_once: Circuit breaker already tripped: 3 consecutive losing paper trades
2026-09-27 13:15:28,761 [WARNING] run_once: Circuit breaker already tripped: 3 consecutive losing paper trades
2026-09-27 13:20:35,892 [WARNING] run_once: Circuit breaker already tripped: 3 consecutive losing paper trades
2026-09-27 13:25:23,208 [WARNING] run_once: Circuit breaker already tripped: 3 consecutive losing paper trades
2026-09-27 13:30:40,708 [WARNING] run_once: Circuit breaker already tripped: 3 consecutive losing paper trades
2026-09-27 13:35:25,596 [WARNING] run_once: Circuit breaker already tripped: 3 consecutive losing paper trades
2026-09-27 13:40:28,039 [WARNING] run_once: Circuit breaker already tripped: 3 consecutive losing paper trades
2026-09-27 13:45:36,939 [WARNING] run_once: Circuit breaker already tripped: 3 consecutive losing paper trades
2026-09-27 13:50:26,857 [WARNING] run_once: Circuit breaker already tripped: 3 consecutive losing paper trades
2026-09-27 13:55:23,445 [WARNING] run_once: Circuit breaker already tripped: 3 consecutive losing paper trades
2026-09-27 14:00:32,528 [WARNING] run_once: Circuit breaker already tripped: 3 consecutive losing paper trades
2026-09-27 14:05:27,743 [WARNING] run_once: Circuit breaker already tripped: 3 consecutive losing paper trades
2026-09-27 14:10:32,908 [WARNING] run_once: Circuit breaker already tripped: 3 consecutive losing paper trades
2026-09-27 14:15:32,161 [WARNING] run_once: Circuit breaker already tripped: 3 consecutive losing paper trades
2026-09-27 14:20:34,369 [WARNING] run_once: Circuit breaker already tripped: 3 consecutive losing paper trades
2026-09-27 14:25:28,175 [WARNING] run_once: Circuit breaker already tripped: 3 consecutive losing paper trades
2026-09-27 14:30:30,683 [WARNING] run_once: Circuit breaker already tripped: 3 consecutive losing paper trades
2026-09-27 14:35:27,943 [WARNING] run_once: Circuit breaker already tripped: 3 consecutive losing paper trades
2026-09-27 14:40:29,130 [WARNING] run_once: Circuit breaker already tripped: 3 consecutive losing paper trades
2026-09-27 14:45:31,634 [WARNING] run_once: Circuit breaker already tripped: 3 consecutive losing paper trades
2026-09-27 14:50:30,444 [WARNING] run_once: Circuit breaker already tripped: 3 consecutive losing paper trades
2026-09-27 14:55:25,924 [WARNING] run_once: Circuit breaker already tripped: 3 consecutive losing paper trades
2026-09-27 15:00:34,708 [WARNING] run_once: Circuit breaker already tripped: 3 consecutive losing paper trades
2026-09-27 15:05:28,077 [WARNING] run_once: Circuit breaker already tripped: 3 consecutive losing paper trades
2026-09-27 15:10:32,948 [WARNING] run_once: Circuit breaker already tripped: 3 consecutive losing paper trades
2026-09-27 15:15:29,819 [WARNING] run_once: Circuit breaker already tripped: 3 consecutive losing paper trades
2026-09-27 15:20:26,197 [WARNING] run_once: Circuit breaker already tripped: 3 consecutive losing paper trades
2026-09-27 15:25:27,639 [WARNING] run_once: Circuit breaker already tripped: 3 consecutive losing paper trades
2026-09-27 15:30:29,759 [WARNING] run_once: Circuit breaker already tripped: 3 consecutive losing paper trades
2026-09-27 15:35:26,192 [WARNING] run_once: Circuit breaker already tripped: 3 consecutive losing paper trades
2026-09-27 15:40:27,967 [WARNING] run_once: Circuit breaker already tripped: 3 consecutive losing paper trades
2026-09-27 15:45:28,807 [WARNING] run_once: Circuit breaker already tripped: 3 consecutive losing paper trades
2026-09-27 15:50:28,215 [WARNING] run_once: Circuit breaker already tripped: 3 consecutive losing paper trades
2026-09-27 15:55:25,137 [WARNING] run_once: Circuit breaker already tripped: 3 consecutive losing paper trades
2026-09-27 16:00:34,794 [WARNING] run_once: Circuit breaker already tripped: 3 consecutive losing paper trades
2026-09-27 16:05:28,454 [WARNING] run_once: Circuit breaker already tripped: 3 consecutive losing paper trades
2026-09-27 16:10:28,022 [WARNING] run_once: Circuit breaker already tripped: 3 consecutive losing paper trades
2026-09-27 16:15:30,202 [WARNING] run_once: Circuit breaker already tripped: 3 consecutive losing paper trades
2026-09-27 16:20:32,109 [WARNING] run_once: Circuit breaker already tripped: 3 consecutive losing paper trades
2026-09-27 16:25:28,247 [WARNING] run_once: Circuit breaker already tripped: 3 consecutive losing paper trades
2026-09-27 16:30:30,642 [WARNING] run_once: Circuit breaker already tripped: 3 consecutive losing paper trades
2026-09-27 16:35:30,027 [WARNING] run_once: Circuit breaker already tripped: 3 consecutive losing paper trades
2026-09-27 16:40:33,285 [WARNING] run_once: Circuit breaker already tripped: 3 consecutive losing paper trades
2026-09-27 16:45:29,858 [WARNING] run_once: Circuit breaker already tripped: 3 consecutive losing paper trades
2026-09-27 16:50:28,144 [WARNING] run_once: Circuit breaker already tripped: 3 consecutive losing paper trades
2026-09-27 16:55:27,215 [WARNING] run_once: Circuit breaker already tripped: 3 consecutive losing paper trades
2026-09-27 17:00:31,580 [WARNING] run_once: Circuit breaker already tripped: 3 consecutive losing paper trades
2026-09-27 17:05:32,572 [WARNING] run_once: Circuit breaker already tripped: 3 consecutive losing paper trades
2026-09-27 17:10:32,389 [WARNING] run_once: Circuit breaker already tripped: 3 consecutive losing paper trades
2026-09-27 17:15:29,225 [WARNING] run_once: Circuit breaker already tripped: 3 consecutive losing paper trades
2026-09-27 17:20:28,249 [WARNING] run_once: Circuit breaker already tripped: 3 consecutive losing paper trades
2026-09-27 17:25:26,473 [WARNING] run_once: Circuit breaker already tripped: 3 consecutive losing paper trades
2026-09-27 17:30:30,992 [WARNING] run_once: Circuit breaker already tripped: 3 consecutive losing paper trades
2026-09-27 17:35:28,134 [WARNING] run_once: Circuit breaker already tripped: 3 consecutive losing paper trades
2026-09-27 17:40:28,121 [WARNING] run_once: Circuit breaker already tripped: 3 consecutive losing paper trades
2026-09-27 17:46:04,217 [WARNING] run_once: Circuit breaker already tripped: 3 consecutive losing paper trades
2026-09-27 17:50:30,104 [WARNING] run_once: Circuit breaker already tripped: 3 consecutive losing paper trades
2026-09-27 17:55:29,149 [WARNING] run_once: Circuit breaker already tripped: 3 consecutive losing paper trades
2026-09-27 18:00:45,223 [WARNING] run_once: Circuit breaker already tripped: 3 consecutive losing paper trades
2026-09-27 18:05:29,356 [WARNING] run_once: Circuit breaker already tripped: 3 consecutive losing paper trades
2026-09-27 18:10:28,539 [WARNING] run_once: Circuit breaker already tripped: 3 consecutive losing paper trades
2026-09-27 18:15:29,135 [WARNING] run_once: Circuit breaker already tripped: 3 consecutive losing paper trades
2026-09-27 18:20:30,658 [WARNING] run_once: Circuit breaker already tripped: 3 consecutive losing paper trades
2026-09-27 18:25:28,220 [WARNING] run_once: Circuit breaker already tripped: 3 consecutive losing paper trades
2026-09-27 18:30:26,803 [WARNING] run_once: Circuit breaker already tripped: 3 consecutive losing paper trades
2026-09-27 18:35:26,647 [WARNING] run_once: Circuit breaker already tripped: 3 consecutive losing paper trades
2026-09-27 18:40:32,341 [WARNING] run_once: Circuit breaker already tripped: 3 consecutive losing paper trades
2026-09-27 18:45:31,859 [WARNING] run_once: Circuit breaker already tripped: 3 consecutive losing paper trades
2026-09-27 18:50:32,958 [WARNING] run_once: Circuit breaker already tripped: 3 consecutive losing paper trades
2026-09-27 18:55:27,160 [WARNING] run_once: Circuit breaker already tripped: 3 consecutive losing paper trades
2026-09-27 19:00:28,953 [WARNING] run_once: Circuit breaker already tripped: 3 consecutive losing paper trades
2026-09-27 19:05:28,167 [WARNING] run_once: Circuit breaker already tripped: 3 consecutive losing paper trades
2026-09-27 19:10:28,438 [WARNING] run_once: Circuit breaker already tripped: 3 consecutive losing paper trades
2026-09-27 19:15:25,044 [WARNING] run_once: Circuit breaker already tripped: 3 consecutive losing paper trades
2026-09-27 19:20:28,935 [WARNING] run_once: Circuit breaker already tripped: 3 consecutive losing paper trades
2026-09-27 19:25:26,377 [WARNING] run_once: Circuit breaker already tripped: 3 consecutive losing paper trades
2026-09-27 19:30:31,042 [WARNING] run_once: Circuit breaker already tripped: 3 consecutive losing paper trades
2026-09-27 19:35:27,165 [WARNING] run_once: Circuit breaker already tripped: 3 consecutive losing paper trades
2026-09-27 19:40:28,741 [WARNING] run_once: Circuit breaker already tripped: 3 consecutive losing paper trades
2026-09-27 19:45:26,510 [WARNING] run_once: Circuit breaker already tripped: 3 consecutive losing paper trades
2026-09-27 19:50:32,800 [WARNING] run_once: Circuit breaker already tripped: 3 consecutive losing paper trades
2026-09-27 19:55:26,623 [WARNING] run_once: Circuit breaker already tripped: 3 consecutive losing paper trades
2026-09-27 20:00:31,933 [WARNING] run_once: Circuit breaker already tripped: 3 consecutive losing paper trades
2026-09-27 20:05:27,054 [WARNING] run_once: Circuit breaker already tripped: 3 consecutive losing paper trades
2026-09-27 20:10:26,414 [WARNING] run_once: Circuit breaker already tripped: 3 consecutive losing paper trades
2026-09-27 20:15:30,894 [WARNING] run_once: Circuit breaker already tripped: 3 consecutive losing paper trades
2026-09-27 20:20:29,965 [WARNING] run_once: Circuit breaker already tripped: 3 consecutive losing paper trades
2026-09-27 20:25:26,994 [WARNING] run_once: Circuit breaker already tripped: 3 consecutive losing paper trades
2026-09-27 20:30:35,040 [WARNING] run_once: Circuit breaker already tripped: 3 consecutive losing paper trades
2026-09-27 20:35:27,536 [WARNING] run_once: Circuit breaker already tripped: 3 consecutive losing paper trades
2026-09-27 20:40:29,352 [WARNING] run_once: Circuit breaker already tripped: 3 consecutive losing paper trades
2026-09-27 20:45:31,677 [WARNING] run_once: Circuit breaker already tripped: 3 consecutive losing paper trades
2026-09-27 20:50:29,730 [WARNING] run_once: Circuit breaker already tripped: 3 consecutive losing paper trades
2026-09-27 20:55:28,699 [WARNING] run_once: Circuit breaker already tripped: 3 consecutive losing paper trades
2026-09-27 21:00:33,992 [WARNING] run_once: Circuit breaker already tripped: 3 consecutive losing paper trades
2026-09-27 21:05:30,390 [WARNING] run_once: Circuit breaker already tripped: 3 consecutive losing paper trades
2026-09-27 21:10:29,288 [WARNING] run_once: Circuit breaker already tripped: 3 consecutive losing paper trades
2026-09-27 21:15:35,504 [WARNING] run_once: Circuit breaker already tripped: 3 consecutive losing paper trades
2026-09-27 21:20:31,444 [WARNING] run_once: Circuit breaker already tripped: 3 consecutive losing paper trades
2026-09-27 21:25:26,844 [WARNING] run_once: Circuit breaker already tripped: 3 consecutive losing paper trades
2026-09-27 21:30:38,038 [WARNING] run_once: Circuit breaker already tripped: 3 consecutive losing paper trades
2026-09-27 21:35:26,796 [WARNING] run_once: Circuit breaker already tripped: 3 consecutive losing paper trades
2026-09-27 21:40:30,542 [WARNING] run_once: Circuit breaker already tripped: 3 consecutive losing paper trades
2026-09-27 21:45:23,945 [WARNING] run_once: Circuit breaker already tripped: 3 consecutive losing paper trades
2026-09-27 21:50:32,374 [WARNING] run_once: Circuit breaker already tripped: 3 consecutive losing paper trades
2026-09-27 21:55:26,785 [WARNING] run_once: Circuit breaker already tripped: 3 consecutive losing paper trades
2026-09-27 22:00:29,962 [WARNING] run_once: Circuit breaker already tripped: 3 consecutive losing paper trades
2026-09-27 22:05:28,284 [WARNING] run_once: Circuit breaker already tripped: 3 consecutive losing paper trades
2026-09-27 22:10:34,681 [WARNING] run_once: Circuit breaker already tripped: 3 consecutive losing paper trades
2026-09-27 22:15:36,342 [WARNING] run_once: Circuit breaker already tripped: 3 consecutive losing paper trades
2026-09-27 22:20:31,446 [WARNING] run_once: Circuit breaker already tripped: 3 consecutive losing paper trades
2026-09-27 22:25:28,538 [WARNING] run_once: Circuit breaker already tripped: 3 consecutive losing paper trades
2026-09-27 22:30:32,991 [WARNING] run_once: Circuit breaker already tripped: 3 consecutive losing paper trades
2026-09-27 22:35:27,409 [WARNING] run_once: Circuit breaker already tripped: 3 consecutive losing paper trades
2026-09-27 22:40:28,527 [WARNING] run_once: Circuit breaker already tripped: 3 consecutive losing paper trades
2026-09-27 22:45:28,492 [WARNING] run_once: Circuit breaker already tripped: 3 consecutive losing paper trades
2026-09-27 22:50:29,616 [WARNING] run_once: Circuit breaker already tripped: 3 consecutive losing paper trades
2026-09-27 22:55:32,333 [WARNING] run_once: Circuit breaker already tripped: 3 consecutive losing paper trades
2026-09-27 23:00:32,338 [WARNING] run_once: Circuit breaker already tripped: 3 consecutive losing paper trades
2026-09-27 23:05:24,382 [WARNING] run_once: Circuit breaker already tripped: 3 consecutive losing paper trades
2026-09-27 23:10:30,969 [WARNING] run_once: Circuit breaker already tripped: 3 consecutive losing paper trades
2026-09-27 23:15:29,409 [WARNING] run_once: Circuit breaker already tripped: 3 consecutive losing paper trades
2026-09-27 23:20:26,811 [WARNING] run_once: Circuit breaker already tripped: 3 consecutive losing paper trades
2026-09-27 23:25:24,398 [WARNING] run_once: Circuit breaker already tripped: 3 consecutive losing paper trades
2026-09-27 23:30:31,671 [WARNING] run_once: Circuit breaker already tripped: 3 consecutive losing paper trades
2026-09-27 23:35:27,141 [WARNING] run_once: Circuit breaker already tripped: 3 consecutive losing paper trades
2026-09-27 23:40:28,563 [WARNING] run_once: Circuit breaker already tripped: 3 consecutive losing paper trades
2026-09-27 23:45:29,073 [WARNING] run_once: Circuit breaker already tripped: 3 consecutive losing paper trades
2026-09-27 23:50:27,051 [WARNING] run_once: Circuit breaker already tripped: 3 consecutive losing paper trades
2026-09-27 23:55:27,649 [WARNING] run_once: Circuit breaker already tripped: 3 consecutive losing paper trades
2026-09-28 00:00:34,635 [WARNING] run_once: Circuit breaker already tripped: 3 consecutive losing paper trades
2026-09-28 00:05:26,669 [WARNING] run_once: Circuit breaker already tripped: 3 consecutive losing paper trades
2026-09-28 00:10:30,397 [WARNING] run_once: Circuit breaker already tripped: 3 consecutive losing paper trades
2026-09-28 00:15:32,614 [WARNING] run_once: Circuit breaker already tripped: 3 consecutive losing paper trades
2026-09-28 00:20:31,709 [WARNING] run_once: Circuit breaker already tripped: 3 consecutive losing paper trades
2026-09-28 00:25:26,213 [WARNING] run_once: Circuit breaker already tripped: 3 consecutive losing paper trades
2026-09-28 00:30:32,982 [WARNING] run_once: Circuit breaker already tripped: 3 consecutive losing paper trades
2026-09-28 00:35:26,320 [WARNING] run_once: Circuit breaker already tripped: 3 consecutive losing paper trades
2026-09-28 00:40:31,558 [WARNING] run_once: Circuit breaker already tripped: 3 consecutive losing paper trades
2026-09-28 00:45:31,797 [WARNING] run_once: Circuit breaker already tripped: 3 consecutive losing paper trades
2026-09-28 00:50:40,646 [WARNING] run_once: Circuit breaker already tripped: 3 consecutive losing paper trades
2026-09-28 00:55:29,769 [WARNING] run_once: Circuit breaker already tripped: 3 consecutive losing paper trades
2026-09-28 01:00:34,558 [WARNING] run_once: Circuit breaker already tripped: 3 consecutive losing paper trades
2026-09-28 01:05:26,023 [WARNING] run_once: Circuit breaker already tripped: 3 consecutive losing paper trades
2026-09-28 01:10:30,352 [WARNING] run_once: Circuit breaker already tripped: 3 consecutive losing paper trades
2026-09-28 01:15:28,320 [WARNING] run_once: Circuit breaker already tripped: 3 consecutive losing paper trades
2026-09-28 01:20:30,849 [WARNING] run_once: Circuit breaker already tripped: 3 consecutive losing paper trades
2026-09-28 01:25:34,013 [WARNING] run_once: Circuit breaker already tripped: 3 consecutive losing paper trades
2026-09-28 01:30:25,408 [WARNING] run_once: Circuit breaker already tripped: 3 consecutive losing paper trades
2026-09-28 01:35:27,919 [WARNING] run_once: Circuit breaker already tripped: 3 consecutive losing paper trades
2026-09-28 01:40:27,329 [WARNING] run_once: Circuit breaker already tripped: 3 consecutive losing paper trades
2026-09-28 01:45:31,291 [WARNING] run_once: Circuit breaker already tripped: 3 consecutive losing paper trades
2026-09-28 01:51:06,186 [WARNING] run_once: Circuit breaker already tripped: 3 consecutive losing paper trades
2026-09-28 01:55:27,239 [WARNING] run_once: Circuit breaker already tripped: 3 consecutive losing paper trades
2026-09-28 02:00:31,958 [WARNING] run_once: Circuit breaker already tripped: 3 consecutive losing paper trades
2026-09-28 02:05:26,852 [WARNING] run_once: Circuit breaker already tripped: 3 consecutive losing paper trades
2026-09-28 02:10:25,872 [WARNING] run_once: Circuit breaker already tripped: 3 consecutive losing paper trades
2026-09-28 02:15:31,069 [WARNING] run_once: Circuit breaker already tripped: 3 consecutive losing paper trades
2026-09-28 02:20:28,270 [WARNING] run_once: Circuit breaker already tripped: 3 consecutive losing paper trades
2026-09-28 02:25:32,675 [WARNING] run_once: Circuit breaker already tripped: 3 consecutive losing paper trades
2026-09-28 02:30:35,119 [WARNING] run_once: Circuit breaker already tripped: 3 consecutive losing paper trades
2026-09-28 02:35:25,199 [WARNING] run_once: Circuit breaker already tripped: 3 consecutive losing paper trades
2026-09-28 02:40:33,501 [WARNING] run_once: Circuit breaker already tripped: 3 consecutive losing paper trades
2026-09-28 02:45:30,083 [WARNING] run_once: Circuit breaker already tripped: 3 consecutive losing paper trades
2026-09-28 02:50:31,495 [WARNING] run_once: Circuit breaker already tripped: 3 consecutive losing paper trades
2026-09-28 02:55:25,353 [WARNING] run_once: Circuit breaker already tripped: 3 consecutive losing paper trades
2026-09-28 03:00:29,595 [WARNING] run_once: Circuit breaker already tripped: 3 consecutive losing paper trades
2026-09-28 03:05:24,377 [WARNING] run_once: Circuit breaker already tripped: 3 consecutive losing paper trades
2026-09-28 03:10:29,003 [WARNING] run_once: Circuit breaker already tripped: 3 consecutive losing paper trades
2026-09-28 03:15:30,274 [WARNING] run_once: Circuit breaker already tripped: 3 consecutive losing paper trades
2026-09-28 03:20:24,528 [WARNING] run_once: Circuit breaker already tripped: 3 consecutive losing paper trades
2026-09-28 03:25:27,981 [WARNING] run_once: Circuit breaker already tripped: 3 consecutive losing paper trades
2026-09-28 03:30:30,549 [WARNING] run_once: Circuit breaker already tripped: 3 consecutive losing paper trades
2026-09-28 03:35:23,457 [WARNING] run_once: Circuit breaker already tripped: 3 consecutive losing paper trades
2026-09-28 03:40:31,641 [WARNING] run_once: Circuit breaker already tripped: 3 consecutive losing paper trades
2026-09-28 03:45:29,493 [WARNING] run_once: Circuit breaker already tripped: 3 consecutive losing paper trades
2026-09-28 03:50:37,264 [WARNING] run_once: Circuit breaker already tripped: 3 consecutive losing paper trades
2026-09-28 03:55:26,566 [WARNING] run_once: Circuit breaker already tripped: 3 consecutive losing paper trades
2026-09-28 04:00:37,577 [WARNING] run_once: Circuit breaker already tripped: 3 consecutive losing paper trades
2026-09-28 04:05:25,503 [WARNING] run_once: Circuit breaker already tripped: 3 consecutive losing paper trades
2026-09-28 04:10:32,374 [WARNING] run_once: Circuit breaker already tripped: 3 consecutive losing paper trades
2026-09-28 04:15:26,916 [WARNING] run_once: Circuit breaker already tripped: 3 consecutive losing paper trades
2026-09-28 04:20:32,325 [WARNING] run_once: Circuit breaker already tripped: 3 consecutive losing paper trades
2026-09-28 04:25:27,656 [WARNING] run_once: Circuit breaker already tripped: 3 consecutive losing paper trades
2026-09-28 04:30:29,866 [WARNING] run_once: Circuit breaker already tripped: 3 consecutive losing paper trades
2026-09-28 04:35:32,482 [WARNING] run_once: Circuit breaker already tripped: 3 consecutive losing paper trades
2026-09-28 04:40:27,725 [WARNING] run_once: Circuit breaker already tripped: 3 consecutive losing paper trades
2026-09-28 04:45:28,332 [WARNING] run_once: Circuit breaker already tripped: 3 consecutive losing paper trades
2026-09-28 04:50:27,320 [WARNING] run_once: Circuit breaker already tripped: 3 consecutive losing paper trades
2026-09-28 04:55:27,447 [WARNING] run_once: Circuit breaker already tripped: 3 consecutive losing paper trades
2026-09-28 05:00:34,946 [WARNING] run_once: Circuit breaker already tripped: 3 consecutive losing paper trades
2026-09-28 05:05:27,897 [WARNING] run_once: Circuit breaker already tripped: 3 consecutive losing paper trades
2026-09-28 05:10:30,359 [WARNING] run_once: Circuit breaker already tripped: 3 consecutive losing paper trades
2026-09-28 05:15:28,827 [WARNING] run_once: Circuit breaker already tripped: 3 consecutive losing paper trades
2026-09-28 05:20:33,522 [WARNING] run_once: Circuit breaker already tripped: 3 consecutive losing paper trades
2026-09-28 05:25:21,895 [WARNING] run_once: Circuit breaker already tripped: 3 consecutive losing paper trades
2026-09-28 05:30:33,538 [WARNING] run_once: Circuit breaker already tripped: 3 consecutive losing paper trades
2026-09-28 05:35:25,246 [WARNING] run_once: Circuit breaker already tripped: 3 consecutive losing paper trades
2026-09-28 05:40:23,274 [WARNING] run_once: Circuit breaker already tripped: 3 consecutive losing paper trades
2026-09-28 05:45:30,341 [WARNING] run_once: Circuit breaker already tripped: 3 consecutive losing paper trades
2026-09-28 05:50:29,962 [WARNING] run_once: Circuit breaker already tripped: 3 consecutive losing paper trades
2026-09-28 05:55:27,431 [WARNING] run_once: Circuit breaker already tripped: 3 consecutive losing paper trades
2026-09-28 06:00:31,607 [WARNING] run_once: Circuit breaker already tripped: 3 consecutive losing paper trades
2026-09-28 06:05:28,484 [WARNING] run_once: Circuit breaker already tripped: 3 consecutive losing paper trades
2026-09-28 06:10:26,522 [WARNING] run_once: Circuit breaker already tripped: 3 consecutive losing paper trades
2026-09-28 06:15:27,296 [WARNING] run_once: Circuit breaker already tripped: 3 consecutive losing paper trades
2026-09-28 06:20:28,815 [WARNING] run_once: Circuit breaker already tripped: 3 consecutive losing paper trades
2026-09-28 06:25:25,756 [WARNING] run_once: Circuit breaker already tripped: 3 consecutive losing paper trades
2026-09-28 06:30:33,414 [WARNING] run_once: Circuit breaker already tripped: 3 consecutive losing paper trades
2026-09-28 06:35:25,618 [WARNING] run_once: Circuit breaker already tripped: 3 consecutive losing paper trades
2026-09-28 06:40:30,866 [WARNING] run_once: Circuit breaker already tripped: 3 consecutive losing paper trades
2026-09-28 06:45:29,442 [WARNING] run_once: Circuit breaker already tripped: 3 consecutive losing paper trades
2026-09-28 06:50:31,202 [WARNING] run_once: Circuit breaker already tripped: 3 consecutive losing paper trades
2026-09-28 06:55:27,567 [WARNING] run_once: Circuit breaker already tripped: 3 consecutive losing paper trades
2026-09-28 07:00:39,056 [WARNING] run_once: Circuit breaker already tripped: 3 consecutive losing paper trades
2026-09-28 07:05:28,066 [WARNING] run_once: Circuit breaker already tripped: 3 consecutive losing paper trades
2026-09-28 07:10:23,708 [WARNING] run_once: Circuit breaker already tripped: 3 consecutive losing paper trades
2026-09-28 07:15:25,597 [WARNING] run_once: Circuit breaker already tripped: 3 consecutive losing paper trades
2026-09-28 07:20:31,154 [WARNING] run_once: Circuit breaker already tripped: 3 consecutive losing paper trades
2026-09-28 07:25:27,303 [WARNING] run_once: Circuit breaker already tripped: 3 consecutive losing paper trades
2026-09-28 07:30:32,921 [WARNING] run_once: Circuit breaker already tripped: 3 consecutive losing paper trades
2026-09-28 07:35:29,099 [WARNING] run_once: Circuit breaker already tripped: 3 consecutive losing paper trades
2026-09-28 07:40:34,319 [WARNING] run_once: Circuit breaker already tripped: 3 consecutive losing paper trades
2026-09-28 07:45:30,558 [WARNING] run_once: Circuit breaker already tripped: 3 consecutive losing paper trades
2026-09-28 07:50:30,525 [WARNING] run_once: Circuit breaker already tripped: 3 consecutive losing paper trades
2026-09-28 07:55:26,613 [WARNING] run_once: Circuit breaker already tripped: 3 consecutive losing paper trades
2026-09-28 08:00:32,182 [WARNING] run_once: Circuit breaker already tripped: 3 consecutive losing paper trades
2026-09-28 08:05:26,314 [WARNING] run_once: Circuit breaker already tripped: 3 consecutive losing paper trades
2026-09-28 08:10:32,623 [WARNING] run_once: Circuit breaker already tripped: 3 consecutive losing paper trades
2026-09-28 08:15:35,132 [WARNING] run_once: Circuit breaker already tripped: 3 consecutive losing paper trades
2026-09-28 08:20:28,682 [WARNING] run_once: Circuit breaker already tripped: 3 consecutive losing paper trades
2026-09-28 08:25:26,869 [WARNING] run_once: Circuit breaker already tripped: 3 consecutive losing paper trades
2026-09-28 08:30:33,448 [WARNING] run_once: Circuit breaker already tripped: 3 consecutive losing paper trades
2026-09-28 08:35:37,208 [WARNING] run_once: Circuit breaker already tripped: 3 consecutive losing paper trades
2026-09-28 08:40:30,933 [WARNING] run_once: Circuit breaker already tripped: 3 consecutive losing paper trades
2026-09-28 08:45:29,547 [WARNING] run_once: Circuit breaker already tripped: 3 consecutive losing paper trades
2026-09-28 08:51:08,657 [WARNING] run_once: Circuit breaker already tripped: 3 consecutive losing paper trades
2026-09-28 08:55:26,200 [WARNING] run_once: Circuit breaker already tripped: 3 consecutive losing paper trades
2026-09-28 09:00:36,243 [WARNING] run_once: Circuit breaker already tripped: 3 consecutive losing paper trades
2026-09-28 09:05:28,799 [WARNING] run_once: Circuit breaker already tripped: 3 consecutive losing paper trades
2026-09-28 09:10:40,842 [WARNING] run_once: Circuit breaker already tripped: 3 consecutive losing paper trades
2026-09-28 09:15:31,017 [WARNING] run_once: Circuit breaker already tripped: 3 consecutive losing paper trades
2026-09-28 09:20:31,291 [WARNING] run_once: Circuit breaker already tripped: 3 consecutive losing paper trades
2026-09-28 09:25:24,793 [WARNING] run_once: Circuit breaker already tripped: 3 consecutive losing paper trades
2026-09-28 09:30:30,375 [WARNING] run_once: Circuit breaker already tripped: 3 consecutive losing paper trades
2026-09-28 09:35:26,824 [WARNING] run_once: Circuit breaker already tripped: 3 consecutive losing paper trades
2026-09-28 09:40:28,790 [WARNING] run_once: Circuit breaker already tripped: 3 consecutive losing paper trades
2026-09-28 09:45:28,729 [WARNING] run_once: Circuit breaker already tripped: 3 consecutive losing paper trades
2026-09-28 09:50:33,013 [WARNING] run_once: Circuit breaker already tripped: 3 consecutive losing paper trades
2026-09-28 09:55:24,346 [WARNING] run_once: Circuit breaker already tripped: 3 consecutive losing paper trades
2026-09-28 10:00:32,349 [WARNING] run_once: Circuit breaker already tripped: 3 consecutive losing paper trades
2026-09-28 10:05:28,779 [WARNING] run_once: Circuit breaker already tripped: 3 consecutive losing paper trades
2026-09-28 10:10:27,788 [WARNING] run_once: Circuit breaker already tripped: 3 consecutive losing paper trades
2026-09-28 10:15:32,835 [WARNING] run_once: Circuit breaker already tripped: 3 consecutive losing paper trades
2026-09-28 10:20:45,005 [WARNING] run_once: Circuit breaker already tripped: 3 consecutive losing paper trades
2026-09-28 10:30:33,689 [WARNING] run_once: Circuit breaker already tripped: 3 consecutive losing paper trades
2026-09-28 10:35:29,678 [WARNING] run_once: Circuit breaker already tripped: 3 consecutive losing paper trades
2026-09-28 10:45:46,908 [WARNING] run_once: Circuit breaker already tripped: 3 consecutive losing paper trades
2026-09-28 10:50:29,936 [WARNING] run_once: Circuit breaker already tripped: 3 consecutive losing paper trades
2026-09-28 10:55:29,023 [WARNING] run_once: Circuit breaker already tripped: 3 consecutive losing paper trades
2026-09-28 11:00:35,638 [WARNING] run_once: Circuit breaker already tripped: 3 consecutive losing paper trades
2026-09-28 11:05:26,766 [WARNING] run_once: Circuit breaker already tripped: 3 consecutive losing paper trades
2026-09-28 11:10:30,453 [WARNING] run_once: Circuit breaker already tripped: 3 consecutive losing paper trades
2026-09-28 11:15:31,539 [WARNING] run_once: Circuit breaker already tripped: 3 consecutive losing paper trades
2026-09-28 11:20:27,296 [WARNING] run_once: Circuit breaker already tripped: 3 consecutive losing paper trades
2026-09-28 11:25:27,246 [WARNING] run_once: Circuit breaker already tripped: 3 consecutive losing paper trades
2026-09-28 11:30:31,858 [WARNING] run_once: Circuit breaker already tripped: 3 consecutive losing paper trades
2026-09-28 11:35:26,311 [WARNING] run_once: Circuit breaker already tripped: 3 consecutive losing paper trades
2026-09-28 11:40:30,663 [WARNING] run_once: Circuit breaker already tripped: 3 consecutive losing paper trades
2026-09-28 11:45:29,142 [WARNING] run_once: Circuit breaker already tripped: 3 consecutive losing paper trades
2026-09-28 11:50:33,734 [WARNING] run_once: Circuit breaker already tripped: 3 consecutive losing paper trades
2026-09-28 11:56:06,495 [WARNING] run_once: Circuit breaker already tripped: 3 consecutive losing paper trades
2026-09-28 12:00:37,326 [WARNING] run_once: Circuit breaker already tripped: 3 consecutive losing paper trades
2026-09-28 12:05:24,022 [WARNING] run_once: Circuit breaker already tripped: 3 consecutive losing paper trades
2026-09-28 12:10:30,643 [WARNING] run_once: Circuit breaker already tripped: 3 consecutive losing paper trades
2026-09-28 12:15:30,425 [WARNING] run_once: Circuit breaker already tripped: 3 consecutive losing paper trades
2026-09-28 12:20:33,184 [WARNING] run_once: Circuit breaker already tripped: 3 consecutive losing paper trades
2026-09-28 12:25:29,731 [WARNING] run_once: Circuit breaker already tripped: 3 consecutive losing paper trades
2026-09-28 12:30:33,487 [WARNING] run_once: Circuit breaker already tripped: 3 consecutive losing paper trades
2026-09-28 12:35:28,873 [WARNING] run_once: Circuit breaker already tripped: 3 consecutive losing paper trades
2026-09-28 12:40:29,546 [WARNING] run_once: Circuit breaker already tripped: 3 consecutive losing paper trades
2026-09-28 12:50:30,890 [WARNING] run_once: Circuit breaker already tripped: 3 consecutive losing paper trades
2026-09-28 12:55:29,949 [WARNING] run_once: Circuit breaker already tripped: 3 consecutive losing paper trades
2026-09-28 13:01:07,808 [WARNING] run_once: Circuit breaker already tripped: 3 consecutive losing paper trades
2026-09-28 13:06:04,038 [WARNING] run_once: Circuit breaker already tripped: 3 consecutive losing paper trades
2026-09-28 13:10:31,986 [WARNING] run_once: Circuit breaker already tripped: 3 consecutive losing paper trades
2026-09-28 13:15:31,200 [WARNING] run_once: Circuit breaker already tripped: 3 consecutive losing paper trades
2026-09-28 13:20:30,376 [WARNING] run_once: Circuit breaker already tripped: 3 consecutive losing paper trades
2026-09-28 13:26:01,409 [WARNING] run_once: Circuit breaker already tripped: 3 consecutive losing paper trades
2026-09-28 13:30:32,589 [WARNING] run_once: Circuit breaker already tripped: 3 consecutive losing paper trades
2026-09-28 13:35:26,249 [WARNING] run_once: Circuit breaker already tripped: 3 consecutive losing paper trades
2026-09-28 13:41:05,816 [WARNING] run_once: Circuit breaker already tripped: 3 consecutive losing paper trades
2026-09-28 13:46:06,387 [WARNING] run_once: Circuit breaker already tripped: 3 consecutive losing paper trades
2026-09-28 13:50:35,693 [WARNING] run_once: Circuit breaker already tripped: 3 consecutive losing paper trades
2026-09-28 13:55:28,532 [WARNING] run_once: Circuit breaker already tripped: 3 consecutive losing paper trades
2026-09-28 14:00:30,795 [WARNING] run_once: Circuit breaker already tripped: 3 consecutive losing paper trades
2026-09-28 14:05:27,850 [WARNING] run_once: Circuit breaker already tripped: 3 consecutive losing paper trades
2026-09-28 14:10:50,336 [WARNING] run_once: Circuit breaker already tripped: 3 consecutive losing paper trades
2026-09-28 14:15:39,128 [WARNING] run_once: Circuit breaker already tripped: 3 consecutive losing paper trades
2026-09-28 14:20:30,956 [WARNING] run_once: Circuit breaker already tripped: 3 consecutive losing paper trades
2026-09-28 14:25:30,652 [WARNING] run_once: Circuit breaker already tripped: 3 consecutive losing paper trades
2026-09-28 14:30:33,384 [WARNING] run_once: Circuit breaker already tripped: 3 consecutive losing paper trades
2026-09-28 14:35:28,616 [WARNING] run_once: Circuit breaker already tripped: 3 consecutive losing paper trades
2026-09-28 14:40:33,345 [WARNING] run_once: Circuit breaker already tripped: 3 consecutive losing paper trades
2026-09-28 14:45:27,312 [WARNING] run_once: Circuit breaker already tripped: 3 consecutive losing paper trades
2026-09-28 14:50:30,634 [WARNING] run_once: Circuit breaker already tripped: 3 consecutive losing paper trades
2026-09-28 14:55:28,630 [WARNING] run_once: Circuit breaker already tripped: 3 consecutive losing paper trades
2026-09-28 15:00:35,438 [WARNING] run_once: Circuit breaker already tripped: 3 consecutive losing paper trades
2026-09-28 15:05:27,889 [WARNING] run_once: Circuit breaker already tripped: 3 consecutive losing paper trades
2026-09-28 15:10:29,766 [WARNING] run_once: Circuit breaker already tripped: 3 consecutive losing paper trades
2026-09-28 15:16:06,547 [WARNING] run_once: Circuit breaker already tripped: 3 consecutive losing paper trades
2026-09-28 15:20:29,546 [WARNING] run_once: Circuit breaker already tripped: 3 consecutive losing paper trades
2026-09-28 15:25:28,438 [WARNING] run_once: Circuit breaker already tripped: 3 consecutive losing paper trades
2026-09-28 15:30:39,149 [WARNING] run_once: Circuit breaker already tripped: 3 consecutive losing paper trades
2026-09-28 15:35:26,249 [WARNING] run_once: Circuit breaker already tripped: 3 consecutive losing paper trades
2026-09-28 15:40:43,793 [WARNING] run_once: Circuit breaker already tripped: 3 consecutive losing paper trades
2026-09-28 15:45:27,461 [WARNING] run_once: Circuit breaker already tripped: 3 consecutive losing paper trades
2026-09-28 15:50:27,226 [WARNING] run_once: Circuit breaker already tripped: 3 consecutive losing paper trades
2026-09-28 15:55:28,885 [WARNING] run_once: Circuit breaker already tripped: 3 consecutive losing paper trades
2026-09-28 16:00:40,020 [WARNING] run_once: Circuit breaker already tripped: 3 consecutive losing paper trades
2026-09-28 16:05:30,003 [WARNING] run_once: Circuit breaker already tripped: 3 consecutive losing paper trades
2026-09-28 16:10:31,814 [WARNING] run_once: Circuit breaker already tripped: 3 consecutive losing paper trades
2026-09-28 16:15:29,885 [WARNING] run_once: Circuit breaker already tripped: 3 consecutive losing paper trades
2026-09-28 16:20:27,190 [WARNING] run_once: Circuit breaker already tripped: 3 consecutive losing paper trades
2026-09-28 16:25:28,550 [WARNING] run_once: Circuit breaker already tripped: 3 consecutive losing paper trades
2026-09-28 16:30:33,390 [WARNING] run_once: Circuit breaker already tripped: 3 consecutive losing paper trades
2026-09-28 16:35:49,835 [WARNING] run_once: Circuit breaker already tripped: 3 consecutive losing paper trades
2026-09-28 16:40:29,863 [WARNING] run_once: Circuit breaker already tripped: 3 consecutive losing paper trades
2026-09-28 16:45:29,669 [WARNING] run_once: Circuit breaker already tripped: 3 consecutive losing paper trades
2026-09-28 16:50:31,346 [WARNING] run_once: Circuit breaker already tripped: 3 consecutive losing paper trades
2026-09-28 16:55:26,358 [WARNING] run_once: Circuit breaker already tripped: 3 consecutive losing paper trades
2026-09-28 17:01:10,412 [WARNING] run_once: Circuit breaker already tripped: 3 consecutive losing paper trades
2026-09-28 17:05:33,199 [WARNING] run_once: Circuit breaker already tripped: 3 consecutive losing paper trades
2026-09-28 17:10:31,113 [WARNING] run_once: Circuit breaker already tripped: 3 consecutive losing paper trades
2026-09-28 17:15:29,435 [WARNING] run_once: Circuit breaker already tripped: 3 consecutive losing paper trades
2026-09-28 17:20:36,365 [WARNING] run_once: Circuit breaker already tripped: 3 consecutive losing paper trades
2026-09-28 17:25:28,791 [WARNING] run_once: Circuit breaker already tripped: 3 consecutive losing paper trades
2026-09-28 17:30:31,329 [WARNING] run_once: Circuit breaker already tripped: 3 consecutive losing paper trades
2026-09-28 17:35:29,710 [WARNING] run_once: Circuit breaker already tripped: 3 consecutive losing paper trades
2026-09-28 17:40:29,947 [WARNING] run_once: Circuit breaker already tripped: 3 consecutive losing paper trades
2026-09-28 17:45:27,365 [WARNING] run_once: Circuit breaker already tripped: 3 consecutive losing paper trades
2026-09-28 17:50:31,528 [WARNING] run_once: Circuit breaker already tripped: 3 consecutive losing paper trades
2026-09-28 17:55:25,186 [WARNING] run_once: Circuit breaker already tripped: 3 consecutive losing paper trades
2026-09-28 18:00:35,656 [WARNING] run_once: Circuit breaker already tripped: 3 consecutive losing paper trades
2026-09-28 18:05:30,516 [WARNING] run_once: Circuit breaker already tripped: 3 consecutive losing paper trades
2026-09-28 18:10:29,514 [WARNING] run_once: Circuit breaker already tripped: 3 consecutive losing paper trades
2026-09-28 18:15:31,290 [WARNING] run_once: Circuit breaker already tripped: 3 consecutive losing paper trades
2026-09-28 18:20:31,266 [WARNING] run_once: Circuit breaker already tripped: 3 consecutive losing paper trades
2026-09-28 18:25:31,638 [WARNING] run_once: Circuit breaker already tripped: 3 consecutive losing paper trades
2026-09-28 18:30:34,737 [WARNING] run_once: Circuit breaker already tripped: 3 consecutive losing paper trades
2026-09-28 18:35:31,067 [WARNING] run_once: Circuit breaker already tripped: 3 consecutive losing paper trades
2026-09-28 18:40:26,978 [WARNING] run_once: Circuit breaker already tripped: 3 consecutive losing paper trades
2026-09-28 18:45:32,027 [WARNING] run_once: Circuit breaker already tripped: 3 consecutive losing paper trades
2026-09-28 18:50:28,998 [WARNING] run_once: Circuit breaker already tripped: 3 consecutive losing paper trades
2026-09-28 18:55:27,370 [WARNING] run_once: Circuit breaker already tripped: 3 consecutive losing paper trades
2026-09-28 19:00:35,408 [WARNING] run_once: Circuit breaker already tripped: 3 consecutive losing paper trades
2026-09-28 19:05:37,189 [WARNING] run_once: Circuit breaker already tripped: 3 consecutive losing paper trades
2026-09-28 19:10:27,385 [WARNING] run_once: Circuit breaker already tripped: 3 consecutive losing paper trades
2026-09-28 19:15:31,890 [WARNING] run_once: Circuit breaker already tripped: 3 consecutive losing paper trades
2026-09-28 19:20:31,080 [WARNING] run_once: Circuit breaker already tripped: 3 consecutive losing paper trades
2026-09-28 19:25:29,213 [WARNING] run_once: Circuit breaker already tripped: 3 consecutive losing paper trades
2026-09-28 19:30:34,461 [WARNING] run_once: Circuit breaker already tripped: 3 consecutive losing paper trades
2026-09-28 19:35:27,771 [WARNING] run_once: Circuit breaker already tripped: 3 consecutive losing paper trades
2026-09-28 19:40:30,311 [WARNING] run_once: Circuit breaker already tripped: 3 consecutive losing paper trades
2026-09-28 19:45:35,689 [WARNING] run_once: Circuit breaker already tripped: 3 consecutive losing paper trades
2026-09-28 19:50:37,264 [WARNING] run_once: Circuit breaker already tripped: 3 consecutive losing paper trades
2026-09-28 19:55:33,111 [WARNING] run_once: Circuit breaker already tripped: 3 consecutive losing paper trades
2026-09-28 20:00:32,766 [WARNING] run_once: Circuit breaker already tripped: 3 consecutive losing paper trades
2026-09-28 20:05:35,290 [WARNING] run_once: Circuit breaker already tripped: 3 consecutive losing paper trades
2026-09-28 20:10:31,145 [WARNING] run_once: Circuit breaker already tripped: 3 consecutive losing paper trades
2026-09-28 20:15:28,683 [WARNING] run_once: Circuit breaker already tripped: 3 consecutive losing paper trades
2026-09-28 20:20:31,141 [WARNING] run_once: Circuit breaker already tripped: 3 consecutive losing paper trades
2026-09-28 20:25:29,365 [WARNING] run_once: Circuit breaker already tripped: 3 consecutive losing paper trades
2026-09-28 20:31:07,180 [WARNING] run_once: Circuit breaker already tripped: 3 consecutive losing paper trades
2026-09-28 20:35:24,866 [WARNING] run_once: Circuit breaker already tripped: 3 consecutive losing paper trades
2026-09-28 20:40:31,646 [WARNING] run_once: Circuit breaker already tripped: 3 consecutive losing paper trades
2026-09-28 20:45:29,481 [WARNING] run_once: Circuit breaker already tripped: 3 consecutive losing paper trades
2026-09-28 20:50:37,955 [WARNING] run_once: Circuit breaker already tripped: 3 consecutive losing paper trades
2026-09-28 20:55:28,646 [WARNING] run_once: Circuit breaker already tripped: 3 consecutive losing paper trades
2026-09-28 21:00:35,861 [WARNING] run_once: Circuit breaker already tripped: 3 consecutive losing paper trades
2026-09-28 21:05:29,486 [WARNING] run_once: Circuit breaker already tripped: 3 consecutive losing paper trades
2026-09-28 21:10:40,609 [WARNING] run_once: Circuit breaker already tripped: 3 consecutive losing paper trades
2026-09-28 21:15:28,646 [WARNING] run_once: Circuit breaker already tripped: 3 consecutive losing paper trades
2026-09-28 21:20:31,831 [WARNING] run_once: Circuit breaker already tripped: 3 consecutive losing paper trades
2026-09-28 21:25:29,148 [WARNING] run_once: Circuit breaker already tripped: 3 consecutive losing paper trades
2026-09-28 21:30:28,602 [WARNING] run_once: Circuit breaker already tripped: 3 consecutive losing paper trades
2026-09-28 21:35:28,816 [WARNING] run_once: Circuit breaker already tripped: 3 consecutive losing paper trades
2026-09-28 21:40:30,766 [WARNING] run_once: Circuit breaker already tripped: 3 consecutive losing paper trades
2026-09-28 21:45:31,884 [WARNING] run_once: Circuit breaker already tripped: 3 consecutive losing paper trades
2026-09-28 21:50:30,732 [WARNING] run_once: Circuit breaker already tripped: 3 consecutive losing paper trades
2026-09-28 21:55:30,526 [WARNING] run_once: Circuit breaker already tripped: 3 consecutive losing paper trades
2026-09-28 22:00:37,495 [WARNING] run_once: Circuit breaker already tripped: 3 consecutive losing paper trades
2026-09-28 22:05:28,334 [WARNING] run_once: Circuit breaker already tripped: 3 consecutive losing paper trades
2026-09-28 22:10:29,816 [WARNING] run_once: Circuit breaker already tripped: 3 consecutive losing paper trades
2026-09-28 22:15:28,329 [WARNING] run_once: Circuit breaker already tripped: 3 consecutive losing paper trades
2026-09-28 22:20:35,203 [WARNING] run_once: Circuit breaker already tripped: 3 consecutive losing paper trades
2026-09-28 22:25:28,726 [WARNING] run_once: Circuit breaker already tripped: 3 consecutive losing paper trades
2026-09-28 22:30:33,222 [WARNING] run_once: Circuit breaker already tripped: 3 consecutive losing paper trades
2026-09-28 22:35:24,725 [WARNING] run_once: Circuit breaker already tripped: 3 consecutive losing paper trades
2026-09-28 22:40:29,483 [WARNING] run_once: Circuit breaker already tripped: 3 consecutive losing paper trades
2026-09-28 22:45:29,740 [WARNING] run_once: Circuit breaker already tripped: 3 consecutive losing paper trades
2026-09-28 22:50:30,772 [WARNING] run_once: Circuit breaker already tripped: 3 consecutive losing paper trades
2026-09-28 22:55:25,698 [WARNING] run_once: Circuit breaker already tripped: 3 consecutive losing paper trades
2026-09-28 23:00:29,097 [WARNING] run_once: Circuit breaker already tripped: 3 consecutive losing paper trades
2026-09-28 23:05:26,613 [WARNING] run_once: Circuit breaker already tripped: 3 consecutive losing paper trades
2026-09-28 23:10:27,865 [WARNING] run_once: Circuit breaker already tripped: 3 consecutive losing paper trades
2026-09-28 23:15:26,239 [WARNING] run_once: Circuit breaker already tripped: 3 consecutive losing paper trades
2026-09-28 23:20:35,315 [WARNING] run_once: Circuit breaker already tripped: 3 consecutive losing paper trades
2026-09-28 23:25:26,515 [WARNING] run_once: Circuit breaker already tripped: 3 consecutive losing paper trades
2026-09-28 23:30:32,116 [WARNING] run_once: Circuit breaker already tripped: 3 consecutive losing paper trades
2026-09-28 23:35:27,593 [WARNING] run_once: Circuit breaker already tripped: 3 consecutive losing paper trades
2026-09-28 23:40:24,547 [WARNING] run_once: Circuit breaker already tripped: 3 consecutive losing paper trades
2026-09-28 23:45:30,017 [WARNING] run_once: Circuit breaker already tripped: 3 consecutive losing paper trades
2026-09-28 23:50:29,732 [WARNING] run_once: Circuit breaker already tripped: 3 consecutive losing paper trades
2026-09-28 23:55:31,991 [WARNING] run_once: Circuit breaker already tripped: 3 consecutive losing paper trades
2026-09-29 00:00:36,970 [WARNING] run_once: Circuit breaker already tripped: 3 consecutive losing paper trades
2026-09-29 00:05:23,775 [WARNING] run_once: Circuit breaker already tripped: 3 consecutive losing paper trades
2026-09-29 00:10:30,029 [WARNING] run_once: Circuit breaker already tripped: 3 consecutive losing paper trades
2026-09-29 00:20:29,375 [WARNING] run_once: Circuit breaker already tripped: 3 consecutive losing paper trades
2026-09-29 00:25:29,800 [WARNING] run_once: Circuit breaker already tripped: 3 consecutive losing paper trades
2026-09-29 00:30:34,055 [WARNING] run_once: Circuit breaker already tripped: 3 consecutive losing paper trades
2026-09-29 00:35:32,302 [WARNING] run_once: Circuit breaker already tripped: 3 consecutive losing paper trades
2026-09-29 00:40:29,169 [WARNING] run_once: Circuit breaker already tripped: 3 consecutive losing paper trades
2026-09-29 00:45:28,067 [WARNING] run_once: Circuit breaker already tripped: 3 consecutive losing paper trades
2026-09-29 00:50:26,407 [WARNING] run_once: Circuit breaker already tripped: 3 consecutive losing paper trades
2026-09-29 00:55:30,403 [WARNING] run_once: Circuit breaker already tripped: 3 consecutive losing paper trades
2026-09-29 01:00:29,043 [WARNING] run_once: Circuit breaker already tripped: 3 consecutive losing paper trades
2026-09-29 01:05:24,328 [WARNING] run_once: Circuit breaker already tripped: 3 consecutive losing paper trades
2026-09-29 01:10:32,229 [WARNING] run_once: Circuit breaker already tripped: 3 consecutive losing paper trades
2026-09-29 01:16:04,587 [WARNING] run_once: Circuit breaker already tripped: 3 consecutive losing paper trades
2026-09-29 01:20:27,837 [WARNING] run_once: Circuit breaker already tripped: 3 consecutive losing paper trades
2026-09-29 01:25:26,779 [WARNING] run_once: Circuit breaker already tripped: 3 consecutive losing paper trades
2026-09-29 01:30:28,306 [WARNING] run_once: Circuit breaker already tripped: 3 consecutive losing paper trades
2026-09-29 01:35:26,431 [WARNING] run_once: Circuit breaker already tripped: 3 consecutive losing paper trades
2026-09-29 01:40:30,083 [WARNING] run_once: Circuit breaker already tripped: 3 consecutive losing paper trades
2026-09-29 01:45:30,015 [WARNING] run_once: Circuit breaker already tripped: 3 consecutive losing paper trades
2026-09-29 01:50:32,257 [WARNING] run_once: Circuit breaker already tripped: 3 consecutive losing paper trades
2026-09-29 01:55:27,314 [WARNING] run_once: Circuit breaker already tripped: 3 consecutive losing paper trades
2026-09-29 02:00:32,502 [WARNING] run_once: Circuit breaker already tripped: 3 consecutive losing paper trades
2026-09-29 02:05:25,934 [WARNING] run_once: Circuit breaker already tripped: 3 consecutive losing paper trades
2026-09-29 02:10:30,717 [WARNING] run_once: Circuit breaker already tripped: 3 consecutive losing paper trades
2026-09-29 02:15:31,351 [WARNING] run_once: Circuit breaker already tripped: 3 consecutive losing paper trades
2026-09-29 02:20:35,813 [WARNING] run_once: Circuit breaker already tripped: 3 consecutive losing paper trades
2026-09-29 02:25:26,415 [WARNING] run_once: Circuit breaker already tripped: 3 consecutive losing paper trades
2026-09-29 02:30:35,365 [WARNING] run_once: Circuit breaker already tripped: 3 consecutive losing paper trades
2026-09-29 02:35:27,163 [WARNING] run_once: Circuit breaker already tripped: 3 consecutive losing paper trades
2026-09-29 02:40:29,539 [WARNING] run_once: Circuit breaker already tripped: 3 consecutive losing paper trades
2026-09-29 02:45:32,500 [WARNING] run_once: Circuit breaker already tripped: 3 consecutive losing paper trades
2026-09-29 02:50:24,779 [WARNING] run_once: Circuit breaker already tripped: 3 consecutive losing paper trades
2026-09-29 02:55:26,709 [WARNING] run_once: Circuit breaker already tripped: 3 consecutive losing paper trades
2026-09-29 03:00:37,534 [WARNING] run_once: Circuit breaker already tripped: 3 consecutive losing paper trades
2026-09-29 03:05:23,236 [WARNING] run_once: Circuit breaker already tripped: 3 consecutive losing paper trades
2026-09-29 03:10:30,046 [WARNING] run_once: Circuit breaker already tripped: 3 consecutive losing paper trades
2026-09-29 03:15:29,402 [WARNING] run_once: Circuit breaker already tripped: 3 consecutive losing paper trades
2026-09-29 03:20:36,016 [WARNING] run_once: Circuit breaker already tripped: 3 consecutive losing paper trades
2026-09-29 03:25:25,742 [WARNING] run_once: Circuit breaker already tripped: 3 consecutive losing paper trades
2026-09-29 03:30:32,983 [WARNING] run_once: Circuit breaker already tripped: 3 consecutive losing paper trades
2026-09-29 03:35:27,307 [WARNING] run_once: Circuit breaker already tripped: 3 consecutive losing paper trades
2026-09-29 03:40:27,077 [WARNING] run_once: Circuit breaker already tripped: 3 consecutive losing paper trades
2026-09-29 03:45:29,008 [WARNING] run_once: Circuit breaker already tripped: 3 consecutive losing paper trades
2026-09-29 03:50:27,611 [WARNING] run_once: Circuit breaker already tripped: 3 consecutive losing paper trades
2026-09-29 03:55:25,688 [WARNING] run_once: Circuit breaker already tripped: 3 consecutive losing paper trades
2026-09-29 04:00:34,282 [WARNING] run_once: Circuit breaker already tripped: 3 consecutive losing paper trades
2026-09-29 04:05:25,471 [WARNING] run_once: Circuit breaker already tripped: 3 consecutive losing paper trades
2026-09-29 04:10:31,655 [WARNING] run_once: Circuit breaker already tripped: 3 consecutive losing paper trades
2026-09-29 04:15:29,277 [WARNING] run_once: Circuit breaker already tripped: 3 consecutive losing paper trades
2026-09-29 04:20:32,243 [WARNING] run_once: Circuit breaker already tripped: 3 consecutive losing paper trades
2026-09-29 04:25:34,384 [WARNING] run_once: Circuit breaker already tripped: 3 consecutive losing paper trades
2026-09-29 04:30:30,808 [WARNING] run_once: Circuit breaker already tripped: 3 consecutive losing paper trades
2026-09-29 04:35:28,597 [WARNING] run_once: Circuit breaker already tripped: 3 consecutive losing paper trades
2026-09-29 04:40:27,238 [WARNING] run_once: Circuit breaker already tripped: 3 consecutive losing paper trades
2026-09-29 04:45:27,996 [WARNING] run_once: Circuit breaker already tripped: 3 consecutive losing paper trades
2026-09-29 04:50:30,019 [WARNING] run_once: Circuit breaker already tripped: 3 consecutive losing paper trades
2026-09-29 04:55:32,874 [WARNING] run_once: Circuit breaker already tripped: 3 consecutive losing paper trades
2026-09-29 05:00:32,669 [WARNING] run_once: Circuit breaker already tripped: 3 consecutive losing paper trades
2026-09-29 05:05:31,214 [WARNING] run_once: Circuit breaker already tripped: 3 consecutive losing paper trades
2026-09-29 05:10:31,762 [WARNING] run_once: Circuit breaker already tripped: 3 consecutive losing paper trades
2026-09-29 05:15:27,261 [WARNING] run_once: Circuit breaker already tripped: 3 consecutive losing paper trades
2026-09-29 05:20:31,747 [WARNING] run_once: Circuit breaker already tripped: 3 consecutive losing paper trades
2026-09-29 05:25:21,418 [WARNING] run_once: Circuit breaker already tripped: 3 consecutive losing paper trades
2026-09-29 05:30:34,931 [WARNING] run_once: Circuit breaker already tripped: 3 consecutive losing paper trades
2026-09-29 05:35:26,432 [WARNING] run_once: Circuit breaker already tripped: 3 consecutive losing paper trades
2026-09-29 05:40:32,948 [WARNING] run_once: Circuit breaker already tripped: 3 consecutive losing paper trades
2026-09-29 05:45:30,777 [WARNING] run_once: Circuit breaker already tripped: 3 consecutive losing paper trades
2026-09-29 05:50:30,331 [WARNING] run_once: Circuit breaker already tripped: 3 consecutive losing paper trades
2026-09-29 05:55:26,508 [WARNING] run_once: Circuit breaker already tripped: 3 consecutive losing paper trades
2026-09-29 06:00:33,580 [WARNING] run_once: Circuit breaker already tripped: 3 consecutive losing paper trades
2026-09-29 06:05:29,853 [WARNING] run_once: Circuit breaker already tripped: 3 consecutive losing paper trades
2026-09-29 06:10:35,779 [WARNING] run_once: Circuit breaker already tripped: 3 consecutive losing paper trades
2026-09-29 06:15:34,674 [WARNING] run_once: Circuit breaker already tripped: 3 consecutive losing paper trades
2026-09-29 06:20:25,416 [WARNING] run_once: Circuit breaker already tripped: 3 consecutive losing paper trades
2026-09-29 06:25:30,890 [WARNING] run_once: Circuit breaker already tripped: 3 consecutive losing paper trades
2026-09-29 06:30:32,498 [WARNING] run_once: Circuit breaker already tripped: 3 consecutive losing paper trades
2026-09-29 06:35:26,833 [WARNING] run_once: Circuit breaker already tripped: 3 consecutive losing paper trades
2026-09-29 06:40:29,210 [WARNING] run_once: Circuit breaker already tripped: 3 consecutive losing paper trades
2026-09-29 06:45:32,545 [WARNING] run_once: Circuit breaker already tripped: 3 consecutive losing paper trades
2026-09-29 06:50:30,869 [WARNING] run_once: Circuit breaker already tripped: 3 consecutive losing paper trades
2026-09-29 06:55:26,561 [WARNING] run_once: Circuit breaker already tripped: 3 consecutive losing paper trades
2026-09-29 07:00:28,972 [WARNING] run_once: Circuit breaker already tripped: 3 consecutive losing paper trades
2026-09-29 07:05:45,362 [WARNING] run_once: Circuit breaker already tripped: 3 consecutive losing paper trades
2026-09-29 07:10:30,222 [WARNING] run_once: Circuit breaker already tripped: 3 consecutive losing paper trades
2026-09-29 07:15:29,224 [WARNING] run_once: Circuit breaker already tripped: 3 consecutive losing paper trades
2026-09-29 07:20:30,819 [WARNING] run_once: Circuit breaker already tripped: 3 consecutive losing paper trades
2026-09-29 07:25:27,991 [WARNING] run_once: Circuit breaker already tripped: 3 consecutive losing paper trades
2026-09-29 07:30:34,143 [WARNING] run_once: Circuit breaker already tripped: 3 consecutive losing paper trades
2026-09-29 07:35:27,214 [WARNING] run_once: Circuit breaker already tripped: 3 consecutive losing paper trades
2026-09-29 07:40:32,884 [WARNING] run_once: Circuit breaker already tripped: 3 consecutive losing paper trades
2026-09-29 07:46:04,802 [WARNING] run_once: Circuit breaker already tripped: 3 consecutive losing paper trades
2026-09-29 07:50:26,840 [WARNING] run_once: Circuit breaker already tripped: 3 consecutive losing paper trades
2026-09-29 07:55:29,057 [WARNING] run_once: Circuit breaker already tripped: 3 consecutive losing paper trades
2026-09-29 08:00:34,666 [WARNING] run_once: Circuit breaker already tripped: 3 consecutive losing paper trades
2026-09-29 08:05:28,730 [WARNING] run_once: Circuit breaker already tripped: 3 consecutive losing paper trades
2026-09-29 08:10:33,507 [WARNING] run_once: Circuit breaker already tripped: 3 consecutive losing paper trades
2026-09-29 08:15:27,199 [WARNING] run_once: Circuit breaker already tripped: 3 consecutive losing paper trades
2026-09-29 08:20:30,825 [WARNING] run_once: Circuit breaker already tripped: 3 consecutive losing paper trades
2026-09-29 08:25:27,371 [WARNING] run_once: Circuit breaker already tripped: 3 consecutive losing paper trades
2026-09-29 08:30:33,864 [WARNING] run_once: Circuit breaker already tripped: 3 consecutive losing paper trades
2026-09-29 08:35:34,650 [WARNING] run_once: Circuit breaker already tripped: 3 consecutive losing paper trades
2026-09-29 08:41:04,705 [WARNING] run_once: Circuit breaker already tripped: 3 consecutive losing paper trades
2026-09-29 08:45:38,445 [WARNING] run_once: Circuit breaker already tripped: 3 consecutive losing paper trades
2026-09-29 08:50:31,024 [WARNING] run_once: Circuit breaker already tripped: 3 consecutive losing paper trades
2026-09-29 08:55:30,102 [WARNING] run_once: Circuit breaker already tripped: 3 consecutive losing paper trades
2026-09-29 09:00:38,261 [WARNING] run_once: Circuit breaker already tripped: 3 consecutive losing paper trades
2026-09-29 09:05:36,323 [WARNING] run_once: Circuit breaker already tripped: 3 consecutive losing paper trades
2026-09-29 09:10:29,235 [WARNING] run_once: Circuit breaker already tripped: 3 consecutive losing paper trades
2026-09-29 09:15:33,171 [WARNING] run_once: Circuit breaker already tripped: 3 consecutive losing paper trades
2026-09-29 09:20:30,263 [WARNING] run_once: Circuit breaker already tripped: 3 consecutive losing paper trades
2026-09-29 09:25:28,909 [WARNING] run_once: Circuit breaker already tripped: 3 consecutive losing paper trades
2026-09-29 09:30:30,981 [WARNING] run_once: Circuit breaker already tripped: 3 consecutive losing paper trades
2026-09-29 09:35:30,684 [WARNING] run_once: Circuit breaker already tripped: 3 consecutive losing paper trades
2026-09-29 09:41:04,721 [WARNING] run_once: Circuit breaker already tripped: 3 consecutive losing paper trades
2026-09-29 09:45:31,511 [WARNING] run_once: Circuit breaker already tripped: 3 consecutive losing paper trades
2026-09-29 09:50:30,114 [WARNING] run_once: Circuit breaker already tripped: 3 consecutive losing paper trades
2026-09-29 09:55:29,472 [WARNING] run_once: Circuit breaker already tripped: 3 consecutive losing paper trades
2026-09-29 10:00:35,049 [WARNING] run_once: Circuit breaker already tripped: 3 consecutive losing paper trades
2026-09-29 10:05:29,974 [WARNING] run_once: Circuit breaker already tripped: 3 consecutive losing paper trades
2026-09-29 10:10:29,436 [WARNING] run_once: Circuit breaker already tripped: 3 consecutive losing paper trades
2026-09-29 10:15:30,756 [WARNING] run_once: Circuit breaker already tripped: 3 consecutive losing paper trades
2026-09-29 10:20:30,681 [WARNING] run_once: Circuit breaker already tripped: 3 consecutive losing paper trades
2026-09-29 10:25:26,785 [WARNING] run_once: Circuit breaker already tripped: 3 consecutive losing paper trades
2026-09-29 10:30:32,695 [WARNING] run_once: Circuit breaker already tripped: 3 consecutive losing paper trades
2026-09-29 10:35:29,392 [WARNING] run_once: Circuit breaker already tripped: 3 consecutive losing paper trades
2026-09-29 10:40:31,734 [WARNING] run_once: Circuit breaker already tripped: 3 consecutive losing paper trades
2026-09-29 10:45:29,310 [WARNING] run_once: Circuit breaker already tripped: 3 consecutive losing paper trades
2026-09-29 10:50:29,451 [WARNING] run_once: Circuit breaker already tripped: 3 consecutive losing paper trades
2026-09-29 10:55:27,134 [WARNING] run_once: Circuit breaker already tripped: 3 consecutive losing paper trades
2026-09-29 11:00:36,943 [WARNING] run_once: Circuit breaker already tripped: 3 consecutive losing paper trades
2026-09-29 11:05:35,231 [WARNING] run_once: Circuit breaker already tripped: 3 consecutive losing paper trades
2026-09-29 11:10:29,667 [WARNING] run_once: Circuit breaker already tripped: 3 consecutive losing paper trades
2026-09-29 11:15:29,186 [WARNING] run_once: Circuit breaker already tripped: 3 consecutive losing paper trades
2026-09-29 11:20:33,890 [WARNING] run_once: Circuit breaker already tripped: 3 consecutive losing paper trades
2026-09-29 11:25:25,911 [WARNING] run_once: Circuit breaker already tripped: 3 consecutive losing paper trades
2026-09-29 11:30:30,501 [WARNING] run_once: Circuit breaker already tripped: 3 consecutive losing paper trades
2026-09-29 11:35:27,449 [WARNING] run_once: Circuit breaker already tripped: 3 consecutive losing paper trades
2026-09-29 11:40:29,166 [WARNING] run_once: Circuit breaker already tripped: 3 consecutive losing paper trades
2026-09-29 11:45:29,231 [WARNING] run_once: Circuit breaker already tripped: 3 consecutive losing paper trades
2026-09-29 11:50:30,530 [WARNING] run_once: Circuit breaker already tripped: 3 consecutive losing paper trades
2026-09-29 11:55:27,619 [WARNING] run_once: Circuit breaker already tripped: 3 consecutive losing paper trades
2026-09-29 12:00:35,549 [WARNING] run_once: Circuit breaker already tripped: 3 consecutive losing paper trades
2026-09-29 12:05:29,724 [WARNING] run_once: Circuit breaker already tripped: 3 consecutive losing paper trades
2026-09-29 12:10:30,736 [WARNING] run_once: Circuit breaker already tripped: 3 consecutive losing paper trades
2026-09-29 12:15:28,602 [WARNING] run_once: Circuit breaker already tripped: 3 consecutive losing paper trades
2026-09-29 12:20:31,513 [WARNING] run_once: Circuit breaker already tripped: 3 consecutive losing paper trades
2026-09-29 12:25:31,283 [WARNING] run_once: Circuit breaker already tripped: 3 consecutive losing paper trades
2026-09-29 12:30:41,899 [WARNING] run_once: Circuit breaker already tripped: 3 consecutive losing paper trades
2026-09-29 12:35:28,784 [WARNING] run_once: Circuit breaker already tripped: 3 consecutive losing paper trades
2026-09-29 12:40:32,464 [WARNING] run_once: Circuit breaker already tripped: 3 consecutive losing paper trades
2026-09-29 12:45:31,407 [WARNING] run_once: Circuit breaker already tripped: 3 consecutive losing paper trades
2026-09-29 12:50:30,419 [WARNING] run_once: Circuit breaker already tripped: 3 consecutive losing paper trades
2026-09-29 12:56:04,904 [WARNING] run_once: Circuit breaker already tripped: 3 consecutive losing paper trades
2026-09-29 13:00:37,458 [WARNING] run_once: Circuit breaker already tripped: 3 consecutive losing paper trades
2026-09-29 13:05:26,017 [WARNING] run_once: Circuit breaker already tripped: 3 consecutive losing paper trades
2026-09-29 13:10:30,493 [WARNING] run_once: Circuit breaker already tripped: 3 consecutive losing paper trades
2026-09-29 13:15:33,940 [WARNING] run_once: Circuit breaker already tripped: 3 consecutive losing paper trades
2026-09-29 13:20:34,441 [WARNING] run_once: Circuit breaker already tripped: 3 consecutive losing paper trades
2026-09-29 13:25:27,416 [WARNING] run_once: Circuit breaker already tripped: 3 consecutive losing paper trades
2026-09-29 13:30:36,688 [WARNING] run_once: Circuit breaker already tripped: 3 consecutive losing paper trades
2026-09-29 13:35:26,807 [WARNING] run_once: Circuit breaker already tripped: 3 consecutive losing paper trades
2026-09-29 13:40:35,827 [WARNING] run_once: Circuit breaker already tripped: 3 consecutive losing paper trades
2026-09-29 13:45:30,616 [WARNING] run_once: Circuit breaker already tripped: 3 consecutive losing paper trades
2026-09-29 13:50:41,012 [WARNING] run_once: Circuit breaker already tripped: 3 consecutive losing paper trades
2026-09-29 13:55:30,502 [WARNING] run_once: Circuit breaker already tripped: 3 consecutive losing paper trades
2026-09-29 14:00:34,989 [WARNING] run_once: Circuit breaker already tripped: 3 consecutive losing paper trades
2026-09-29 14:05:29,860 [WARNING] run_once: Circuit breaker already tripped: 3 consecutive losing paper trades
2026-09-29 14:10:26,805 [WARNING] run_once: Circuit breaker already tripped: 3 consecutive losing paper trades
2026-09-29 14:15:31,002 [WARNING] run_once: Circuit breaker already tripped: 3 consecutive losing paper trades
2026-09-29 14:20:32,413 [WARNING] run_once: Circuit breaker already tripped: 3 consecutive losing paper trades
2026-09-29 14:25:27,653 [WARNING] run_once: Circuit breaker already tripped: 3 consecutive losing paper trades
2026-09-29 14:30:36,770 [WARNING] run_once: Circuit breaker already tripped: 3 consecutive losing paper trades
2026-09-29 14:35:37,862 [WARNING] run_once: Circuit breaker already tripped: 3 consecutive losing paper trades
2026-09-29 14:40:42,151 [WARNING] run_once: Circuit breaker already tripped: 3 consecutive losing paper trades
2026-09-29 14:45:36,443 [WARNING] run_once: Circuit breaker already tripped: 3 consecutive losing paper trades
2026-09-29 14:50:37,998 [WARNING] run_once: Circuit breaker already tripped: 3 consecutive losing paper trades
2026-09-29 14:55:34,321 [WARNING] run_once: Circuit breaker already tripped: 3 consecutive losing paper trades
2026-09-29 15:00:34,890 [WARNING] run_once: Circuit breaker already tripped: 3 consecutive losing paper trades
2026-09-29 15:05:32,070 [WARNING] run_once: Circuit breaker already tripped: 3 consecutive losing paper trades
2026-09-29 15:10:29,158 [WARNING] run_once: Circuit breaker already tripped: 3 consecutive losing paper trades
2026-09-29 15:15:33,273 [WARNING] run_once: Circuit breaker already tripped: 3 consecutive losing paper trades
2026-09-29 15:20:29,987 [WARNING] run_once: Circuit breaker already tripped: 3 consecutive losing paper trades
2026-09-29 15:25:27,849 [WARNING] run_once: Circuit breaker already tripped: 3 consecutive losing paper trades
2026-09-29 15:31:07,876 [WARNING] run_once: Circuit breaker already tripped: 3 consecutive losing paper trades
2026-09-29 15:35:30,063 [WARNING] run_once: Circuit breaker already tripped: 3 consecutive losing paper trades
2026-09-29 15:40:34,110 [WARNING] run_once: Circuit breaker already tripped: 3 consecutive losing paper trades
2026-09-29 15:45:35,285 [WARNING] run_once: Circuit breaker already tripped: 3 consecutive losing paper trades
2026-09-29 15:50:31,065 [WARNING] run_once: Circuit breaker already tripped: 3 consecutive losing paper trades
2026-09-29 15:55:30,118 [WARNING] run_once: Circuit breaker already tripped: 3 consecutive losing paper trades
2026-09-29 16:00:35,802 [WARNING] run_once: Circuit breaker already tripped: 3 consecutive losing paper trades
2026-09-29 16:05:28,437 [WARNING] run_once: Circuit breaker already tripped: 3 consecutive losing paper trades
2026-09-29 16:10:39,327 [WARNING] run_once: Circuit breaker already tripped: 3 consecutive losing paper trades
2026-09-29 16:15:33,322 [WARNING] run_once: Circuit breaker already tripped: 3 consecutive losing paper trades
2026-09-29 16:20:36,517 [WARNING] run_once: Circuit breaker already tripped: 3 consecutive losing paper trades
2026-09-29 16:25:32,225 [WARNING] run_once: Circuit breaker already tripped: 3 consecutive losing paper trades
2026-09-29 16:30:32,793 [WARNING] run_once: Circuit breaker already tripped: 3 consecutive losing paper trades
2026-09-29 16:35:29,985 [WARNING] run_once: Circuit breaker already tripped: 3 consecutive losing paper trades
2026-09-29 16:40:24,474 [WARNING] run_once: Circuit breaker already tripped: 3 consecutive losing paper trades
2026-09-29 16:45:26,502 [WARNING] run_once: Circuit breaker already tripped: 3 consecutive losing paper trades
2026-09-29 16:50:29,616 [WARNING] run_once: Circuit breaker already tripped: 3 consecutive losing paper trades
2026-09-29 16:55:28,722 [WARNING] run_once: Circuit breaker already tripped: 3 consecutive losing paper trades
2026-09-29 17:00:33,123 [WARNING] run_once: Circuit breaker already tripped: 3 consecutive losing paper trades
2026-09-29 17:05:31,484 [WARNING] run_once: Circuit breaker already tripped: 3 consecutive losing paper trades
2026-09-29 17:10:36,622 [WARNING] run_once: Circuit breaker already tripped: 3 consecutive losing paper trades
2026-09-29 17:15:33,279 [WARNING] run_once: Circuit breaker already tripped: 3 consecutive losing paper trades
2026-09-29 17:20:32,061 [WARNING] run_once: Circuit breaker already tripped: 3 consecutive losing paper trades
2026-09-29 17:25:33,281 [WARNING] run_once: Circuit breaker already tripped: 3 consecutive losing paper trades
2026-09-29 17:31:10,367 [WARNING] run_once: Circuit breaker already tripped: 3 consecutive losing paper trades
2026-09-29 17:35:26,767 [WARNING] run_once: Circuit breaker already tripped: 3 consecutive losing paper trades
2026-09-29 17:40:29,395 [WARNING] run_once: Circuit breaker already tripped: 3 consecutive losing paper trades
2026-09-29 17:45:35,835 [WARNING] run_once: Circuit breaker already tripped: 3 consecutive losing paper trades
2026-09-29 17:50:36,229 [WARNING] run_once: Circuit breaker already tripped: 3 consecutive losing paper trades
2026-09-29 17:55:32,989 [WARNING] run_once: Circuit breaker already tripped: 3 consecutive losing paper trades
2026-09-29 18:00:35,006 [WARNING] run_once: Circuit breaker already tripped: 3 consecutive losing paper trades
2026-09-29 18:05:29,103 [WARNING] run_once: Circuit breaker already tripped: 3 consecutive losing paper trades
2026-09-29 18:10:34,924 [WARNING] run_once: Circuit breaker already tripped: 3 consecutive losing paper trades
2026-09-29 18:15:32,276 [WARNING] run_once: Circuit breaker already tripped: 3 consecutive losing paper trades
2026-09-29 18:20:34,155 [WARNING] run_once: Circuit breaker already tripped: 3 consecutive losing paper trades
2026-09-29 18:25:25,820 [WARNING] run_once: Circuit breaker already tripped: 3 consecutive losing paper trades
2026-09-29 18:30:24,010 [WARNING] run_once: Circuit breaker already tripped: 3 consecutive losing paper trades
2026-09-29 18:35:32,339 [WARNING] run_once: Circuit breaker already tripped: 3 consecutive losing paper trades
2026-09-29 18:40:34,665 [WARNING] run_once: Circuit breaker already tripped: 3 consecutive losing paper trades
2026-09-29 18:45:32,999 [WARNING] run_once: Circuit breaker already tripped: 3 consecutive losing paper trades
2026-09-29 18:50:32,435 [WARNING] run_once: Circuit breaker already tripped: 3 consecutive losing paper trades
2026-09-29 18:55:34,365 [WARNING] run_once: Circuit breaker already tripped: 3 consecutive losing paper trades
2026-09-29 19:00:33,000 [WARNING] run_once: Circuit breaker already tripped: 3 consecutive losing paper trades
2026-09-29 19:05:28,100 [WARNING] run_once: Circuit breaker already tripped: 3 consecutive losing paper trades
2026-09-29 19:10:30,332 [WARNING] run_once: Circuit breaker already tripped: 3 consecutive losing paper trades
2026-09-29 19:15:30,348 [WARNING] run_once: Circuit breaker already tripped: 3 consecutive losing paper trades
2026-09-29 19:20:33,728 [WARNING] run_once: Circuit breaker already tripped: 3 consecutive losing paper trades
2026-09-29 19:25:23,963 [WARNING] run_once: Circuit breaker already tripped: 3 consecutive losing paper trades
2026-09-29 19:30:31,303 [WARNING] run_once: Circuit breaker already tripped: 3 consecutive losing paper trades
2026-09-29 19:35:32,138 [WARNING] run_once: Circuit breaker already tripped: 3 consecutive losing paper trades
2026-09-29 19:40:30,769 [WARNING] run_once: Circuit breaker already tripped: 3 consecutive losing paper trades
2026-09-29 19:45:30,359 [WARNING] run_once: Circuit breaker already tripped: 3 consecutive losing paper trades
2026-09-29 19:50:32,668 [WARNING] run_once: Circuit breaker already tripped: 3 consecutive losing paper trades
2026-09-29 19:55:30,193 [WARNING] run_once: Circuit breaker already tripped: 3 consecutive losing paper trades
2026-09-29 20:00:33,548 [WARNING] run_once: Circuit breaker already tripped: 3 consecutive losing paper trades
2026-09-29 20:05:38,828 [WARNING] run_once: Circuit breaker already tripped: 3 consecutive losing paper trades
2026-09-29 20:10:28,802 [WARNING] run_once: Circuit breaker already tripped: 3 consecutive losing paper trades
2026-09-29 20:15:29,693 [WARNING] run_once: Circuit breaker already tripped: 3 consecutive losing paper trades
2026-09-29 20:20:30,331 [WARNING] run_once: Circuit breaker already tripped: 3 consecutive losing paper trades
2026-09-29 20:25:24,206 [WARNING] run_once: Circuit breaker already tripped: 3 consecutive losing paper trades
2026-09-29 20:30:33,356 [WARNING] run_once: Circuit breaker already tripped: 3 consecutive losing paper trades
2026-09-29 20:35:30,299 [WARNING] run_once: Circuit breaker already tripped: 3 consecutive losing paper trades
2026-09-29 20:40:32,609 [WARNING] run_once: Circuit breaker already tripped: 3 consecutive losing paper trades
2026-09-29 20:45:31,677 [WARNING] run_once: Circuit breaker already tripped: 3 consecutive losing paper trades
2026-09-29 20:50:31,369 [WARNING] run_once: Circuit breaker already tripped: 3 consecutive losing paper trades
2026-09-29 20:55:28,503 [WARNING] run_once: Circuit breaker already tripped: 3 consecutive losing paper trades
2026-09-29 21:00:40,073 [WARNING] run_once: Circuit breaker already tripped: 3 consecutive losing paper trades
2026-09-29 21:05:26,901 [WARNING] run_once: Circuit breaker already tripped: 3 consecutive losing paper trades
2026-09-29 21:10:33,393 [WARNING] run_once: Circuit breaker already tripped: 3 consecutive losing paper trades
2026-09-29 21:15:30,319 [WARNING] run_once: Circuit breaker already tripped: 3 consecutive losing paper trades
2026-09-29 21:20:28,832 [WARNING] run_once: Circuit breaker already tripped: 3 consecutive losing paper trades
2026-09-29 21:25:26,133 [WARNING] run_once: Circuit breaker already tripped: 3 consecutive losing paper trades
2026-09-29 21:30:27,423 [WARNING] run_once: Circuit breaker already tripped: 3 consecutive losing paper trades
2026-09-29 21:35:25,381 [WARNING] run_once: Circuit breaker already tripped: 3 consecutive losing paper trades
2026-09-29 21:40:28,775 [WARNING] run_once: Circuit breaker already tripped: 3 consecutive losing paper trades
2026-09-29 21:45:29,608 [WARNING] run_once: Circuit breaker already tripped: 3 consecutive losing paper trades
2026-09-29 21:50:30,267 [WARNING] run_once: Circuit breaker already tripped: 3 consecutive losing paper trades
2026-09-29 21:55:29,085 [WARNING] run_once: Circuit breaker already tripped: 3 consecutive losing paper trades
2026-09-29 22:00:42,941 [WARNING] run_once: Circuit breaker already tripped: 3 consecutive losing paper trades
2026-09-29 22:05:28,425 [WARNING] run_once: Circuit breaker already tripped: 3 consecutive losing paper trades
2026-09-29 22:10:31,453 [WARNING] run_once: Circuit breaker already tripped: 3 consecutive losing paper trades
2026-09-29 22:15:37,173 [WARNING] run_once: Circuit breaker already tripped: 3 consecutive losing paper trades
2026-09-29 22:20:30,661 [WARNING] run_once: Circuit breaker already tripped: 3 consecutive losing paper trades
2026-09-29 22:25:26,256 [WARNING] run_once: Circuit breaker already tripped: 3 consecutive losing paper trades
2026-09-29 22:30:31,661 [WARNING] run_once: Circuit breaker already tripped: 3 consecutive losing paper trades
2026-09-29 22:35:24,971 [WARNING] run_once: Circuit breaker already tripped: 3 consecutive losing paper trades
2026-09-29 22:40:33,668 [WARNING] run_once: Circuit breaker already tripped: 3 consecutive losing paper trades
2026-09-29 22:45:31,096 [WARNING] run_once: Circuit breaker already tripped: 3 consecutive losing paper trades
2026-09-29 22:50:30,106 [WARNING] run_once: Circuit breaker already tripped: 3 consecutive losing paper trades
2026-09-29 22:55:30,521 [WARNING] run_once: Circuit breaker already tripped: 3 consecutive losing paper trades
2026-09-29 23:00:33,611 [WARNING] run_once: Circuit breaker already tripped: 3 consecutive losing paper trades
2026-09-29 23:05:33,719 [WARNING] run_once: Circuit breaker already tripped: 3 consecutive losing paper trades
2026-09-29 23:10:30,025 [WARNING] run_once: Circuit breaker already tripped: 3 consecutive losing paper trades
2026-09-29 23:15:31,347 [WARNING] run_once: Circuit breaker already tripped: 3 consecutive losing paper trades
2026-09-29 23:20:32,268 [WARNING] run_once: Circuit breaker already tripped: 3 consecutive losing paper trades
2026-09-29 23:25:30,032 [WARNING] run_once: Circuit breaker already tripped: 3 consecutive losing paper trades
2026-09-29 23:30:27,016 [WARNING] run_once: Circuit breaker already tripped: 3 consecutive losing paper trades
2026-09-29 23:35:28,502 [WARNING] run_once: Circuit breaker already tripped: 3 consecutive losing paper trades
2026-09-29 23:40:37,020 [WARNING] run_once: Circuit breaker already tripped: 3 consecutive losing paper trades
2026-09-29 23:45:31,367 [WARNING] run_once: Circuit breaker already tripped: 3 consecutive losing paper trades
2026-09-29 23:50:33,819 [WARNING] run_once: Circuit breaker already tripped: 3 consecutive losing paper trades
2026-09-29 23:55:32,382 [WARNING] run_once: Circuit breaker already tripped: 3 consecutive losing paper trades
2026-09-30 00:01:11,877 [WARNING] run_once: Circuit breaker already tripped: 3 consecutive losing paper trades
2026-09-30 00:05:22,816 [WARNING] run_once: Circuit breaker already tripped: 3 consecutive losing paper trades
2026-09-30 00:10:30,915 [WARNING] run_once: Circuit breaker already tripped: 3 consecutive losing paper trades
2026-09-30 00:15:30,966 [WARNING] run_once: Circuit breaker already tripped: 3 consecutive losing paper trades
2026-09-30 00:20:29,574 [WARNING] run_once: Circuit breaker already tripped: 3 consecutive losing paper trades
2026-09-30 00:25:23,121 [WARNING] run_once: Circuit breaker already tripped: 3 consecutive losing paper trades
2026-09-30 00:30:31,091 [WARNING] run_once: Circuit breaker already tripped: 3 consecutive losing paper trades
2026-09-30 00:35:27,549 [WARNING] run_once: Circuit breaker already tripped: 3 consecutive losing paper trades
2026-09-30 00:40:37,420 [WARNING] run_once: Circuit breaker already tripped: 3 consecutive losing paper trades
2026-09-30 00:45:30,694 [WARNING] run_once: Circuit breaker already tripped: 3 consecutive losing paper trades
2026-09-30 00:50:34,394 [WARNING] run_once: Circuit breaker already tripped: 3 consecutive losing paper trades
2026-09-30 00:55:27,220 [WARNING] run_once: Circuit breaker already tripped: 3 consecutive losing paper trades
2026-09-30 01:00:29,722 [WARNING] run_once: Circuit breaker already tripped: 3 consecutive losing paper trades
2026-09-30 01:05:29,298 [WARNING] run_once: Circuit breaker already tripped: 3 consecutive losing paper trades
2026-09-30 01:10:30,467 [WARNING] run_once: Circuit breaker already tripped: 3 consecutive losing paper trades
2026-09-30 01:15:31,273 [WARNING] run_once: Circuit breaker already tripped: 3 consecutive losing paper trades
2026-09-30 01:20:31,800 [WARNING] run_once: Circuit breaker already tripped: 3 consecutive losing paper trades
2026-09-30 01:25:31,346 [WARNING] run_once: Circuit breaker already tripped: 3 consecutive losing paper trades
2026-09-30 01:30:25,912 [WARNING] run_once: Circuit breaker already tripped: 3 consecutive losing paper trades
2026-09-30 01:36:02,847 [WARNING] run_once: Circuit breaker already tripped: 3 consecutive losing paper trades
2026-09-30 01:40:31,298 [WARNING] run_once: Circuit breaker already tripped: 3 consecutive losing paper trades
2026-09-30 01:45:30,462 [WARNING] run_once: Circuit breaker already tripped: 3 consecutive losing paper trades
2026-09-30 01:50:34,598 [WARNING] run_once: Circuit breaker already tripped: 3 consecutive losing paper trades
2026-09-30 01:55:34,288 [WARNING] run_once: Circuit breaker already tripped: 3 consecutive losing paper trades
2026-09-30 02:00:30,308 [WARNING] run_once: Circuit breaker already tripped: 3 consecutive losing paper trades
2026-09-30 02:05:22,861 [WARNING] run_once: Circuit breaker already tripped: 3 consecutive losing paper trades
2026-09-30 02:10:35,190 [WARNING] run_once: Circuit breaker already tripped: 3 consecutive losing paper trades
2026-09-30 02:15:33,435 [WARNING] run_once: Circuit breaker already tripped: 3 consecutive losing paper trades
2026-09-30 02:20:29,210 [WARNING] run_once: Circuit breaker already tripped: 3 consecutive losing paper trades
2026-09-30 02:25:23,594 [WARNING] run_once: Circuit breaker already tripped: 3 consecutive losing paper trades
2026-09-30 02:30:33,655 [WARNING] run_once: Circuit breaker already tripped: 3 consecutive losing paper trades
2026-09-30 02:35:28,647 [WARNING] run_once: Circuit breaker already tripped: 3 consecutive losing paper trades
2026-09-30 02:40:28,248 [WARNING] run_once: Circuit breaker already tripped: 3 consecutive losing paper trades
2026-09-30 02:45:32,759 [WARNING] run_once: Circuit breaker already tripped: 3 consecutive losing paper trades
2026-09-30 02:50:32,811 [WARNING] run_once: Circuit breaker already tripped: 3 consecutive losing paper trades
2026-09-30 02:55:28,985 [WARNING] run_once: Circuit breaker already tripped: 3 consecutive losing paper trades
2026-09-30 03:00:36,551 [WARNING] run_once: Circuit breaker already tripped: 3 consecutive losing paper trades
2026-09-30 03:05:23,770 [WARNING] run_once: Circuit breaker already tripped: 3 consecutive losing paper trades
2026-09-30 03:10:34,861 [WARNING] run_once: Circuit breaker already tripped: 3 consecutive losing paper trades
2026-09-30 03:15:33,006 [WARNING] run_once: Circuit breaker already tripped: 3 consecutive losing paper trades
2026-09-30 03:20:32,721 [WARNING] run_once: Circuit breaker already tripped: 3 consecutive losing paper trades
2026-09-30 03:25:26,735 [WARNING] run_once: Circuit breaker already tripped: 3 consecutive losing paper trades
2026-09-30 03:30:32,880 [WARNING] run_once: Circuit breaker already tripped: 3 consecutive losing paper trades
2026-09-30 03:35:32,284 [WARNING] run_once: Circuit breaker already tripped: 3 consecutive losing paper trades
2026-09-30 03:40:30,388 [WARNING] run_once: Circuit breaker already tripped: 3 consecutive losing paper trades
2026-09-30 03:45:52,927 [WARNING] run_once: Circuit breaker already tripped: 3 consecutive losing paper trades
2026-09-30 03:51:04,033 [WARNING] run_once: Circuit breaker already tripped: 3 consecutive losing paper trades
2026-09-30 03:55:27,619 [WARNING] run_once: Circuit breaker already tripped: 3 consecutive losing paper trades
2026-09-30 04:00:34,899 [WARNING] run_once: Circuit breaker already tripped: 3 consecutive losing paper trades
2026-09-30 04:05:27,612 [WARNING] run_once: Circuit breaker already tripped: 3 consecutive losing paper trades
2026-09-30 04:10:30,826 [WARNING] run_once: Circuit breaker already tripped: 3 consecutive losing paper trades
2026-09-30 04:15:36,147 [WARNING] run_once: Circuit breaker already tripped: 3 consecutive losing paper trades
2026-09-30 04:20:24,510 [WARNING] run_once: Circuit breaker already tripped: 3 consecutive losing paper trades
2026-09-30 04:25:29,628 [WARNING] run_once: Circuit breaker already tripped: 3 consecutive losing paper trades
2026-09-30 04:30:38,015 [WARNING] run_once: Circuit breaker already tripped: 3 consecutive losing paper trades
2026-09-30 04:35:28,553 [WARNING] run_once: Circuit breaker already tripped: 3 consecutive losing paper trades
2026-09-30 04:40:35,231 [WARNING] run_once: Circuit breaker already tripped: 3 consecutive losing paper trades
2026-09-30 04:45:30,127 [WARNING] run_once: Circuit breaker already tripped: 3 consecutive losing paper trades
2026-09-30 04:50:32,457 [WARNING] run_once: Circuit breaker already tripped: 3 consecutive losing paper trades
2026-09-30 04:55:27,373 [WARNING] run_once: Circuit breaker already tripped: 3 consecutive losing paper trades
2026-09-30 05:00:29,866 [WARNING] run_once: Circuit breaker already tripped: 3 consecutive losing paper trades
2026-09-30 05:05:30,251 [WARNING] run_once: Circuit breaker already tripped: 3 consecutive losing paper trades
2026-09-30 05:10:31,898 [WARNING] run_once: Circuit breaker already tripped: 3 consecutive losing paper trades
2026-09-30 05:15:38,063 [WARNING] run_once: Circuit breaker already tripped: 3 consecutive losing paper trades
2026-09-30 05:20:28,644 [WARNING] run_once: Circuit breaker already tripped: 3 consecutive losing paper trades
2026-09-30 05:25:36,644 [WARNING] run_once: Circuit breaker already tripped: 3 consecutive losing paper trades
2026-09-30 05:30:25,586 [WARNING] run_once: Circuit breaker already tripped: 3 consecutive losing paper trades
2026-09-30 05:35:24,949 [WARNING] run_once: Circuit breaker already tripped: 3 consecutive losing paper trades
2026-09-30 05:40:31,402 [WARNING] run_once: Circuit breaker already tripped: 3 consecutive losing paper trades
2026-09-30 05:45:26,352 [WARNING] run_once: Circuit breaker already tripped: 3 consecutive losing paper trades
2026-09-30 05:50:38,240 [WARNING] run_once: Circuit breaker already tripped: 3 consecutive losing paper trades
2026-09-30 05:55:21,596 [WARNING] run_once: Circuit breaker already tripped: 3 consecutive losing paper trades
2026-09-30 06:00:34,696 [WARNING] run_once: Circuit breaker already tripped: 3 consecutive losing paper trades
2026-09-30 06:05:29,998 [WARNING] run_once: Circuit breaker already tripped: 3 consecutive losing paper trades
2026-09-30 06:10:29,584 [WARNING] run_once: Circuit breaker already tripped: 3 consecutive losing paper trades
2026-09-30 06:15:30,952 [WARNING] run_once: Circuit breaker already tripped: 3 consecutive losing paper trades
2026-09-30 06:20:26,682 [WARNING] run_once: Circuit breaker already tripped: 3 consecutive losing paper trades
2026-09-30 06:25:26,963 [WARNING] run_once: Circuit breaker already tripped: 3 consecutive losing paper trades
2026-09-30 06:30:33,436 [WARNING] run_once: Circuit breaker already tripped: 3 consecutive losing paper trades
2026-09-30 06:35:25,961 [WARNING] run_once: Circuit breaker already tripped: 3 consecutive losing paper trades
2026-09-30 06:40:30,614 [WARNING] run_once: Circuit breaker already tripped: 3 consecutive losing paper trades
2026-09-30 06:45:29,480 [WARNING] run_once: Circuit breaker already tripped: 3 consecutive losing paper trades
2026-09-30 06:50:31,074 [WARNING] run_once: Circuit breaker already tripped: 3 consecutive losing paper trades
2026-09-30 06:55:27,457 [WARNING] run_once: Circuit breaker already tripped: 3 consecutive losing paper trades
2026-09-30 07:00:35,115 [WARNING] run_once: Circuit breaker already tripped: 3 consecutive losing paper trades
2026-09-30 07:05:30,068 [WARNING] run_once: Circuit breaker already tripped: 3 consecutive losing paper trades
2026-09-30 07:10:30,797 [WARNING] run_once: Circuit breaker already tripped: 3 consecutive losing paper trades
2026-09-30 07:15:28,434 [WARNING] run_once: Circuit breaker already tripped: 3 consecutive losing paper trades
2026-09-30 07:20:31,188 [WARNING] run_once: Circuit breaker already tripped: 3 consecutive losing paper trades
2026-09-30 07:25:22,375 [WARNING] run_once: Circuit breaker already tripped: 3 consecutive losing paper trades
2026-09-30 07:30:31,405 [WARNING] run_once: Circuit breaker already tripped: 3 consecutive losing paper trades
2026-09-30 07:35:27,940 [WARNING] run_once: Circuit breaker already tripped: 3 consecutive losing paper trades
2026-09-30 07:40:33,791 [WARNING] run_once: Circuit breaker already tripped: 3 consecutive losing paper trades
2026-09-30 07:45:33,692 [WARNING] run_once: Circuit breaker already tripped: 3 consecutive losing paper trades
2026-09-30 07:50:33,268 [WARNING] run_once: Circuit breaker already tripped: 3 consecutive losing paper trades
2026-09-30 07:55:25,652 [WARNING] run_once: Circuit breaker already tripped: 3 consecutive losing paper trades
2026-09-30 08:00:32,768 [WARNING] run_once: Circuit breaker already tripped: 3 consecutive losing paper trades
2026-09-30 08:05:28,438 [WARNING] run_once: Circuit breaker already tripped: 3 consecutive losing paper trades
2026-09-30 08:10:32,784 [WARNING] run_once: Circuit breaker already tripped: 3 consecutive losing paper trades
2026-09-30 08:15:27,744 [WARNING] run_once: Circuit breaker already tripped: 3 consecutive losing paper trades
2026-09-30 08:20:34,808 [WARNING] run_once: Circuit breaker already tripped: 3 consecutive losing paper trades
2026-09-30 08:25:29,469 [WARNING] run_once: Circuit breaker already tripped: 3 consecutive losing paper trades
2026-09-30 08:30:37,139 [WARNING] run_once: Circuit breaker already tripped: 3 consecutive losing paper trades
2026-09-30 08:35:40,759 [WARNING] run_once: Circuit breaker already tripped: 3 consecutive losing paper trades
2026-09-30 08:40:33,134 [WARNING] run_once: Circuit breaker already tripped: 3 consecutive losing paper trades
2026-09-30 08:45:25,854 [WARNING] run_once: Circuit breaker already tripped: 3 consecutive losing paper trades
2026-09-30 08:50:33,093 [WARNING] run_once: Circuit breaker already tripped: 3 consecutive losing paper trades
2026-09-30 08:55:22,811 [WARNING] run_once: Circuit breaker already tripped: 3 consecutive losing paper trades
2026-09-30 09:00:37,841 [WARNING] run_once: Circuit breaker already tripped: 3 consecutive losing paper trades
2026-09-30 09:05:29,474 [WARNING] run_once: Circuit breaker already tripped: 3 consecutive losing paper trades
2026-09-30 09:10:32,575 [WARNING] run_once: Circuit breaker already tripped: 3 consecutive losing paper trades
2026-09-30 09:15:33,017 [WARNING] run_once: Circuit breaker already tripped: 3 consecutive losing paper trades
2026-09-30 09:20:35,377 [WARNING] run_once: Circuit breaker already tripped: 3 consecutive losing paper trades
2026-09-30 09:25:29,098 [WARNING] run_once: Circuit breaker already tripped: 3 consecutive losing paper trades
2026-09-30 09:30:34,836 [WARNING] run_once: Circuit breaker already tripped: 3 consecutive losing paper trades
2026-09-30 09:35:28,659 [WARNING] run_once: Circuit breaker already tripped: 3 consecutive losing paper trades
2026-09-30 09:40:30,436 [WARNING] run_once: Circuit breaker already tripped: 3 consecutive losing paper trades
2026-09-30 09:45:29,820 [WARNING] run_once: Circuit breaker already tripped: 3 consecutive losing paper trades
2026-09-30 09:50:32,499 [WARNING] run_once: Circuit breaker already tripped: 3 consecutive losing paper trades
2026-09-30 09:55:28,138 [WARNING] run_once: Circuit breaker already tripped: 3 consecutive losing paper trades
2026-09-30 10:00:38,626 [WARNING] run_once: Circuit breaker already tripped: 3 consecutive losing paper trades
2026-09-30 10:05:22,812 [WARNING] run_once: Circuit breaker already tripped: 3 consecutive losing paper trades
2026-09-30 10:10:37,250 [WARNING] run_once: Circuit breaker already tripped: 3 consecutive losing paper trades
2026-09-30 10:15:31,547 [WARNING] run_once: Circuit breaker already tripped: 3 consecutive losing paper trades
2026-09-30 10:20:29,823 [WARNING] run_once: Circuit breaker already tripped: 3 consecutive losing paper trades
2026-09-30 10:25:27,201 [WARNING] run_once: Circuit breaker already tripped: 3 consecutive losing paper trades
2026-09-30 10:30:28,527 [WARNING] run_once: Circuit breaker already tripped: 3 consecutive losing paper trades
2026-09-30 10:35:27,709 [WARNING] run_once: Circuit breaker already tripped: 3 consecutive losing paper trades
2026-09-30 10:40:31,609 [WARNING] run_once: Circuit breaker already tripped: 3 consecutive losing paper trades
2026-09-30 10:45:32,492 [WARNING] run_once: Circuit breaker already tripped: 3 consecutive losing paper trades
2026-09-30 10:50:29,703 [WARNING] run_once: Circuit breaker already tripped: 3 consecutive losing paper trades
2026-09-30 10:55:30,536 [WARNING] run_once: Circuit breaker already tripped: 3 consecutive losing paper trades
2026-09-30 11:00:39,231 [WARNING] run_once: Circuit breaker already tripped: 3 consecutive losing paper trades
2026-09-30 11:05:33,246 [WARNING] run_once: Circuit breaker already tripped: 3 consecutive losing paper trades
2026-09-30 11:10:55,176 [WARNING] run_once: Circuit breaker already tripped: 3 consecutive losing paper trades
2026-09-30 11:15:27,741 [WARNING] run_once: Circuit breaker already tripped: 3 consecutive losing paper trades
2026-09-30 11:20:33,753 [WARNING] run_once: Circuit breaker already tripped: 3 consecutive losing paper trades
2026-09-30 11:25:24,446 [WARNING] run_once: Circuit breaker already tripped: 3 consecutive losing paper trades
2026-09-30 11:30:34,830 [WARNING] run_once: Circuit breaker already tripped: 3 consecutive losing paper trades
2026-09-30 11:35:27,825 [WARNING] run_once: Circuit breaker already tripped: 3 consecutive losing paper trades
2026-09-30 11:40:32,346 [WARNING] run_once: Circuit breaker already tripped: 3 consecutive losing paper trades
2026-09-30 11:45:33,120 [WARNING] run_once: Circuit breaker already tripped: 3 consecutive losing paper trades
2026-09-30 11:50:35,696 [WARNING] run_once: Circuit breaker already tripped: 3 consecutive losing paper trades
2026-09-30 11:55:29,078 [WARNING] run_once: Circuit breaker already tripped: 3 consecutive losing paper trades
2026-09-30 12:00:38,335 [WARNING] run_once: Circuit breaker already tripped: 3 consecutive losing paper trades
2026-09-30 12:05:30,405 [WARNING] run_once: Circuit breaker already tripped: 3 consecutive losing paper trades
2026-09-30 12:10:30,444 [WARNING] run_once: Circuit breaker already tripped: 3 consecutive losing paper trades
2026-09-30 12:15:30,278 [WARNING] run_once: Circuit breaker already tripped: 3 consecutive losing paper trades
2026-09-30 12:20:41,581 [WARNING] run_once: Circuit breaker already tripped: 3 consecutive losing paper trades
2026-09-30 12:25:27,371 [WARNING] run_once: Circuit breaker already tripped: 3 consecutive losing paper trades
2026-09-30 12:30:27,317 [WARNING] run_once: Circuit breaker already tripped: 3 consecutive losing paper trades
2026-09-30 12:35:35,013 [WARNING] run_once: Circuit breaker already tripped: 3 consecutive losing paper trades
2026-09-30 12:40:28,939 [WARNING] run_once: Circuit breaker already tripped: 3 consecutive losing paper trades
2026-09-30 12:45:32,449 [WARNING] run_once: Circuit breaker already tripped: 3 consecutive losing paper trades
2026-09-30 12:50:25,817 [WARNING] run_once: Circuit breaker already tripped: 3 consecutive losing paper trades
2026-09-30 12:55:29,641 [WARNING] run_once: Circuit breaker already tripped: 3 consecutive losing paper trades
2026-09-30 13:00:37,893 [WARNING] run_once: Circuit breaker already tripped: 3 consecutive losing paper trades
2026-09-30 13:05:24,636 [WARNING] run_once: Circuit breaker already tripped: 3 consecutive losing paper trades
2026-09-30 13:10:30,067 [WARNING] run_once: Circuit breaker already tripped: 3 consecutive losing paper trades
2026-09-30 13:17:43,757 [WARNING] run_once: Circuit breaker already tripped: 3 consecutive losing paper trades
2026-09-30 13:20:31,630 [WARNING] run_once: Circuit breaker already tripped: 3 consecutive losing paper trades
2026-09-30 13:25:31,827 [WARNING] run_once: Circuit breaker already tripped: 3 consecutive losing paper trades
2026-09-30 13:30:33,388 [WARNING] run_once: Circuit breaker already tripped: 3 consecutive losing paper trades
2026-09-30 13:35:28,227 [WARNING] run_once: Circuit breaker already tripped: 3 consecutive losing paper trades
2026-09-30 13:40:36,014 [WARNING] run_once: Circuit breaker already tripped: 3 consecutive losing paper trades
2026-09-30 13:45:29,878 [WARNING] run_once: Circuit breaker already tripped: 3 consecutive losing paper trades
2026-09-30 13:50:38,840 [WARNING] run_once: Circuit breaker already tripped: 3 consecutive losing paper trades
2026-09-30 13:55:30,638 [WARNING] run_once: Circuit breaker already tripped: 3 consecutive losing paper trades
2026-09-30 14:00:38,134 [WARNING] run_once: Circuit breaker already tripped: 3 consecutive losing paper trades
2026-09-30 14:05:39,944 [WARNING] run_once: Circuit breaker already tripped: 3 consecutive losing paper trades
2026-09-30 14:10:37,614 [WARNING] run_once: Circuit breaker already tripped: 3 consecutive losing paper trades
2026-09-30 14:15:30,422 [WARNING] run_once: Circuit breaker already tripped: 3 consecutive losing paper trades
2026-09-30 14:20:30,914 [WARNING] run_once: Circuit breaker already tripped: 3 consecutive losing paper trades
2026-09-30 14:25:26,273 [WARNING] run_once: Circuit breaker already tripped: 3 consecutive losing paper trades
2026-09-30 14:30:44,111 [WARNING] run_once: Circuit breaker already tripped: 3 consecutive losing paper trades
2026-09-30 14:35:32,291 [WARNING] run_once: Circuit breaker already tripped: 3 consecutive losing paper trades
2026-09-30 14:40:50,975 [WARNING] run_once: Circuit breaker already tripped: 3 consecutive losing paper trades
2026-09-30 14:45:50,183 [WARNING] run_once: Circuit breaker already tripped: 3 consecutive losing paper trades
2026-09-30 14:50:29,312 [WARNING] run_once: Circuit breaker already tripped: 3 consecutive losing paper trades
2026-09-30 14:55:32,131 [WARNING] run_once: Circuit breaker already tripped: 3 consecutive losing paper trades
2026-09-30 15:00:31,227 [WARNING] run_once: Circuit breaker already tripped: 3 consecutive losing paper trades
2026-09-30 15:05:35,379 [WARNING] run_once: Circuit breaker already tripped: 3 consecutive losing paper trades
2026-09-30 15:10:32,724 [WARNING] run_once: Circuit breaker already tripped: 3 consecutive losing paper trades
2026-09-30 15:15:28,531 [WARNING] run_once: Circuit breaker already tripped: 3 consecutive losing paper trades
2026-09-30 15:20:32,725 [WARNING] run_once: Circuit breaker already tripped: 3 consecutive losing paper trades
2026-09-30 15:25:28,573 [WARNING] run_once: Circuit breaker already tripped: 3 consecutive losing paper trades
2026-09-30 15:30:34,579 [WARNING] run_once: Circuit breaker already tripped: 3 consecutive losing paper trades
2026-09-30 15:35:30,793 [WARNING] run_once: Circuit breaker already tripped: 3 consecutive losing paper trades
2026-09-30 15:40:26,758 [WARNING] run_once: Circuit breaker already tripped: 3 consecutive losing paper trades
2026-09-30 15:45:32,862 [WARNING] run_once: Circuit breaker already tripped: 3 consecutive losing paper trades
2026-09-30 15:50:28,508 [WARNING] run_once: Circuit breaker already tripped: 3 consecutive losing paper trades
2026-09-30 15:55:29,722 [WARNING] run_once: Circuit breaker already tripped: 3 consecutive losing paper trades
2026-09-30 16:00:39,567 [WARNING] run_once: Circuit breaker already tripped: 3 consecutive losing paper trades
2026-09-30 16:05:30,962 [WARNING] run_once: Circuit breaker already tripped: 3 consecutive losing paper trades
2026-09-30 16:10:30,358 [WARNING] run_once: Circuit breaker already tripped: 3 consecutive losing paper trades
2026-09-30 16:15:31,674 [WARNING] run_once: Circuit breaker already tripped: 3 consecutive losing paper trades
2026-09-30 16:20:39,175 [WARNING] run_once: Circuit breaker already tripped: 3 consecutive losing paper trades
2026-09-30 16:25:22,643 [WARNING] run_once: Circuit breaker already tripped: 3 consecutive losing paper trades
2026-09-30 16:30:34,570 [WARNING] run_once: Circuit breaker already tripped: 3 consecutive losing paper trades
2026-09-30 16:35:31,491 [WARNING] run_once: Circuit breaker already tripped: 3 consecutive losing paper trades
2026-09-30 16:40:33,544 [WARNING] run_once: Circuit breaker already tripped: 3 consecutive losing paper trades
2026-09-30 16:45:32,574 [WARNING] run_once: Circuit breaker already tripped: 3 consecutive losing paper trades
2026-09-30 16:50:31,947 [WARNING] run_once: Circuit breaker already tripped: 3 consecutive losing paper trades
2026-09-30 16:55:28,578 [WARNING] run_once: Circuit breaker already tripped: 3 consecutive losing paper trades
2026-09-30 17:00:33,751 [WARNING] run_once: Circuit breaker already tripped: 3 consecutive losing paper trades
2026-09-30 17:05:35,634 [WARNING] run_once: Circuit breaker already tripped: 3 consecutive losing paper trades
2026-09-30 17:10:31,302 [WARNING] run_once: Circuit breaker already tripped: 3 consecutive losing paper trades
2026-09-30 17:15:29,125 [WARNING] run_once: Circuit breaker already tripped: 3 consecutive losing paper trades
2026-09-30 17:20:29,225 [WARNING] run_once: Circuit breaker already tripped: 3 consecutive losing paper trades
2026-09-30 17:25:24,761 [WARNING] run_once: Circuit breaker already tripped: 3 consecutive losing paper trades
2026-09-30 17:30:33,407 [WARNING] run_once: Circuit breaker already tripped: 3 consecutive losing paper trades
2026-09-30 17:35:27,686 [WARNING] run_once: Circuit breaker already tripped: 3 consecutive losing paper trades
2026-09-30 17:40:34,107 [WARNING] run_once: Circuit breaker already tripped: 3 consecutive losing paper trades
2026-09-30 17:45:31,562 [WARNING] run_once: Circuit breaker already tripped: 3 consecutive losing paper trades
2026-09-30 17:50:27,735 [WARNING] run_once: Circuit breaker already tripped: 3 consecutive losing paper trades
2026-09-30 17:55:29,150 [WARNING] run_once: Circuit breaker already tripped: 3 consecutive losing paper trades
2026-09-30 18:00:36,541 [WARNING] run_once: Circuit breaker already tripped: 3 consecutive losing paper trades
2026-09-30 18:05:28,599 [WARNING] run_once: Circuit breaker already tripped: 3 consecutive losing paper trades
2026-09-30 18:10:30,331 [WARNING] run_once: Circuit breaker already tripped: 3 consecutive losing paper trades
2026-09-30 18:15:28,670 [WARNING] run_once: Circuit breaker already tripped: 3 consecutive losing paper trades
2026-09-30 18:20:44,699 [WARNING] run_once: Circuit breaker already tripped: 3 consecutive losing paper trades
2026-09-30 18:25:23,934 [WARNING] run_once: Circuit breaker already tripped: 3 consecutive losing paper trades
2026-09-30 18:30:39,505 [WARNING] run_once: Circuit breaker already tripped: 3 consecutive losing paper trades
2026-09-30 18:35:29,273 [WARNING] run_once: Circuit breaker already tripped: 3 consecutive losing paper trades
2026-09-30 18:40:30,855 [WARNING] run_once: Circuit breaker already tripped: 3 consecutive losing paper trades
2026-09-30 18:45:35,482 [WARNING] run_once: Circuit breaker already tripped: 3 consecutive losing paper trades
2026-09-30 18:50:31,670 [WARNING] run_once: Circuit breaker already tripped: 3 consecutive losing paper trades
2026-09-30 18:55:28,575 [WARNING] run_once: Circuit breaker already tripped: 3 consecutive losing paper trades
2026-09-30 19:00:52,306 [WARNING] run_once: Circuit breaker already tripped: 3 consecutive losing paper trades
2026-09-30 19:05:31,033 [WARNING] run_once: Circuit breaker already tripped: 3 consecutive losing paper trades
2026-09-30 19:10:34,597 [WARNING] run_once: Circuit breaker already tripped: 3 consecutive losing paper trades
2026-09-30 19:15:28,984 [WARNING] run_once: Circuit breaker already tripped: 3 consecutive losing paper trades
2026-09-30 19:20:30,462 [WARNING] run_once: Circuit breaker already tripped: 3 consecutive losing paper trades
2026-09-30 19:25:28,359 [WARNING] run_once: Circuit breaker already tripped: 3 consecutive losing paper trades
2026-09-30 19:30:31,585 [WARNING] run_once: Circuit breaker already tripped: 3 consecutive losing paper trades
2026-09-30 19:35:33,987 [WARNING] run_once: Circuit breaker already tripped: 3 consecutive losing paper trades
2026-09-30 19:41:05,923 [WARNING] run_once: Circuit breaker already tripped: 3 consecutive losing paper trades
2026-09-30 19:45:31,415 [WARNING] run_once: Circuit breaker already tripped: 3 consecutive losing paper trades
2026-09-30 19:50:29,688 [WARNING] run_once: Circuit breaker already tripped: 3 consecutive losing paper trades
2026-09-30 19:55:33,634 [WARNING] run_once: Circuit breaker already tripped: 3 consecutive losing paper trades
2026-09-30 20:00:33,368 [WARNING] run_once: Circuit breaker already tripped: 3 consecutive losing paper trades
2026-09-30 20:05:28,317 [WARNING] run_once: Circuit breaker already tripped: 3 consecutive losing paper trades
2026-09-30 20:10:37,785 [WARNING] run_once: Circuit breaker already tripped: 3 consecutive losing paper trades
2026-09-30 20:15:28,659 [WARNING] run_once: Circuit breaker already tripped: 3 consecutive losing paper trades
2026-09-30 20:20:39,508 [WARNING] run_once: Circuit breaker already tripped: 3 consecutive losing paper trades
2026-09-30 20:25:28,296 [WARNING] run_once: Circuit breaker already tripped: 3 consecutive losing paper trades
2026-09-30 20:30:33,344 [WARNING] run_once: Circuit breaker already tripped: 3 consecutive losing paper trades
2026-09-30 20:35:30,392 [WARNING] run_once: Circuit breaker already tripped: 3 consecutive losing paper trades
2026-09-30 20:40:44,951 [WARNING] run_once: Circuit breaker already tripped: 3 consecutive losing paper trades
2026-09-30 20:45:31,053 [WARNING] run_once: Circuit breaker already tripped: 3 consecutive losing paper trades
2026-09-30 20:50:26,181 [WARNING] run_once: Circuit breaker already tripped: 3 consecutive losing paper trades
2026-09-30 20:55:31,090 [WARNING] run_once: Circuit breaker already tripped: 3 consecutive losing paper trades
2026-09-30 21:00:34,985 [WARNING] run_once: Circuit breaker already tripped: 3 consecutive losing paper trades
2026-09-30 21:05:29,074 [WARNING] run_once: Circuit breaker already tripped: 3 consecutive losing paper trades
2026-09-30 21:10:31,369 [WARNING] run_once: Circuit breaker already tripped: 3 consecutive losing paper trades
2026-09-30 21:15:26,013 [WARNING] run_once: Circuit breaker already tripped: 3 consecutive losing paper trades
2026-09-30 21:20:30,442 [WARNING] run_once: Circuit breaker already tripped: 3 consecutive losing paper trades
2026-09-30 21:25:26,839 [WARNING] run_once: Circuit breaker already tripped: 3 consecutive losing paper trades
2026-09-30 21:30:33,482 [WARNING] run_once: Circuit breaker already tripped: 3 consecutive losing paper trades
2026-09-30 21:35:28,129 [WARNING] run_once: Circuit breaker already tripped: 3 consecutive losing paper trades
2026-09-30 21:40:30,158 [WARNING] run_once: Circuit breaker already tripped: 3 consecutive losing paper trades
2026-09-30 21:45:29,837 [WARNING] run_once: Circuit breaker already tripped: 3 consecutive losing paper trades
2026-09-30 21:50:33,036 [WARNING] run_once: Circuit breaker already tripped: 3 consecutive losing paper trades
2026-09-30 21:55:32,336 [WARNING] run_once: Circuit breaker already tripped: 3 consecutive losing paper trades
2026-09-30 22:00:32,762 [WARNING] run_once: Circuit breaker already tripped: 3 consecutive losing paper trades
2026-09-30 22:05:29,337 [WARNING] run_once: Circuit breaker already tripped: 3 consecutive losing paper trades
2026-09-30 22:10:30,373 [WARNING] run_once: Circuit breaker already tripped: 3 consecutive losing paper trades
2026-09-30 22:15:30,422 [WARNING] run_once: Circuit breaker already tripped: 3 consecutive losing paper trades
2026-09-30 22:20:31,621 [WARNING] run_once: Circuit breaker already tripped: 3 consecutive losing paper trades
2026-09-30 22:25:27,365 [WARNING] run_once: Circuit breaker already tripped: 3 consecutive losing paper trades
2026-09-30 22:30:26,647 [WARNING] run_once: Circuit breaker already tripped: 3 consecutive losing paper trades
2026-09-30 22:35:24,006 [WARNING] run_once: Circuit breaker already tripped: 3 consecutive losing paper trades
2026-09-30 22:40:31,424 [WARNING] run_once: Circuit breaker already tripped: 3 consecutive losing paper trades
2026-09-30 22:45:28,813 [WARNING] run_once: Circuit breaker already tripped: 3 consecutive losing paper trades
2026-09-30 22:50:27,387 [WARNING] run_once: Circuit breaker already tripped: 3 consecutive losing paper trades
2026-09-30 22:55:27,268 [WARNING] run_once: Circuit breaker already tripped: 3 consecutive losing paper trades
2026-09-30 23:00:28,433 [WARNING] run_once: Circuit breaker already tripped: 3 consecutive losing paper trades
2026-09-30 23:05:24,659 [WARNING] run_once: Circuit breaker already tripped: 3 consecutive losing paper trades
2026-09-30 23:10:34,557 [WARNING] run_once: Circuit breaker already tripped: 3 consecutive losing paper trades
2026-09-30 23:15:36,751 [WARNING] run_once: Circuit breaker already tripped: 3 consecutive losing paper trades
2026-09-30 23:20:35,940 [WARNING] run_once: Circuit breaker already tripped: 3 consecutive losing paper trades
2026-09-30 23:25:27,403 [WARNING] run_once: Circuit breaker already tripped: 3 consecutive losing paper trades
2026-09-30 23:30:30,683 [WARNING] run_once: Circuit breaker already tripped: 3 consecutive losing paper trades
2026-09-30 23:35:27,161 [WARNING] run_once: Circuit breaker already tripped: 3 consecutive losing paper trades
2026-09-30 23:40:28,509 [WARNING] run_once: Circuit breaker already tripped: 3 consecutive losing paper trades
2026-09-30 23:45:30,495 [WARNING] run_once: Circuit breaker already tripped: 3 consecutive losing paper trades
2026-09-30 23:50:22,964 [WARNING] run_once: Circuit breaker already tripped: 3 consecutive losing paper trades
2026-09-30 23:55:27,217 [WARNING] run_once: Circuit breaker already tripped: 3 consecutive losing paper trades
2026-10-01 00:00:34,729 [WARNING] run_once: Circuit breaker already tripped: 3 consecutive losing paper trades
2026-10-01 00:05:24,838 [WARNING] run_once: Circuit breaker already tripped: 3 consecutive losing paper trades
2026-10-01 00:10:26,992 [WARNING] run_once: Circuit breaker already tripped: 3 consecutive losing paper trades
2026-10-01 00:15:33,373 [WARNING] run_once: Circuit breaker already tripped: 3 consecutive losing paper trades
2026-10-01 00:20:35,350 [WARNING] run_once: Circuit breaker already tripped: 3 consecutive losing paper trades
2026-10-01 00:25:26,884 [WARNING] run_once: Circuit breaker already tripped: 3 consecutive losing paper trades
2026-10-01 00:30:32,179 [WARNING] run_once: Circuit breaker already tripped: 3 consecutive losing paper trades
2026-10-01 00:35:26,897 [WARNING] run_once: Circuit breaker already tripped: 3 consecutive losing paper trades
2026-10-01 00:40:32,524 [WARNING] run_once: Circuit breaker already tripped: 3 consecutive losing paper trades
2026-10-01 00:45:33,333 [WARNING] run_once: Circuit breaker already tripped: 3 consecutive losing paper trades
2026-10-01 00:50:30,829 [WARNING] run_once: Circuit breaker already tripped: 3 consecutive losing paper trades
2026-10-01 00:55:26,474 [WARNING] run_once: Circuit breaker already tripped: 3 consecutive losing paper trades
2026-10-01 01:00:31,033 [WARNING] run_once: Circuit breaker already tripped: 3 consecutive losing paper trades
2026-10-01 01:05:21,055 [WARNING] run_once: Circuit breaker already tripped: 3 consecutive losing paper trades
2026-10-01 01:10:29,858 [WARNING] run_once: Circuit breaker already tripped: 3 consecutive losing paper trades
2026-10-01 01:15:29,675 [WARNING] run_once: Circuit breaker already tripped: 3 consecutive losing paper trades
2026-10-01 01:20:31,802 [WARNING] run_once: Circuit breaker already tripped: 3 consecutive losing paper trades
2026-10-01 01:26:35,253 [WARNING] run_once: Circuit breaker already tripped: 3 consecutive losing paper trades
2026-10-01 01:30:30,507 [WARNING] run_once: Circuit breaker already tripped: 3 consecutive losing paper trades
2026-10-01 01:35:26,949 [WARNING] run_once: Circuit breaker already tripped: 3 consecutive losing paper trades
2026-10-01 01:40:28,462 [WARNING] run_once: Circuit breaker already tripped: 3 consecutive losing paper trades
2026-10-01 01:45:31,832 [WARNING] run_once: Circuit breaker already tripped: 3 consecutive losing paper trades
2026-10-01 01:50:29,391 [WARNING] run_once: Circuit breaker already tripped: 3 consecutive losing paper trades
2026-10-01 01:55:29,705 [WARNING] run_once: Circuit breaker already tripped: 3 consecutive losing paper trades
2026-10-01 02:00:33,226 [WARNING] run_once: Circuit breaker already tripped: 3 consecutive losing paper trades
2026-10-01 02:05:28,747 [WARNING] run_once: Circuit breaker already tripped: 3 consecutive losing paper trades
2026-10-01 02:10:27,452 [WARNING] run_once: Circuit breaker already tripped: 3 consecutive losing paper trades
2026-10-01 02:15:24,550 [WARNING] run_once: Circuit breaker already tripped: 3 consecutive losing paper trades
2026-10-01 02:20:30,420 [WARNING] run_once: Circuit breaker already tripped: 3 consecutive losing paper trades
2026-10-01 02:25:27,192 [WARNING] run_once: Circuit breaker already tripped: 3 consecutive losing paper trades
2026-10-01 02:30:26,349 [WARNING] run_once: Circuit breaker already tripped: 3 consecutive losing paper trades
2026-10-01 02:35:27,601 [WARNING] run_once: Circuit breaker already tripped: 3 consecutive losing paper trades
2026-10-01 02:40:31,081 [WARNING] run_once: Circuit breaker already tripped: 3 consecutive losing paper trades
2026-10-01 02:45:30,685 [WARNING] run_once: Circuit breaker already tripped: 3 consecutive losing paper trades
2026-10-01 02:50:30,691 [WARNING] run_once: Circuit breaker already tripped: 3 consecutive losing paper trades
2026-10-01 02:55:30,222 [WARNING] run_once: Circuit breaker already tripped: 3 consecutive losing paper trades
2026-10-01 03:00:32,550 [WARNING] run_once: Circuit breaker already tripped: 3 consecutive losing paper trades
2026-10-01 03:05:28,922 [WARNING] run_once: Circuit breaker already tripped: 3 consecutive losing paper trades
2026-10-01 03:10:30,388 [WARNING] run_once: Circuit breaker already tripped: 3 consecutive losing paper trades
2026-10-01 03:15:29,739 [WARNING] run_once: Circuit breaker already tripped: 3 consecutive losing paper trades
2026-10-01 03:20:37,976 [WARNING] run_once: Circuit breaker already tripped: 3 consecutive losing paper trades
2026-10-01 03:25:27,413 [WARNING] run_once: Circuit breaker already tripped: 3 consecutive losing paper trades
2026-10-01 03:30:33,716 [WARNING] run_once: Circuit breaker already tripped: 3 consecutive losing paper trades
2026-10-01 03:35:27,767 [WARNING] run_once: Circuit breaker already tripped: 3 consecutive losing paper trades
2026-10-01 03:40:38,201 [WARNING] run_once: Circuit breaker already tripped: 3 consecutive losing paper trades
2026-10-01 03:45:32,231 [WARNING] run_once: Circuit breaker already tripped: 3 consecutive losing paper trades
2026-10-01 03:50:39,682 [WARNING] run_once: Circuit breaker already tripped: 3 consecutive losing paper trades
2026-10-01 03:55:27,873 [WARNING] run_once: Circuit breaker already tripped: 3 consecutive losing paper trades
2026-10-01 04:00:32,223 [WARNING] run_once: Circuit breaker already tripped: 3 consecutive losing paper trades
2026-10-01 04:05:24,365 [WARNING] run_once: Circuit breaker already tripped: 3 consecutive losing paper trades
2026-10-01 04:10:24,565 [WARNING] run_once: Circuit breaker already tripped: 3 consecutive losing paper trades
2026-10-01 04:15:32,642 [WARNING] run_once: Circuit breaker already tripped: 3 consecutive losing paper trades
2026-10-01 04:20:30,355 [WARNING] run_once: Circuit breaker already tripped: 3 consecutive losing paper trades
2026-10-01 04:25:22,141 [WARNING] run_once: Circuit breaker already tripped: 3 consecutive losing paper trades
2026-10-01 04:30:33,659 [WARNING] run_once: Circuit breaker already tripped: 3 consecutive losing paper trades
2026-10-01 04:35:30,725 [WARNING] run_once: Circuit breaker already tripped: 3 consecutive losing paper trades
2026-10-01 04:40:33,196 [WARNING] run_once: Circuit breaker already tripped: 3 consecutive losing paper trades
2026-10-01 04:45:31,281 [WARNING] run_once: Circuit breaker already tripped: 3 consecutive losing paper trades
2026-10-01 04:50:31,884 [WARNING] run_once: Circuit breaker already tripped: 3 consecutive losing paper trades
2026-10-01 04:55:25,805 [WARNING] run_once: Circuit breaker already tripped: 3 consecutive losing paper trades
2026-10-01 05:00:33,616 [WARNING] run_once: Circuit breaker already tripped: 3 consecutive losing paper trades
2026-10-01 05:05:26,618 [WARNING] run_once: Circuit breaker already tripped: 3 consecutive losing paper trades
2026-10-01 05:10:32,792 [WARNING] run_once: Circuit breaker already tripped: 3 consecutive losing paper trades
2026-10-01 05:15:26,490 [WARNING] run_once: Circuit breaker already tripped: 3 consecutive losing paper trades
2026-10-01 05:20:31,090 [WARNING] run_once: Circuit breaker already tripped: 3 consecutive losing paper trades
2026-10-01 05:25:20,366 [WARNING] run_once: Circuit breaker already tripped: 3 consecutive losing paper trades
2026-10-01 05:30:34,035 [WARNING] run_once: Circuit breaker already tripped: 3 consecutive losing paper trades
2026-10-01 05:35:26,872 [WARNING] run_once: Circuit breaker already tripped: 3 consecutive losing paper trades
2026-10-01 05:40:28,255 [WARNING] run_once: Circuit breaker already tripped: 3 consecutive losing paper trades
2026-10-01 05:45:32,358 [WARNING] run_once: Circuit breaker already tripped: 3 consecutive losing paper trades
2026-10-01 05:50:31,767 [WARNING] run_once: Circuit breaker already tripped: 3 consecutive losing paper trades
2026-10-01 05:55:29,458 [WARNING] run_once: Circuit breaker already tripped: 3 consecutive losing paper trades
2026-10-01 06:00:44,541 [WARNING] run_once: Circuit breaker already tripped: 3 consecutive losing paper trades
2026-10-01 06:05:28,161 [WARNING] run_once: Circuit breaker already tripped: 3 consecutive losing paper trades
2026-10-01 06:10:49,184 [WARNING] run_once: Circuit breaker already tripped: 3 consecutive losing paper trades
2026-10-01 06:15:31,484 [WARNING] run_once: Circuit breaker already tripped: 3 consecutive losing paper trades
2026-10-01 06:20:30,212 [WARNING] run_once: Circuit breaker already tripped: 3 consecutive losing paper trades
2026-10-01 06:25:27,235 [WARNING] run_once: Circuit breaker already tripped: 3 consecutive losing paper trades
2026-10-01 06:30:31,229 [WARNING] run_once: Circuit breaker already tripped: 3 consecutive losing paper trades
2026-10-01 06:35:33,179 [WARNING] run_once: Circuit breaker already tripped: 3 consecutive losing paper trades
2026-10-01 06:41:40,712 [WARNING] run_once: Circuit breaker already tripped: 3 consecutive losing paper trades
2026-10-01 06:45:31,818 [WARNING] run_once: Circuit breaker already tripped: 3 consecutive losing paper trades
2026-10-01 06:50:28,009 [WARNING] run_once: Circuit breaker already tripped: 3 consecutive losing paper trades
2026-10-01 06:55:26,496 [WARNING] run_once: Circuit breaker already tripped: 3 consecutive losing paper trades
2026-10-01 07:00:29,341 [WARNING] run_once: Circuit breaker already tripped: 3 consecutive losing paper trades
2026-10-01 07:05:27,418 [WARNING] run_once: Circuit breaker already tripped: 3 consecutive losing paper trades
2026-10-01 07:14:10,366 [WARNING] run_once: Circuit breaker already tripped: 3 consecutive losing paper trades
2026-10-01 07:15:32,305 [WARNING] run_once: Circuit breaker already tripped: 3 consecutive losing paper trades
2026-10-01 07:20:30,677 [WARNING] run_once: Circuit breaker already tripped: 3 consecutive losing paper trades
2026-10-01 07:25:22,454 [WARNING] run_once: Circuit breaker already tripped: 3 consecutive losing paper trades
2026-10-01 07:30:38,678 [WARNING] run_once: Circuit breaker already tripped: 3 consecutive losing paper trades
2026-10-01 07:40:43,057 [WARNING] run_once: Circuit breaker already tripped: 3 consecutive losing paper trades
2026-10-01 07:45:38,916 [WARNING] run_once: Circuit breaker already tripped: 3 consecutive losing paper trades
2026-10-01 07:50:31,611 [WARNING] run_once: Circuit breaker already tripped: 3 consecutive losing paper trades
2026-10-01 08:00:47,804 [WARNING] run_once: Circuit breaker already tripped: 3 consecutive losing paper trades
2026-10-01 08:05:28,204 [WARNING] run_once: Circuit breaker already tripped: 3 consecutive losing paper trades
2026-10-01 08:10:35,291 [WARNING] run_once: Circuit breaker already tripped: 3 consecutive losing paper trades
2026-10-01 08:16:10,706 [WARNING] run_once: Circuit breaker already tripped: 3 consecutive losing paper trades
2026-10-01 08:20:30,720 [WARNING] run_once: Circuit breaker already tripped: 3 consecutive losing paper trades
2026-10-01 08:25:29,341 [WARNING] run_once: Circuit breaker already tripped: 3 consecutive losing paper trades
2026-10-01 08:30:33,247 [WARNING] run_once: Circuit breaker already tripped: 3 consecutive losing paper trades
2026-10-01 08:37:15,368 [WARNING] run_once: Circuit breaker already tripped: 3 consecutive losing paper trades
2026-10-01 08:40:34,257 [WARNING] run_once: Circuit breaker already tripped: 3 consecutive losing paper trades
2026-10-01 08:45:31,734 [WARNING] run_once: Circuit breaker already tripped: 3 consecutive losing paper trades
2026-10-01 08:50:29,499 [WARNING] run_once: Circuit breaker already tripped: 3 consecutive losing paper trades
2026-10-01 08:55:22,191 [WARNING] run_once: Circuit breaker already tripped: 3 consecutive losing paper trades
2026-10-01 09:00:33,788 [WARNING] run_once: Circuit breaker already tripped: 3 consecutive losing paper trades
2026-10-01 09:05:29,159 [WARNING] run_once: Circuit breaker already tripped: 3 consecutive losing paper trades
2026-10-01 09:10:35,257 [WARNING] run_once: Circuit breaker already tripped: 3 consecutive losing paper trades
2026-10-01 09:15:31,197 [WARNING] run_once: Circuit breaker already tripped: 3 consecutive losing paper trades
2026-10-01 09:20:29,652 [WARNING] run_once: Circuit breaker already tripped: 3 consecutive losing paper trades
2026-10-01 09:25:27,240 [WARNING] run_once: Circuit breaker already tripped: 3 consecutive losing paper trades
2026-10-01 09:30:27,358 [WARNING] run_once: Circuit breaker already tripped: 3 consecutive losing paper trades
2026-10-01 09:35:32,192 [WARNING] run_once: Circuit breaker already tripped: 3 consecutive losing paper trades
2026-10-01 09:40:29,337 [WARNING] run_once: Circuit breaker already tripped: 3 consecutive losing paper trades
2026-10-01 09:45:29,393 [WARNING] run_once: Circuit breaker already tripped: 3 consecutive losing paper trades
2026-10-01 09:50:33,352 [WARNING] run_once: Circuit breaker already tripped: 3 consecutive losing paper trades
2026-10-01 09:55:30,984 [WARNING] run_once: Circuit breaker already tripped: 3 consecutive losing paper trades
2026-10-01 10:00:32,711 [WARNING] run_once: Circuit breaker already tripped: 3 consecutive losing paper trades
2026-10-01 10:05:30,358 [WARNING] run_once: Circuit breaker already tripped: 3 consecutive losing paper trades
2026-10-01 10:10:36,145 [WARNING] run_once: Circuit breaker already tripped: 3 consecutive losing paper trades
2026-10-01 10:15:29,770 [WARNING] run_once: Circuit breaker already tripped: 3 consecutive losing paper trades
2026-10-01 10:20:30,458 [WARNING] run_once: Circuit breaker already tripped: 3 consecutive losing paper trades
2026-10-01 10:25:30,658 [WARNING] run_once: Circuit breaker already tripped: 3 consecutive losing paper trades
2026-10-01 10:30:33,459 [WARNING] run_once: Circuit breaker already tripped: 3 consecutive losing paper trades
2026-10-01 10:35:41,160 [WARNING] run_once: Circuit breaker already tripped: 3 consecutive losing paper trades
2026-10-01 10:40:30,272 [WARNING] run_once: Circuit breaker already tripped: 3 consecutive losing paper trades
2026-10-01 10:45:30,373 [WARNING] run_once: Circuit breaker already tripped: 3 consecutive losing paper trades
2026-10-01 10:50:38,160 [WARNING] run_once: Circuit breaker already tripped: 3 consecutive losing paper trades
2026-10-01 10:55:33,355 [WARNING] run_once: Circuit breaker already tripped: 3 consecutive losing paper trades
2026-10-01 11:00:33,675 [WARNING] run_once: Circuit breaker already tripped: 3 consecutive losing paper trades
2026-10-01 11:05:30,434 [WARNING] run_once: Circuit breaker already tripped: 3 consecutive losing paper trades
2026-10-01 11:10:33,987 [WARNING] run_once: Circuit breaker already tripped: 3 consecutive losing paper trades
2026-10-01 11:15:33,523 [WARNING] run_once: Circuit breaker already tripped: 3 consecutive losing paper trades
2026-10-01 11:20:37,048 [WARNING] run_once: Circuit breaker already tripped: 3 consecutive losing paper trades
2026-10-01 11:25:24,219 [WARNING] run_once: Circuit breaker already tripped: 3 consecutive losing paper trades
2026-10-01 11:30:32,103 [WARNING] run_once: Circuit breaker already tripped: 3 consecutive losing paper trades
2026-10-01 11:35:22,380 [WARNING] run_once: Circuit breaker already tripped: 3 consecutive losing paper trades
2026-10-01 11:40:27,548 [WARNING] run_once: Circuit breaker already tripped: 3 consecutive losing paper trades
2026-10-01 11:45:25,921 [WARNING] run_once: Circuit breaker already tripped: 3 consecutive losing paper trades
2026-10-01 11:50:29,497 [WARNING] run_once: Circuit breaker already tripped: 3 consecutive losing paper trades
2026-10-01 11:55:25,409 [WARNING] run_once: Circuit breaker already tripped: 3 consecutive losing paper trades
2026-10-01 12:00:37,253 [WARNING] run_once: Circuit breaker already tripped: 3 consecutive losing paper trades
2026-10-01 12:05:28,760 [WARNING] run_once: Circuit breaker already tripped: 3 consecutive losing paper trades
2026-10-01 12:10:30,341 [WARNING] run_once: Circuit breaker already tripped: 3 consecutive losing paper trades
2026-10-01 12:15:31,262 [WARNING] run_once: Circuit breaker already tripped: 3 consecutive losing paper trades
2026-10-01 12:20:38,005 [WARNING] run_once: Circuit breaker already tripped: 3 consecutive losing paper trades
2026-10-01 12:25:28,591 [WARNING] run_once: Circuit breaker already tripped: 3 consecutive losing paper trades
2026-10-01 12:30:37,298 [WARNING] run_once: Circuit breaker already tripped: 3 consecutive losing paper trades
2026-10-01 12:35:25,265 [WARNING] run_once: Circuit breaker already tripped: 3 consecutive losing paper trades
2026-10-01 12:40:30,320 [WARNING] run_once: Circuit breaker already tripped: 3 consecutive losing paper trades
2026-10-01 12:45:32,070 [WARNING] run_once: Circuit breaker already tripped: 3 consecutive losing paper trades
2026-10-01 12:50:30,472 [WARNING] run_once: Circuit breaker already tripped: 3 consecutive losing paper trades
2026-10-01 12:55:37,477 [WARNING] run_once: Circuit breaker already tripped: 3 consecutive losing paper trades
2026-10-01 13:00:38,544 [WARNING] run_once: Circuit breaker already tripped: 3 consecutive losing paper trades
2026-10-01 13:05:23,993 [WARNING] run_once: Circuit breaker already tripped: 3 consecutive losing paper trades
2026-10-01 13:10:33,911 [WARNING] run_once: Circuit breaker already tripped: 3 consecutive losing paper trades
2026-10-01 13:15:28,101 [WARNING] run_once: Circuit breaker already tripped: 3 consecutive losing paper trades
2026-10-01 13:20:40,006 [WARNING] run_once: Circuit breaker already tripped: 3 consecutive losing paper trades
2026-10-01 13:25:38,762 [WARNING] run_once: Circuit breaker already tripped: 3 consecutive losing paper trades
2026-10-01 13:30:31,497 [WARNING] run_once: Circuit breaker already tripped: 3 consecutive losing paper trades
2026-10-01 13:35:41,206 [WARNING] run_once: Circuit breaker already tripped: 3 consecutive losing paper trades
2026-10-01 13:40:25,700 [WARNING] run_once: Circuit breaker already tripped: 3 consecutive losing paper trades
2026-10-01 13:45:32,410 [WARNING] run_once: Circuit breaker already tripped: 3 consecutive losing paper trades
2026-10-01 13:50:33,215 [WARNING] run_once: Circuit breaker already tripped: 3 consecutive losing paper trades
2026-10-01 13:55:28,504 [WARNING] run_once: Circuit breaker already tripped: 3 consecutive losing paper trades
2026-10-01 14:01:10,027 [WARNING] run_once: Circuit breaker already tripped: 3 consecutive losing paper trades
2026-10-01 14:05:28,261 [WARNING] run_once: Circuit breaker already tripped: 3 consecutive losing paper trades
2026-10-01 14:10:34,105 [WARNING] run_once: Circuit breaker already tripped: 3 consecutive losing paper trades
2026-10-01 14:15:33,297 [WARNING] run_once: Circuit breaker already tripped: 3 consecutive losing paper trades
2026-10-01 14:20:34,851 [WARNING] run_once: Circuit breaker already tripped: 3 consecutive losing paper trades
2026-10-01 14:25:31,246 [WARNING] run_once: Circuit breaker already tripped: 3 consecutive losing paper trades
2026-10-01 14:30:34,602 [WARNING] run_once: Circuit breaker already tripped: 3 consecutive losing paper trades
2026-10-01 14:35:29,951 [WARNING] run_once: Circuit breaker already tripped: 3 consecutive losing paper trades
2026-10-01 14:40:36,358 [WARNING] run_once: Circuit breaker already tripped: 3 consecutive losing paper trades
2026-10-01 14:45:35,484 [WARNING] run_once: Circuit breaker already tripped: 3 consecutive losing paper trades
2026-10-01 14:50:35,253 [WARNING] run_once: Circuit breaker already tripped: 3 consecutive losing paper trades
2026-10-01 14:55:28,588 [WARNING] run_once: Circuit breaker already tripped: 3 consecutive losing paper trades
2026-10-01 15:00:42,929 [WARNING] run_once: Circuit breaker already tripped: 3 consecutive losing paper trades
2026-10-01 15:05:29,203 [WARNING] run_once: Circuit breaker already tripped: 3 consecutive losing paper trades
2026-10-01 15:10:32,957 [WARNING] run_once: Circuit breaker already tripped: 3 consecutive losing paper trades
2026-10-01 15:15:31,192 [WARNING] run_once: Circuit breaker already tripped: 3 consecutive losing paper trades
2026-10-01 15:20:37,902 [WARNING] run_once: Circuit breaker already tripped: 3 consecutive losing paper trades
2026-10-01 15:25:31,476 [WARNING] run_once: Circuit breaker already tripped: 3 consecutive losing paper trades
2026-10-01 15:30:39,787 [WARNING] run_once: Circuit breaker already tripped: 3 consecutive losing paper trades
2026-10-01 15:35:26,538 [WARNING] run_once: Circuit breaker already tripped: 3 consecutive losing paper trades
2026-10-01 15:40:41,490 [WARNING] run_once: Circuit breaker already tripped: 3 consecutive losing paper trades
2026-10-01 15:45:36,523 [WARNING] run_once: Circuit breaker already tripped: 3 consecutive losing paper trades
2026-10-01 15:50:34,244 [WARNING] run_once: Circuit breaker already tripped: 3 consecutive losing paper trades
2026-10-01 15:55:31,006 [WARNING] run_once: Circuit breaker already tripped: 3 consecutive losing paper trades
2026-10-01 16:00:35,650 [WARNING] run_once: Circuit breaker already tripped: 3 consecutive losing paper trades
2026-10-01 16:06:04,791 [WARNING] run_once: Circuit breaker already tripped: 3 consecutive losing paper trades
2026-10-01 16:10:33,200 [WARNING] run_once: Circuit breaker already tripped: 3 consecutive losing paper trades
2026-10-01 16:15:32,683 [WARNING] run_once: Circuit breaker already tripped: 3 consecutive losing paper trades
2026-10-01 16:20:31,961 [WARNING] run_once: Circuit breaker already tripped: 3 consecutive losing paper trades
2026-10-01 16:25:30,996 [WARNING] run_once: Circuit breaker already tripped: 3 consecutive losing paper trades
2026-10-01 16:30:28,104 [WARNING] run_once: Circuit breaker already tripped: 3 consecutive losing paper trades
2026-10-01 16:35:26,799 [WARNING] run_once: Circuit breaker already tripped: 3 consecutive losing paper trades
2026-10-01 16:40:34,904 [WARNING] run_once: Circuit breaker already tripped: 3 consecutive losing paper trades
2026-10-01 16:45:29,787 [WARNING] run_once: Circuit breaker already tripped: 3 consecutive losing paper trades
2026-10-01 16:50:32,057 [WARNING] run_once: Circuit breaker already tripped: 3 consecutive losing paper trades
2026-10-01 16:55:29,829 [WARNING] run_once: Circuit breaker already tripped: 3 consecutive losing paper trades
2026-10-01 17:00:35,372 [WARNING] run_once: Circuit breaker already tripped: 3 consecutive losing paper trades
2026-10-01 17:05:27,168 [WARNING] run_once: Circuit breaker already tripped: 3 consecutive losing paper trades
2026-10-01 17:10:26,278 [WARNING] run_once: Circuit breaker already tripped: 3 consecutive losing paper trades
2026-10-01 17:15:31,362 [WARNING] run_once: Circuit breaker already tripped: 3 consecutive losing paper trades
2026-10-01 17:20:31,678 [WARNING] run_once: Circuit breaker already tripped: 3 consecutive losing paper trades
2026-10-01 17:25:29,809 [WARNING] run_once: Circuit breaker already tripped: 3 consecutive losing paper trades
2026-10-01 17:30:36,987 [WARNING] run_once: Circuit breaker already tripped: 3 consecutive losing paper trades
2026-10-01 17:35:32,567 [WARNING] run_once: Circuit breaker already tripped: 3 consecutive losing paper trades
2026-10-01 17:40:30,977 [WARNING] run_once: Circuit breaker already tripped: 3 consecutive losing paper trades
2026-10-01 17:45:29,953 [WARNING] run_once: Circuit breaker already tripped: 3 consecutive losing paper trades
2026-10-01 17:50:33,562 [WARNING] run_once: Circuit breaker already tripped: 3 consecutive losing paper trades
2026-10-01 17:55:30,929 [WARNING] run_once: Circuit breaker already tripped: 3 consecutive losing paper trades
2026-10-01 18:00:34,550 [WARNING] run_once: Circuit breaker already tripped: 3 consecutive losing paper trades
2026-10-01 18:05:28,732 [WARNING] run_once: Circuit breaker already tripped: 3 consecutive losing paper trades
2026-10-01 18:10:33,803 [WARNING] run_once: Circuit breaker already tripped: 3 consecutive losing paper trades
2026-10-01 18:15:33,280 [WARNING] run_once: Circuit breaker already tripped: 3 consecutive losing paper trades
2026-10-01 18:20:25,764 [WARNING] run_once: Circuit breaker already tripped: 3 consecutive losing paper trades
2026-10-01 18:25:32,012 [WARNING] run_once: Circuit breaker already tripped: 3 consecutive losing paper trades
2026-10-01 18:30:31,121 [WARNING] run_once: Circuit breaker already tripped: 3 consecutive losing paper trades
2026-10-01 18:35:30,076 [WARNING] run_once: Circuit breaker already tripped: 3 consecutive losing paper trades
2026-10-01 18:40:31,887 [WARNING] run_once: Circuit breaker already tripped: 3 consecutive losing paper trades
2026-10-01 18:45:34,131 [WARNING] run_once: Circuit breaker already tripped: 3 consecutive losing paper trades
2026-10-01 18:50:34,145 [WARNING] run_once: Circuit breaker already tripped: 3 consecutive losing paper trades
2026-10-01 18:55:31,487 [WARNING] run_once: Circuit breaker already tripped: 3 consecutive losing paper trades
2026-10-01 19:00:32,588 [WARNING] run_once: Circuit breaker already tripped: 3 consecutive losing paper trades
2026-10-01 19:05:30,690 [WARNING] run_once: Circuit breaker already tripped: 3 consecutive losing paper trades
2026-10-01 19:10:36,169 [WARNING] run_once: Circuit breaker already tripped: 3 consecutive losing paper trades
2026-10-01 19:15:27,010 [WARNING] run_once: Circuit breaker already tripped: 3 consecutive losing paper trades
2026-10-01 19:20:27,109 [WARNING] run_once: Circuit breaker already tripped: 3 consecutive losing paper trades
2026-10-01 19:25:31,696 [WARNING] run_once: Circuit breaker already tripped: 3 consecutive losing paper trades
2026-10-01 19:30:35,315 [WARNING] run_once: Circuit breaker already tripped: 3 consecutive losing paper trades
2026-10-01 19:35:34,213 [WARNING] run_once: Circuit breaker already tripped: 3 consecutive losing paper trades
2026-10-01 19:40:27,594 [WARNING] run_once: Circuit breaker already tripped: 3 consecutive losing paper trades
2026-10-01 19:45:31,771 [WARNING] run_once: Circuit breaker already tripped: 3 consecutive losing paper trades
2026-10-01 19:50:29,925 [WARNING] run_once: Circuit breaker already tripped: 3 consecutive losing paper trades
2026-10-01 19:55:23,044 [WARNING] run_once: Circuit breaker already tripped: 3 consecutive losing paper trades
2026-10-01 20:00:34,465 [WARNING] run_once: Circuit breaker already tripped: 3 consecutive losing paper trades
2026-10-01 20:05:30,368 [WARNING] run_once: Circuit breaker already tripped: 3 consecutive losing paper trades
2026-10-01 20:12:41,313 [WARNING] run_once: Circuit breaker already tripped: 3 consecutive losing paper trades
2026-10-01 20:15:31,478 [WARNING] run_once: Circuit breaker already tripped: 3 consecutive losing paper trades
2026-10-01 20:20:32,290 [WARNING] run_once: Circuit breaker already tripped: 3 consecutive losing paper trades
2026-10-01 20:25:39,705 [WARNING] run_once: Circuit breaker already tripped: 3 consecutive losing paper trades
2026-10-01 20:30:32,518 [WARNING] run_once: Circuit breaker already tripped: 3 consecutive losing paper trades
2026-10-01 20:35:28,734 [WARNING] run_once: Circuit breaker already tripped: 3 consecutive losing paper trades
2026-10-01 20:40:31,321 [WARNING] run_once: Circuit breaker already tripped: 3 consecutive losing paper trades
2026-10-01 20:45:31,774 [WARNING] run_once: Circuit breaker already tripped: 3 consecutive losing paper trades
2026-10-01 20:50:29,583 [WARNING] run_once: Circuit breaker already tripped: 3 consecutive losing paper trades
2026-10-01 20:55:38,813 [WARNING] run_once: Circuit breaker already tripped: 3 consecutive losing paper trades
2026-10-01 21:00:32,862 [WARNING] run_once: Circuit breaker already tripped: 3 consecutive losing paper trades
2026-10-01 21:05:28,881 [WARNING] run_once: Circuit breaker already tripped: 3 consecutive losing paper trades
2026-10-01 21:10:28,947 [WARNING] run_once: Circuit breaker already tripped: 3 consecutive losing paper trades
2026-10-01 21:15:36,113 [WARNING] run_once: Circuit breaker already tripped: 3 consecutive losing paper trades
2026-10-01 21:20:31,501 [WARNING] run_once: Circuit breaker already tripped: 3 consecutive losing paper trades
2026-10-01 21:25:24,155 [WARNING] run_once: Circuit breaker already tripped: 3 consecutive losing paper trades
2026-10-01 21:30:31,833 [WARNING] run_once: Circuit breaker already tripped: 3 consecutive losing paper trades
2026-10-01 21:35:28,022 [WARNING] run_once: Circuit breaker already tripped: 3 consecutive losing paper trades
2026-10-01 21:40:31,374 [WARNING] run_once: Circuit breaker already tripped: 3 consecutive losing paper trades
2026-10-01 21:45:36,105 [WARNING] run_once: Circuit breaker already tripped: 3 consecutive losing paper trades
2026-10-01 21:50:31,109 [WARNING] run_once: Circuit breaker already tripped: 3 consecutive losing paper trades
2026-10-01 21:55:24,801 [WARNING] run_once: Circuit breaker already tripped: 3 consecutive losing paper trades
2026-10-01 22:00:34,203 [WARNING] run_once: Circuit breaker already tripped: 3 consecutive losing paper trades
2026-10-01 22:05:31,300 [WARNING] run_once: Circuit breaker already tripped: 3 consecutive losing paper trades
2026-10-01 22:10:30,304 [WARNING] run_once: Circuit breaker already tripped: 3 consecutive losing paper trades
2026-10-01 22:15:30,181 [WARNING] run_once: Circuit breaker already tripped: 3 consecutive losing paper trades
2026-10-01 22:20:27,991 [WARNING] run_once: Circuit breaker already tripped: 3 consecutive losing paper trades
2026-10-01 22:25:26,605 [WARNING] run_once: Circuit breaker already tripped: 3 consecutive losing paper trades
2026-10-01 22:30:37,613 [WARNING] run_once: Circuit breaker already tripped: 3 consecutive losing paper trades
2026-10-01 22:35:25,087 [WARNING] run_once: Circuit breaker already tripped: 3 consecutive losing paper trades
2026-10-01 22:40:29,712 [WARNING] run_once: Circuit breaker already tripped: 3 consecutive losing paper trades
2026-10-01 22:45:34,615 [WARNING] run_once: Circuit breaker already tripped: 3 consecutive losing paper trades
2026-10-01 22:50:24,972 [WARNING] run_once: Circuit breaker already tripped: 3 consecutive losing paper trades
2026-10-01 22:55:29,780 [WARNING] run_once: Circuit breaker already tripped: 3 consecutive losing paper trades
2026-10-01 23:00:32,847 [WARNING] run_once: Circuit breaker already tripped: 3 consecutive losing paper trades
2026-10-01 23:05:28,162 [WARNING] run_once: Circuit breaker already tripped: 3 consecutive losing paper trades
2026-10-01 23:10:30,868 [WARNING] run_once: Circuit breaker already tripped: 3 consecutive losing paper trades
2026-10-01 23:15:29,135 [WARNING] run_once: Circuit breaker already tripped: 3 consecutive losing paper trades
2026-10-01 23:20:22,674 [WARNING] run_once: Circuit breaker already tripped: 3 consecutive losing paper trades
2026-10-01 23:25:30,439 [WARNING] run_once: Circuit breaker already tripped: 3 consecutive losing paper trades
2026-10-01 23:30:37,890 [WARNING] run_once: Circuit breaker already tripped: 3 consecutive losing paper trades
2026-10-01 23:35:25,016 [WARNING] run_once: Circuit breaker already tripped: 3 consecutive losing paper trades
2026-10-01 23:40:27,221 [WARNING] run_once: Circuit breaker already tripped: 3 consecutive losing paper trades
2026-10-01 23:45:32,718 [WARNING] run_once: Circuit breaker already tripped: 3 consecutive losing paper trades
2026-10-01 23:50:31,199 [WARNING] run_once: Circuit breaker already tripped: 3 consecutive losing paper trades
2026-10-01 23:55:29,332 [WARNING] run_once: Circuit breaker already tripped: 3 consecutive losing paper trades
2026-10-02 00:00:35,852 [WARNING] run_once: Circuit breaker already tripped: 3 consecutive losing paper trades
2026-10-02 00:05:27,768 [WARNING] run_once: Circuit breaker already tripped: 3 consecutive losing paper trades
2026-10-02 00:10:31,136 [WARNING] run_once: Circuit breaker already tripped: 3 consecutive losing paper trades
2026-10-02 00:15:38,310 [WARNING] run_once: Circuit breaker already tripped: 3 consecutive losing paper trades
2026-10-02 00:20:34,207 [WARNING] run_once: Circuit breaker already tripped: 3 consecutive losing paper trades
2026-10-02 00:25:24,671 [WARNING] run_once: Circuit breaker already tripped: 3 consecutive losing paper trades
2026-10-02 00:30:34,866 [WARNING] run_once: Circuit breaker already tripped: 3 consecutive losing paper trades
2026-10-02 00:35:22,873 [WARNING] run_once: Circuit breaker already tripped: 3 consecutive losing paper trades
2026-10-02 00:40:28,547 [WARNING] run_once: Circuit breaker already tripped: 3 consecutive losing paper trades
2026-10-02 00:45:33,034 [WARNING] run_once: Circuit breaker already tripped: 3 consecutive losing paper trades
2026-10-02 00:50:27,168 [WARNING] run_once: Circuit breaker already tripped: 3 consecutive losing paper trades
2026-10-02 00:55:25,714 [WARNING] run_once: Circuit breaker already tripped: 3 consecutive losing paper trades
2026-10-02 01:00:33,826 [WARNING] run_once: Circuit breaker already tripped: 3 consecutive losing paper trades
2026-10-02 01:05:30,167 [WARNING] run_once: Circuit breaker already tripped: 3 consecutive losing paper trades
2026-10-02 01:10:28,656 [WARNING] run_once: Circuit breaker already tripped: 3 consecutive losing paper trades
2026-10-02 01:15:31,725 [WARNING] run_once: Circuit breaker already tripped: 3 consecutive losing paper trades
2026-10-02 01:20:28,632 [WARNING] run_once: Circuit breaker already tripped: 3 consecutive losing paper trades
2026-10-02 01:25:21,649 [WARNING] run_once: Circuit breaker already tripped: 3 consecutive losing paper trades
2026-10-02 01:30:33,509 [WARNING] run_once: Circuit breaker already tripped: 3 consecutive losing paper trades
2026-10-02 01:35:26,683 [WARNING] run_once: Circuit breaker already tripped: 3 consecutive losing paper trades
2026-10-02 01:40:27,405 [WARNING] run_once: Circuit breaker already tripped: 3 consecutive losing paper trades
2026-10-02 01:45:29,965 [WARNING] run_once: Circuit breaker already tripped: 3 consecutive losing paper trades
2026-10-02 01:50:23,708 [WARNING] run_once: Circuit breaker already tripped: 3 consecutive losing paper trades
2026-10-02 01:55:35,775 [WARNING] run_once: Circuit breaker already tripped: 3 consecutive losing paper trades
2026-10-02 02:00:33,782 [WARNING] run_once: Circuit breaker already tripped: 3 consecutive losing paper trades
2026-10-02 02:05:30,488 [WARNING] run_once: Circuit breaker already tripped: 3 consecutive losing paper trades
2026-10-02 02:11:04,333 [WARNING] run_once: Circuit breaker already tripped: 3 consecutive losing paper trades
2026-10-02 02:15:30,224 [WARNING] run_once: Circuit breaker already tripped: 3 consecutive losing paper trades
2026-10-02 02:20:29,987 [WARNING] run_once: Circuit breaker already tripped: 3 consecutive losing paper trades
2026-10-02 02:25:28,416 [WARNING] run_once: Circuit breaker already tripped: 3 consecutive losing paper trades
2026-10-02 02:30:32,411 [WARNING] run_once: Circuit breaker already tripped: 3 consecutive losing paper trades
2026-10-02 02:35:26,540 [WARNING] run_once: Circuit breaker already tripped: 3 consecutive losing paper trades
2026-10-02 02:40:31,597 [WARNING] run_once: Circuit breaker already tripped: 3 consecutive losing paper trades
2026-10-02 02:45:32,582 [WARNING] run_once: Circuit breaker already tripped: 3 consecutive losing paper trades
2026-10-02 02:50:29,062 [WARNING] run_once: Circuit breaker already tripped: 3 consecutive losing paper trades
2026-10-02 02:55:27,568 [WARNING] run_once: Circuit breaker already tripped: 3 consecutive losing paper trades
2026-10-02 03:00:34,133 [WARNING] run_once: Circuit breaker already tripped: 3 consecutive losing paper trades
2026-10-02 03:05:28,712 [WARNING] run_once: Circuit breaker already tripped: 3 consecutive losing paper trades
2026-10-02 03:10:30,960 [WARNING] run_once: Circuit breaker already tripped: 3 consecutive losing paper trades
2026-10-02 03:15:25,554 [WARNING] run_once: Circuit breaker already tripped: 3 consecutive losing paper trades
2026-10-02 03:20:29,442 [WARNING] run_once: Circuit breaker already tripped: 3 consecutive losing paper trades
2026-10-02 03:25:27,891 [WARNING] run_once: Circuit breaker already tripped: 3 consecutive losing paper trades
2026-10-02 03:30:33,650 [WARNING] run_once: Circuit breaker already tripped: 3 consecutive losing paper trades
2026-10-02 03:35:29,968 [WARNING] run_once: Circuit breaker already tripped: 3 consecutive losing paper trades
2026-10-02 03:40:22,673 [WARNING] run_once: Circuit breaker already tripped: 3 consecutive losing paper trades
2026-10-02 03:45:30,435 [WARNING] run_once: Circuit breaker already tripped: 3 consecutive losing paper trades
2026-10-02 03:50:30,810 [WARNING] run_once: Circuit breaker already tripped: 3 consecutive losing paper trades
2026-10-02 03:55:20,715 [WARNING] run_once: Circuit breaker already tripped: 3 consecutive losing paper trades
2026-10-02 04:00:30,232 [WARNING] run_once: Circuit breaker already tripped: 3 consecutive losing paper trades
2026-10-02 04:05:25,902 [WARNING] run_once: Circuit breaker already tripped: 3 consecutive losing paper trades
2026-10-02 04:10:30,492 [WARNING] run_once: Circuit breaker already tripped: 3 consecutive losing paper trades
2026-10-02 04:15:28,769 [WARNING] run_once: Circuit breaker already tripped: 3 consecutive losing paper trades
2026-10-02 04:20:31,705 [WARNING] run_once: Circuit breaker already tripped: 3 consecutive losing paper trades
2026-10-02 04:25:24,736 [WARNING] run_once: Circuit breaker already tripped: 3 consecutive losing paper trades
2026-10-02 04:30:25,375 [WARNING] run_once: Circuit breaker already tripped: 3 consecutive losing paper trades
2026-10-02 04:35:29,421 [WARNING] run_once: Circuit breaker already tripped: 3 consecutive losing paper trades
2026-10-02 04:40:33,116 [WARNING] run_once: Circuit breaker already tripped: 3 consecutive losing paper trades
2026-10-02 04:45:24,367 [WARNING] run_once: Circuit breaker already tripped: 3 consecutive losing paper trades
2026-10-02 04:50:29,197 [WARNING] run_once: Circuit breaker already tripped: 3 consecutive losing paper trades
2026-10-02 04:55:29,997 [WARNING] run_once: Circuit breaker already tripped: 3 consecutive losing paper trades
2026-10-02 05:00:32,372 [WARNING] run_once: Circuit breaker already tripped: 3 consecutive losing paper trades
2026-10-02 05:05:29,403 [WARNING] run_once: Circuit breaker already tripped: 3 consecutive losing paper trades
2026-10-02 05:10:32,603 [WARNING] run_once: Circuit breaker already tripped: 3 consecutive losing paper trades
2026-10-02 05:15:23,424 [WARNING] run_once: Circuit breaker already tripped: 3 consecutive losing paper trades
2026-10-02 05:20:32,169 [WARNING] run_once: Circuit breaker already tripped: 3 consecutive losing paper trades
2026-10-02 05:25:29,803 [WARNING] run_once: Circuit breaker already tripped: 3 consecutive losing paper trades
2026-10-02 05:30:31,506 [WARNING] run_once: Circuit breaker already tripped: 3 consecutive losing paper trades
2026-10-02 05:35:31,428 [WARNING] run_once: Circuit breaker already tripped: 3 consecutive losing paper trades
2026-10-02 05:40:30,049 [WARNING] run_once: Circuit breaker already tripped: 3 consecutive losing paper trades
2026-10-02 05:45:25,372 [WARNING] run_once: Circuit breaker already tripped: 3 consecutive losing paper trades
2026-10-02 05:50:26,864 [WARNING] run_once: Circuit breaker already tripped: 3 consecutive losing paper trades
2026-10-02 05:55:24,192 [WARNING] run_once: Circuit breaker already tripped: 3 consecutive losing paper trades
2026-10-02 06:00:35,235 [WARNING] run_once: Circuit breaker already tripped: 3 consecutive losing paper trades
2026-10-02 06:05:24,870 [WARNING] run_once: Circuit breaker already tripped: 3 consecutive losing paper trades
2026-10-02 06:10:32,118 [WARNING] run_once: Circuit breaker already tripped: 3 consecutive losing paper trades
2026-10-02 06:15:31,987 [WARNING] run_once: Circuit breaker already tripped: 3 consecutive losing paper trades
2026-10-02 06:20:29,866 [WARNING] run_once: Circuit breaker already tripped: 3 consecutive losing paper trades
2026-10-02 06:25:31,644 [WARNING] run_once: Circuit breaker already tripped: 3 consecutive losing paper trades
2026-10-02 06:30:30,793 [WARNING] run_once: Circuit breaker already tripped: 3 consecutive losing paper trades
2026-10-02 06:35:28,904 [WARNING] run_once: Circuit breaker already tripped: 3 consecutive losing paper trades
2026-10-02 06:40:32,302 [WARNING] run_once: Circuit breaker already tripped: 3 consecutive losing paper trades
2026-10-02 06:45:29,868 [WARNING] run_once: Circuit breaker already tripped: 3 consecutive losing paper trades
2026-10-02 06:50:28,742 [WARNING] run_once: Circuit breaker already tripped: 3 consecutive losing paper trades
2026-10-02 06:55:26,083 [WARNING] run_once: Circuit breaker already tripped: 3 consecutive losing paper trades
2026-10-02 07:00:32,768 [WARNING] run_once: Circuit breaker already tripped: 3 consecutive losing paper trades
2026-10-02 07:05:26,910 [WARNING] run_once: Circuit breaker already tripped: 3 consecutive losing paper trades
2026-10-02 07:10:33,540 [WARNING] run_once: Circuit breaker already tripped: 3 consecutive losing paper trades
2026-10-02 07:15:31,313 [WARNING] run_once: Circuit breaker already tripped: 3 consecutive losing paper trades
2026-10-02 07:20:26,870 [WARNING] run_once: Circuit breaker already tripped: 3 consecutive losing paper trades
2026-10-02 07:25:23,667 [WARNING] run_once: Circuit breaker already tripped: 3 consecutive losing paper trades
2026-10-02 07:30:33,805 [WARNING] run_once: Circuit breaker already tripped: 3 consecutive losing paper trades
2026-10-02 07:35:24,154 [WARNING] run_once: Circuit breaker already tripped: 3 consecutive losing paper trades
2026-10-02 07:40:32,051 [WARNING] run_once: Circuit breaker already tripped: 3 consecutive losing paper trades
2026-10-02 07:45:26,128 [WARNING] run_once: Circuit breaker already tripped: 3 consecutive losing paper trades
2026-10-02 07:50:32,997 [WARNING] run_once: Circuit breaker already tripped: 3 consecutive losing paper trades
2026-10-02 07:55:26,675 [WARNING] run_once: Circuit breaker already tripped: 3 consecutive losing paper trades
2026-10-02 08:00:35,576 [WARNING] run_once: Circuit breaker already tripped: 3 consecutive losing paper trades
2026-10-02 08:05:25,900 [WARNING] run_once: Circuit breaker already tripped: 3 consecutive losing paper trades
2026-10-02 08:10:35,012 [WARNING] run_once: Circuit breaker already tripped: 3 consecutive losing paper trades
2026-10-02 08:15:33,392 [WARNING] run_once: Circuit breaker already tripped: 3 consecutive losing paper trades
2026-10-02 08:20:30,101 [WARNING] run_once: Circuit breaker already tripped: 3 consecutive losing paper trades
2026-10-02 08:25:31,685 [WARNING] run_once: Circuit breaker already tripped: 3 consecutive losing paper trades
2026-10-02 08:31:07,902 [WARNING] run_once: Circuit breaker already tripped: 3 consecutive losing paper trades
2026-10-02 08:35:25,527 [WARNING] run_once: Circuit breaker already tripped: 3 consecutive losing paper trades
2026-10-02 08:40:31,714 [WARNING] run_once: Circuit breaker already tripped: 3 consecutive losing paper trades
2026-10-02 08:45:31,924 [WARNING] run_once: Circuit breaker already tripped: 3 consecutive losing paper trades
2026-10-02 08:50:32,587 [WARNING] run_once: Circuit breaker already tripped: 3 consecutive losing paper trades
2026-10-02 08:55:26,312 [WARNING] run_once: Circuit breaker already tripped: 3 consecutive losing paper trades
2026-10-02 09:00:33,659 [WARNING] run_once: Circuit breaker already tripped: 3 consecutive losing paper trades
2026-10-02 09:05:28,723 [WARNING] run_once: Circuit breaker already tripped: 3 consecutive losing paper trades
2026-10-02 09:10:29,446 [WARNING] run_once: Circuit breaker already tripped: 3 consecutive losing paper trades
2026-10-02 09:15:30,000 [WARNING] run_once: Circuit breaker already tripped: 3 consecutive losing paper trades
2026-10-02 09:20:31,121 [WARNING] run_once: Circuit breaker already tripped: 3 consecutive losing paper trades
2026-10-02 09:25:30,049 [WARNING] run_once: Circuit breaker already tripped: 3 consecutive losing paper trades
2026-10-02 09:30:41,782 [WARNING] run_once: Circuit breaker already tripped: 3 consecutive losing paper trades
2026-10-02 09:35:30,762 [WARNING] run_once: Circuit breaker already tripped: 3 consecutive losing paper trades
2026-10-02 09:40:27,564 [WARNING] run_once: Circuit breaker already tripped: 3 consecutive losing paper trades
2026-10-02 09:45:29,789 [WARNING] run_once: Circuit breaker already tripped: 3 consecutive losing paper trades
2026-10-02 09:50:30,575 [WARNING] run_once: Circuit breaker already tripped: 3 consecutive losing paper trades
2026-10-02 09:55:26,875 [WARNING] run_once: Circuit breaker already tripped: 3 consecutive losing paper trades
2026-10-02 10:00:33,876 [WARNING] run_once: Circuit breaker already tripped: 3 consecutive losing paper trades
2026-10-02 10:05:28,287 [WARNING] run_once: Circuit breaker already tripped: 3 consecutive losing paper trades
2026-10-02 10:10:35,683 [WARNING] run_once: Circuit breaker already tripped: 3 consecutive losing paper trades
2026-10-02 10:15:30,708 [WARNING] run_once: Circuit breaker already tripped: 3 consecutive losing paper trades
2026-10-02 10:20:29,243 [WARNING] run_once: Circuit breaker already tripped: 3 consecutive losing paper trades
2026-10-02 10:25:21,050 [WARNING] run_once: Circuit breaker already tripped: 3 consecutive losing paper trades
2026-10-02 10:30:24,762 [WARNING] run_once: Circuit breaker already tripped: 3 consecutive losing paper trades
2026-10-02 10:35:42,934 [WARNING] run_once: Circuit breaker already tripped: 3 consecutive losing paper trades
2026-10-02 10:40:29,377 [WARNING] run_once: Circuit breaker already tripped: 3 consecutive losing paper trades
2026-10-02 10:45:27,800 [WARNING] run_once: Circuit breaker already tripped: 3 consecutive losing paper trades
2026-10-02 10:50:31,357 [WARNING] run_once: Circuit breaker already tripped: 3 consecutive losing paper trades
2026-10-02 10:55:27,826 [WARNING] run_once: Circuit breaker already tripped: 3 consecutive losing paper trades
2026-10-02 11:00:34,137 [WARNING] run_once: Circuit breaker already tripped: 3 consecutive losing paper trades
2026-10-02 11:05:29,942 [WARNING] run_once: Circuit breaker already tripped: 3 consecutive losing paper trades
2026-10-02 11:10:31,052 [WARNING] run_once: Circuit breaker already tripped: 3 consecutive losing paper trades
2026-10-02 11:15:28,935 [WARNING] run_once: Circuit breaker already tripped: 3 consecutive losing paper trades
2026-10-02 11:20:26,268 [WARNING] run_once: Circuit breaker already tripped: 3 consecutive losing paper trades
2026-10-02 11:25:35,472 [WARNING] run_once: Circuit breaker already tripped: 3 consecutive losing paper trades
2026-10-02 11:30:32,087 [WARNING] run_once: Circuit breaker already tripped: 3 consecutive losing paper trades
2026-10-02 11:35:28,845 [WARNING] run_once: Circuit breaker already tripped: 3 consecutive losing paper trades
2026-10-02 11:40:30,616 [WARNING] run_once: Circuit breaker already tripped: 3 consecutive losing paper trades
2026-10-02 11:45:31,701 [WARNING] run_once: Circuit breaker already tripped: 3 consecutive losing paper trades
2026-10-02 11:50:27,923 [WARNING] run_once: Circuit breaker already tripped: 3 consecutive losing paper trades
2026-10-02 11:55:28,489 [WARNING] run_once: Circuit breaker already tripped: 3 consecutive losing paper trades
2026-10-02 12:00:26,715 [WARNING] run_once: Circuit breaker already tripped: 3 consecutive losing paper trades
2026-10-02 12:05:31,043 [WARNING] run_once: Circuit breaker already tripped: 3 consecutive losing paper trades
2026-10-02 12:10:33,928 [WARNING] run_once: Circuit breaker already tripped: 3 consecutive losing paper trades
2026-10-02 12:15:24,835 [WARNING] run_once: Circuit breaker already tripped: 3 consecutive losing paper trades
2026-10-02 12:20:35,356 [WARNING] run_once: Circuit breaker already tripped: 3 consecutive losing paper trades
2026-10-02 12:25:30,100 [WARNING] run_once: Circuit breaker already tripped: 3 consecutive losing paper trades
2026-10-02 12:30:31,236 [WARNING] run_once: Circuit breaker already tripped: 3 consecutive losing paper trades
2026-10-02 12:36:07,134 [WARNING] run_once: Circuit breaker already tripped: 3 consecutive losing paper trades
2026-10-02 12:40:27,620 [WARNING] run_once: Circuit breaker already tripped: 3 consecutive losing paper trades
2026-10-02 12:45:28,114 [WARNING] run_once: Circuit breaker already tripped: 3 consecutive losing paper trades
2026-10-02 12:50:31,534 [WARNING] run_once: Circuit breaker already tripped: 3 consecutive losing paper trades
2026-10-02 12:55:30,932 [WARNING] run_once: Circuit breaker already tripped: 3 consecutive losing paper trades
2026-10-02 13:00:30,485 [WARNING] run_once: Circuit breaker already tripped: 3 consecutive losing paper trades
2026-10-02 13:05:28,083 [WARNING] run_once: Circuit breaker already tripped: 3 consecutive losing paper trades
2026-10-02 13:10:32,570 [WARNING] run_once: Circuit breaker already tripped: 3 consecutive losing paper trades
2026-10-02 13:15:33,490 [WARNING] run_once: Circuit breaker already tripped: 3 consecutive losing paper trades
2026-10-02 13:20:30,616 [WARNING] run_once: Circuit breaker already tripped: 3 consecutive losing paper trades
2026-10-02 13:25:29,351 [WARNING] run_once: Circuit breaker already tripped: 3 consecutive losing paper trades
2026-10-02 13:30:34,336 [WARNING] run_once: Circuit breaker already tripped: 3 consecutive losing paper trades
2026-10-02 13:35:23,802 [WARNING] run_once: Circuit breaker already tripped: 3 consecutive losing paper trades
2026-10-02 13:40:30,812 [WARNING] run_once: Circuit breaker already tripped: 3 consecutive losing paper trades
2026-10-02 13:45:25,705 [WARNING] run_once: Circuit breaker already tripped: 3 consecutive losing paper trades
2026-10-02 13:50:33,257 [WARNING] run_once: Circuit breaker already tripped: 3 consecutive losing paper trades
2026-10-02 13:55:28,687 [WARNING] run_once: Circuit breaker already tripped: 3 consecutive losing paper trades
2026-10-02 14:00:36,233 [WARNING] run_once: Circuit breaker already tripped: 3 consecutive losing paper trades
2026-10-02 14:05:28,036 [WARNING] run_once: Circuit breaker already tripped: 3 consecutive losing paper trades
2026-10-02 14:10:35,241 [WARNING] run_once: Circuit breaker already tripped: 3 consecutive losing paper trades
2026-10-02 14:15:27,284 [WARNING] run_once: Circuit breaker already tripped: 3 consecutive losing paper trades
2026-10-02 14:20:28,811 [WARNING] run_once: Circuit breaker already tripped: 3 consecutive losing paper trades
2026-10-02 14:25:24,246 [WARNING] run_once: Circuit breaker already tripped: 3 consecutive losing paper trades
2026-10-02 14:30:32,775 [WARNING] run_once: Circuit breaker already tripped: 3 consecutive losing paper trades
2026-10-02 14:35:28,687 [WARNING] run_once: Circuit breaker already tripped: 3 consecutive losing paper trades
2026-10-02 14:40:39,109 [WARNING] run_once: Circuit breaker already tripped: 3 consecutive losing paper trades
2026-10-02 14:48:32,796 [WARNING] run_once: Circuit breaker already tripped: 3 consecutive losing paper trades
2026-10-02 14:53:07,774 [WARNING] run_once: Circuit breaker already tripped: 3 consecutive losing paper trades
2026-10-02 14:55:30,801 [WARNING] run_once: Circuit breaker already tripped: 3 consecutive losing paper trades
2026-10-02 15:00:31,037 [WARNING] run_once: Circuit breaker already tripped: 3 consecutive losing paper trades
2026-10-02 15:05:29,841 [WARNING] run_once: Circuit breaker already tripped: 3 consecutive losing paper trades
2026-10-02 15:10:34,844 [WARNING] run_once: Circuit breaker already tripped: 3 consecutive losing paper trades
2026-10-02 15:15:31,800 [WARNING] run_once: Circuit breaker already tripped: 3 consecutive losing paper trades
2026-10-02 15:20:28,826 [WARNING] run_once: Circuit breaker already tripped: 3 consecutive losing paper trades
2026-10-02 15:25:32,881 [WARNING] run_once: Circuit breaker already tripped: 3 consecutive losing paper trades
2026-10-02 15:30:34,972 [WARNING] run_once: Circuit breaker already tripped: 3 consecutive losing paper trades
2026-10-02 15:35:22,944 [WARNING] run_once: Circuit breaker already tripped: 3 consecutive losing paper trades
2026-10-02 15:40:32,749 [WARNING] run_once: Circuit breaker already tripped: 3 consecutive losing paper trades
2026-10-02 15:45:33,525 [WARNING] run_once: Circuit breaker already tripped: 3 consecutive losing paper trades
2026-10-02 15:50:32,099 [WARNING] run_once: Circuit breaker already tripped: 3 consecutive losing paper trades
2026-10-02 15:55:26,594 [WARNING] run_once: Circuit breaker already tripped: 3 consecutive losing paper trades
2026-10-02 16:00:33,169 [WARNING] run_once: Circuit breaker already tripped: 3 consecutive losing paper trades
2026-10-02 16:05:29,487 [WARNING] run_once: Circuit breaker already tripped: 3 consecutive losing paper trades
2026-10-02 16:10:31,341 [WARNING] run_once: Circuit breaker already tripped: 3 consecutive losing paper trades
2026-10-02 16:15:30,185 [WARNING] run_once: Circuit breaker already tripped: 3 consecutive losing paper trades
2026-10-02 16:21:10,174 [WARNING] run_once: Circuit breaker already tripped: 3 consecutive losing paper trades
2026-10-02 16:25:27,449 [WARNING] run_once: Circuit breaker already tripped: 3 consecutive losing paper trades
2026-10-02 16:30:29,254 [WARNING] run_once: Circuit breaker already tripped: 3 consecutive losing paper trades
2026-10-02 16:35:26,902 [WARNING] run_once: Circuit breaker already tripped: 3 consecutive losing paper trades
2026-10-02 16:40:34,469 [WARNING] run_once: Circuit breaker already tripped: 3 consecutive losing paper trades
2026-10-02 16:45:29,370 [WARNING] run_once: Circuit breaker already tripped: 3 consecutive losing paper trades
2026-10-02 16:50:31,426 [WARNING] run_once: Circuit breaker already tripped: 3 consecutive losing paper trades
2026-10-02 16:55:29,990 [WARNING] run_once: Circuit breaker already tripped: 3 consecutive losing paper trades
2026-10-02 17:00:32,177 [WARNING] run_once: Circuit breaker already tripped: 3 consecutive losing paper trades
2026-10-02 17:05:30,892 [WARNING] run_once: Circuit breaker already tripped: 3 consecutive losing paper trades
2026-10-02 17:11:08,702 [WARNING] run_once: Circuit breaker already tripped: 3 consecutive losing paper trades
2026-10-02 17:15:31,905 [WARNING] run_once: Circuit breaker already tripped: 3 consecutive losing paper trades
2026-10-02 17:20:29,013 [WARNING] run_once: Circuit breaker already tripped: 3 consecutive losing paper trades
2026-10-02 17:25:30,332 [WARNING] run_once: Circuit breaker already tripped: 3 consecutive losing paper trades
2026-10-02 17:30:36,202 [WARNING] run_once: Circuit breaker already tripped: 3 consecutive losing paper trades
2026-10-02 17:35:28,612 [WARNING] run_once: Circuit breaker already tripped: 3 consecutive losing paper trades
2026-10-02 17:40:31,799 [WARNING] run_once: Circuit breaker already tripped: 3 consecutive losing paper trades
2026-10-02 17:45:32,165 [WARNING] run_once: Circuit breaker already tripped: 3 consecutive losing paper trades
2026-10-02 17:50:33,708 [WARNING] run_once: Circuit breaker already tripped: 3 consecutive losing paper trades
2026-10-02 17:55:25,784 [WARNING] run_once: Circuit breaker already tripped: 3 consecutive losing paper trades
2026-10-02 18:00:34,280 [WARNING] run_once: Circuit breaker already tripped: 3 consecutive losing paper trades
2026-10-02 18:05:26,541 [WARNING] run_once: Circuit breaker already tripped: 3 consecutive losing paper trades
2026-10-02 18:10:35,649 [WARNING] run_once: Circuit breaker already tripped: 3 consecutive losing paper trades
2026-10-02 18:15:29,959 [WARNING] run_once: Circuit breaker already tripped: 3 consecutive losing paper trades
2026-10-02 18:20:31,708 [WARNING] run_once: Circuit breaker already tripped: 3 consecutive losing paper trades
2026-10-02 18:25:29,871 [WARNING] run_once: Circuit breaker already tripped: 3 consecutive losing paper trades
2026-10-02 18:30:30,784 [WARNING] run_once: Circuit breaker already tripped: 3 consecutive losing paper trades
2026-10-02 18:35:28,311 [WARNING] run_once: Circuit breaker already tripped: 3 consecutive losing paper trades
2026-10-02 18:40:30,539 [WARNING] run_once: Circuit breaker already tripped: 3 consecutive losing paper trades
2026-10-02 18:45:28,561 [WARNING] run_once: Circuit breaker already tripped: 3 consecutive losing paper trades
2026-10-02 18:50:30,575 [WARNING] run_once: Circuit breaker already tripped: 3 consecutive losing paper trades
2026-10-02 18:55:27,510 [WARNING] run_once: Circuit breaker already tripped: 3 consecutive losing paper trades
2026-10-02 19:00:36,267 [WARNING] run_once: Circuit breaker already tripped: 3 consecutive losing paper trades
2026-10-02 19:05:29,443 [WARNING] run_once: Circuit breaker already tripped: 3 consecutive losing paper trades
2026-10-02 19:10:31,576 [WARNING] run_once: Circuit breaker already tripped: 3 consecutive losing paper trades
2026-10-02 19:15:29,710 [WARNING] run_once: Circuit breaker already tripped: 3 consecutive losing paper trades
2026-10-02 19:20:34,517 [WARNING] run_once: Circuit breaker already tripped: 3 consecutive losing paper trades
2026-10-02 19:25:27,172 [WARNING] run_once: Circuit breaker already tripped: 3 consecutive losing paper trades
2026-10-02 19:30:34,964 [WARNING] run_once: Circuit breaker already tripped: 3 consecutive losing paper trades
2026-10-02 19:35:29,007 [WARNING] run_once: Circuit breaker already tripped: 3 consecutive losing paper trades
2026-10-02 19:40:32,403 [WARNING] run_once: Circuit breaker already tripped: 3 consecutive losing paper trades
2026-10-02 19:45:24,892 [WARNING] run_once: Circuit breaker already tripped: 3 consecutive losing paper trades
2026-10-02 19:50:31,241 [WARNING] run_once: Circuit breaker already tripped: 3 consecutive losing paper trades
2026-10-02 19:56:04,288 [WARNING] run_once: Circuit breaker already tripped: 3 consecutive losing paper trades
2026-10-02 20:00:40,569 [WARNING] run_once: Circuit breaker already tripped: 3 consecutive losing paper trades
2026-10-02 20:05:27,449 [WARNING] run_once: Circuit breaker already tripped: 3 consecutive losing paper trades
2026-10-02 20:10:28,837 [WARNING] run_once: Circuit breaker already tripped: 3 consecutive losing paper trades
2026-10-02 20:15:25,794 [WARNING] run_once: Circuit breaker already tripped: 3 consecutive losing paper trades
2026-10-02 20:20:31,630 [WARNING] run_once: Circuit breaker already tripped: 3 consecutive losing paper trades
2026-10-02 20:25:27,999 [WARNING] run_once: Circuit breaker already tripped: 3 consecutive losing paper trades
2026-10-02 20:30:33,185 [WARNING] run_once: Circuit breaker already tripped: 3 consecutive losing paper trades
2026-10-02 20:35:27,250 [WARNING] run_once: Circuit breaker already tripped: 3 consecutive losing paper trades
2026-10-02 20:40:31,347 [WARNING] run_once: Circuit breaker already tripped: 3 consecutive losing paper trades
2026-10-02 20:45:29,420 [WARNING] run_once: Circuit breaker already tripped: 3 consecutive losing paper trades
2026-10-02 20:50:35,175 [WARNING] run_once: Circuit breaker already tripped: 3 consecutive losing paper trades
2026-10-02 20:55:26,013 [WARNING] run_once: Circuit breaker already tripped: 3 consecutive losing paper trades
2026-10-02 21:00:36,467 [WARNING] run_once: Circuit breaker already tripped: 3 consecutive losing paper trades
2026-10-02 21:05:26,126 [WARNING] run_once: Circuit breaker already tripped: 3 consecutive losing paper trades
2026-10-02 21:10:31,610 [WARNING] run_once: Circuit breaker already tripped: 3 consecutive losing paper trades
2026-10-02 21:15:30,716 [WARNING] run_once: Circuit breaker already tripped: 3 consecutive losing paper trades
2026-10-02 21:20:33,381 [WARNING] run_once: Circuit breaker already tripped: 3 consecutive losing paper trades
2026-10-02 21:25:35,624 [WARNING] run_once: Circuit breaker already tripped: 3 consecutive losing paper trades
2026-10-02 21:30:27,480 [WARNING] run_once: Circuit breaker already tripped: 3 consecutive losing paper trades
2026-10-02 21:35:28,784 [WARNING] run_once: Circuit breaker already tripped: 3 consecutive losing paper trades
2026-10-02 21:40:27,341 [WARNING] run_once: Circuit breaker already tripped: 3 consecutive losing paper trades
2026-10-02 21:45:30,620 [WARNING] run_once: Circuit breaker already tripped: 3 consecutive losing paper trades
2026-10-02 21:50:27,014 [WARNING] run_once: Circuit breaker already tripped: 3 consecutive losing paper trades
2026-10-02 21:55:28,358 [WARNING] run_once: Circuit breaker already tripped: 3 consecutive losing paper trades
2026-10-02 22:00:35,593 [WARNING] run_once: Circuit breaker already tripped: 3 consecutive losing paper trades
2026-10-02 22:05:28,901 [WARNING] run_once: Circuit breaker already tripped: 3 consecutive losing paper trades
2026-10-02 22:10:30,447 [WARNING] run_once: Circuit breaker already tripped: 3 consecutive losing paper trades
2026-10-02 22:16:04,283 [WARNING] run_once: Circuit breaker already tripped: 3 consecutive losing paper trades
2026-10-02 22:20:29,991 [WARNING] run_once: Circuit breaker already tripped: 3 consecutive losing paper trades
2026-10-02 22:25:28,309 [WARNING] run_once: Circuit breaker already tripped: 3 consecutive losing paper trades
2026-10-02 22:30:30,943 [WARNING] run_once: Circuit breaker already tripped: 3 consecutive losing paper trades
2026-10-02 22:36:03,709 [WARNING] run_once: Circuit breaker already tripped: 3 consecutive losing paper trades
2026-10-02 22:40:32,593 [WARNING] run_once: Circuit breaker already tripped: 3 consecutive losing paper trades
2026-10-02 22:45:31,892 [WARNING] run_once: Circuit breaker already tripped: 3 consecutive losing paper trades
2026-10-02 22:50:29,517 [WARNING] run_once: Circuit breaker already tripped: 3 consecutive losing paper trades
2026-10-02 22:55:26,307 [WARNING] run_once: Circuit breaker already tripped: 3 consecutive losing paper trades
2026-10-02 23:00:31,240 [WARNING] run_once: Circuit breaker already tripped: 3 consecutive losing paper trades
2026-10-02 23:05:22,599 [WARNING] run_once: Circuit breaker already tripped: 3 consecutive losing paper trades
2026-10-02 23:10:31,859 [WARNING] run_once: Circuit breaker already tripped: 3 consecutive losing paper trades
2026-10-02 23:15:31,571 [WARNING] run_once: Circuit breaker already tripped: 3 consecutive losing paper trades
2026-10-02 23:20:24,897 [WARNING] run_once: Circuit breaker already tripped: 3 consecutive losing paper trades
2026-10-02 23:25:27,762 [WARNING] run_once: Circuit breaker already tripped: 3 consecutive losing paper trades
2026-10-02 23:30:30,262 [WARNING] run_once: Circuit breaker already tripped: 3 consecutive losing paper trades
2026-10-02 23:35:27,912 [WARNING] run_once: Circuit breaker already tripped: 3 consecutive losing paper trades
2026-10-02 23:40:27,260 [WARNING] run_once: Circuit breaker already tripped: 3 consecutive losing paper trades
2026-10-02 23:45:30,098 [WARNING] run_once: Circuit breaker already tripped: 3 consecutive losing paper trades
2026-10-02 23:50:33,158 [WARNING] run_once: Circuit breaker already tripped: 3 consecutive losing paper trades
2026-10-02 23:55:29,859 [WARNING] run_once: Circuit breaker already tripped: 3 consecutive losing paper trades
2026-10-03 00:00:34,363 [WARNING] run_once: Circuit breaker already tripped: 3 consecutive losing paper trades
2026-10-03 00:05:29,337 [WARNING] run_once: Circuit breaker already tripped: 3 consecutive losing paper trades
2026-10-03 00:10:29,213 [WARNING] run_once: Circuit breaker already tripped: 3 consecutive losing paper trades
2026-10-03 00:16:05,392 [WARNING] run_once: Circuit breaker already tripped: 3 consecutive losing paper trades
2026-10-03 00:20:31,495 [WARNING] run_once: Circuit breaker already tripped: 3 consecutive losing paper trades
2026-10-03 00:25:26,736 [WARNING] run_once: Circuit breaker already tripped: 3 consecutive losing paper trades
2026-10-03 00:30:33,268 [WARNING] run_once: Circuit breaker already tripped: 3 consecutive losing paper trades
2026-10-03 00:35:27,541 [WARNING] run_once: Circuit breaker already tripped: 3 consecutive losing paper trades
2026-10-03 00:40:30,653 [WARNING] run_once: Circuit breaker already tripped: 3 consecutive losing paper trades
2026-10-03 00:45:33,179 [WARNING] run_once: Circuit breaker already tripped: 3 consecutive losing paper trades
2026-10-03 00:50:29,155 [WARNING] run_once: Circuit breaker already tripped: 3 consecutive losing paper trades
2026-10-03 00:55:22,460 [WARNING] run_once: Circuit breaker already tripped: 3 consecutive losing paper trades
2026-10-03 01:00:33,353 [WARNING] run_once: Circuit breaker already tripped: 3 consecutive losing paper trades
2026-10-03 01:05:21,680 [WARNING] run_once: Circuit breaker already tripped: 3 consecutive losing paper trades
2026-10-03 01:10:28,106 [WARNING] run_once: Circuit breaker already tripped: 3 consecutive losing paper trades
2026-10-03 01:16:08,427 [WARNING] run_once: Circuit breaker already tripped: 3 consecutive losing paper trades
2026-10-03 01:20:28,588 [WARNING] run_once: Circuit breaker already tripped: 3 consecutive losing paper trades
2026-10-03 01:25:29,622 [WARNING] run_once: Circuit breaker already tripped: 3 consecutive losing paper trades
2026-10-03 01:30:34,835 [WARNING] run_once: Circuit breaker already tripped: 3 consecutive losing paper trades
2026-10-03 01:35:27,253 [WARNING] run_once: Circuit breaker already tripped: 3 consecutive losing paper trades
2026-10-03 01:40:29,213 [WARNING] run_once: Circuit breaker already tripped: 3 consecutive losing paper trades
2026-10-03 01:45:29,479 [WARNING] run_once: Circuit breaker already tripped: 3 consecutive losing paper trades
2026-10-03 01:50:32,332 [WARNING] run_once: Circuit breaker already tripped: 3 consecutive losing paper trades
2026-10-03 01:55:30,639 [WARNING] run_once: Circuit breaker already tripped: 3 consecutive losing paper trades
2026-10-03 02:00:32,440 [WARNING] run_once: Circuit breaker already tripped: 3 consecutive losing paper trades
2026-10-03 02:05:23,255 [WARNING] run_once: Circuit breaker already tripped: 3 consecutive losing paper trades
2026-10-03 02:10:31,309 [WARNING] run_once: Circuit breaker already tripped: 3 consecutive losing paper trades
2026-10-03 02:15:30,490 [WARNING] run_once: Circuit breaker already tripped: 3 consecutive losing paper trades
2026-10-03 02:20:25,900 [WARNING] run_once: Circuit breaker already tripped: 3 consecutive losing paper trades
2026-10-03 02:25:30,489 [WARNING] run_once: Circuit breaker already tripped: 3 consecutive losing paper trades
2026-10-03 02:30:33,115 [WARNING] run_once: Circuit breaker already tripped: 3 consecutive losing paper trades
2026-10-03 02:35:23,296 [WARNING] run_once: Circuit breaker already tripped: 3 consecutive losing paper trades
2026-10-03 02:40:30,052 [WARNING] run_once: Circuit breaker already tripped: 3 consecutive losing paper trades
2026-10-03 02:45:35,485 [WARNING] run_once: Circuit breaker already tripped: 3 consecutive losing paper trades
2026-10-03 02:50:26,687 [WARNING] run_once: Circuit breaker already tripped: 3 consecutive losing paper trades
2026-10-03 02:55:26,517 [WARNING] run_once: Circuit breaker already tripped: 3 consecutive losing paper trades
2026-10-03 03:00:30,184 [WARNING] run_once: Circuit breaker already tripped: 3 consecutive losing paper trades
2026-10-03 03:05:26,073 [WARNING] run_once: Circuit breaker already tripped: 3 consecutive losing paper trades
2026-10-03 03:10:31,504 [WARNING] run_once: Circuit breaker already tripped: 3 consecutive losing paper trades
2026-10-03 03:15:31,237 [WARNING] run_once: Circuit breaker already tripped: 3 consecutive losing paper trades
2026-10-03 03:20:33,376 [WARNING] run_once: Circuit breaker already tripped: 3 consecutive losing paper trades
2026-10-03 03:25:27,099 [WARNING] run_once: Circuit breaker already tripped: 3 consecutive losing paper trades
2026-10-03 03:30:31,723 [WARNING] run_once: Circuit breaker already tripped: 3 consecutive losing paper trades
2026-10-03 03:35:29,912 [WARNING] run_once: Circuit breaker already tripped: 3 consecutive losing paper trades
2026-10-03 03:40:29,921 [WARNING] run_once: Circuit breaker already tripped: 3 consecutive losing paper trades
2026-10-03 03:45:26,285 [WARNING] run_once: Circuit breaker already tripped: 3 consecutive losing paper trades
2026-10-03 03:50:28,604 [WARNING] run_once: Circuit breaker already tripped: 3 consecutive losing paper trades
2026-10-03 03:55:29,868 [WARNING] run_once: Circuit breaker already tripped: 3 consecutive losing paper trades
2026-10-03 04:00:29,757 [WARNING] run_once: Circuit breaker already tripped: 3 consecutive losing paper trades
2026-10-03 04:05:27,149 [WARNING] run_once: Circuit breaker already tripped: 3 consecutive losing paper trades
2026-10-03 04:10:33,219 [WARNING] run_once: Circuit breaker already tripped: 3 consecutive losing paper trades
2026-10-03 04:15:28,232 [WARNING] run_once: Circuit breaker already tripped: 3 consecutive losing paper trades
2026-10-03 04:20:29,280 [WARNING] run_once: Circuit breaker already tripped: 3 consecutive losing paper trades
2026-10-03 04:25:27,819 [WARNING] run_once: Circuit breaker already tripped: 3 consecutive losing paper trades
2026-10-03 04:30:34,885 [WARNING] run_once: Circuit breaker already tripped: 3 consecutive losing paper trades
2026-10-03 04:35:27,052 [WARNING] run_once: Circuit breaker already tripped: 3 consecutive losing paper trades
2026-10-03 04:40:36,105 [WARNING] run_once: Circuit breaker already tripped: 3 consecutive losing paper trades
2026-10-03 04:45:29,088 [WARNING] run_once: Circuit breaker already tripped: 3 consecutive losing paper trades
2026-10-03 04:50:29,362 [WARNING] run_once: Circuit breaker already tripped: 3 consecutive losing paper trades
2026-10-03 04:55:27,099 [WARNING] run_once: Circuit breaker already tripped: 3 consecutive losing paper trades
2026-10-03 05:00:33,936 [WARNING] run_once: Circuit breaker already tripped: 3 consecutive losing paper trades
2026-10-03 05:05:26,873 [WARNING] run_once: Circuit breaker already tripped: 3 consecutive losing paper trades
2026-10-03 05:10:35,491 [WARNING] run_once: Circuit breaker already tripped: 3 consecutive losing paper trades
2026-10-03 05:15:24,538 [WARNING] run_once: Circuit breaker already tripped: 3 consecutive losing paper trades
2026-10-03 05:20:31,744 [WARNING] run_once: Circuit breaker already tripped: 3 consecutive losing paper trades
2026-10-03 05:25:25,044 [WARNING] run_once: Circuit breaker already tripped: 3 consecutive losing paper trades
2026-10-03 05:30:32,134 [WARNING] run_once: Circuit breaker already tripped: 3 consecutive losing paper trades
2026-10-03 05:35:27,829 [WARNING] run_once: Circuit breaker already tripped: 3 consecutive losing paper trades
2026-10-03 05:40:29,921 [WARNING] run_once: Circuit breaker already tripped: 3 consecutive losing paper trades
2026-10-03 05:45:29,037 [WARNING] run_once: Circuit breaker already tripped: 3 consecutive losing paper trades
2026-10-03 05:50:29,754 [WARNING] run_once: Circuit breaker already tripped: 3 consecutive losing paper trades
2026-10-03 05:55:28,787 [WARNING] run_once: Circuit breaker already tripped: 3 consecutive losing paper trades
2026-10-03 06:00:36,195 [WARNING] run_once: Circuit breaker already tripped: 3 consecutive losing paper trades
2026-10-03 06:05:25,650 [WARNING] run_once: Circuit breaker already tripped: 3 consecutive losing paper trades
2026-10-03 06:10:30,870 [WARNING] run_once: Circuit breaker already tripped: 3 consecutive losing paper trades
2026-10-03 06:15:31,048 [WARNING] run_once: Circuit breaker already tripped: 3 consecutive losing paper trades
2026-10-03 06:20:30,691 [WARNING] run_once: Circuit breaker already tripped: 3 consecutive losing paper trades
2026-10-03 06:25:23,609 [WARNING] run_once: Circuit breaker already tripped: 3 consecutive losing paper trades
2026-10-03 06:30:29,992 [WARNING] run_once: Circuit breaker already tripped: 3 consecutive losing paper trades
2026-10-03 06:35:28,393 [WARNING] run_once: Circuit breaker already tripped: 3 consecutive losing paper trades
2026-10-03 06:40:29,556 [WARNING] run_once: Circuit breaker already tripped: 3 consecutive losing paper trades
2026-10-03 06:45:31,019 [WARNING] run_once: Circuit breaker already tripped: 3 consecutive losing paper trades
2026-10-03 06:50:29,156 [WARNING] run_once: Circuit breaker already tripped: 3 consecutive losing paper trades
2026-10-03 06:55:26,722 [WARNING] run_once: Circuit breaker already tripped: 3 consecutive losing paper trades
2026-10-03 07:00:35,198 [WARNING] run_once: Circuit breaker already tripped: 3 consecutive losing paper trades
2026-10-03 07:05:29,787 [WARNING] run_once: Circuit breaker already tripped: 3 consecutive losing paper trades
2026-10-03 07:10:34,359 [WARNING] run_once: Circuit breaker already tripped: 3 consecutive losing paper trades
2026-10-03 07:15:26,006 [WARNING] run_once: Circuit breaker already tripped: 3 consecutive losing paper trades
2026-10-03 07:20:31,599 [WARNING] run_once: Circuit breaker already tripped: 3 consecutive losing paper trades
2026-10-03 07:25:32,267 [WARNING] run_once: Circuit breaker already tripped: 3 consecutive losing paper trades
2026-10-03 07:30:34,126 [WARNING] run_once: Circuit breaker already tripped: 3 consecutive losing paper trades
2026-10-03 07:35:32,976 [WARNING] run_once: Circuit breaker already tripped: 3 consecutive losing paper trades
2026-10-03 07:40:29,206 [WARNING] run_once: Circuit breaker already tripped: 3 consecutive losing paper trades
2026-10-03 07:45:29,285 [WARNING] run_once: Circuit breaker already tripped: 3 consecutive losing paper trades
2026-10-03 07:50:28,933 [WARNING] run_once: Circuit breaker already tripped: 3 consecutive losing paper trades
2026-10-03 07:55:20,745 [WARNING] run_once: Circuit breaker already tripped: 3 consecutive losing paper trades
2026-10-03 08:00:29,086 [WARNING] run_once: Circuit breaker already tripped: 3 consecutive losing paper trades
2026-10-03 08:05:31,374 [WARNING] run_once: Circuit breaker already tripped: 3 consecutive losing paper trades
2026-10-03 08:10:23,649 [WARNING] run_once: Circuit breaker already tripped: 3 consecutive losing paper trades
2026-10-03 08:15:34,819 [WARNING] run_once: Circuit breaker already tripped: 3 consecutive losing paper trades
2026-10-03 08:21:05,910 [WARNING] run_once: Circuit breaker already tripped: 3 consecutive losing paper trades
2026-10-03 08:25:27,464 [WARNING] run_once: Circuit breaker already tripped: 3 consecutive losing paper trades
2026-10-03 08:30:32,446 [WARNING] run_once: Circuit breaker already tripped: 3 consecutive losing paper trades
2026-10-03 08:35:35,362 [WARNING] run_once: Circuit breaker already tripped: 3 consecutive losing paper trades
2026-10-03 08:40:30,280 [WARNING] run_once: Circuit breaker already tripped: 3 consecutive losing paper trades
2026-10-03 08:45:29,418 [WARNING] run_once: Circuit breaker already tripped: 3 consecutive losing paper trades
2026-10-03 08:50:30,267 [WARNING] run_once: Circuit breaker already tripped: 3 consecutive losing paper trades
2026-10-03 08:55:27,218 [WARNING] run_once: Circuit breaker already tripped: 3 consecutive losing paper trades
2026-10-03 09:00:32,611 [WARNING] run_once: Circuit breaker already tripped: 3 consecutive losing paper trades
2026-10-03 09:05:28,324 [WARNING] run_once: Circuit breaker already tripped: 3 consecutive losing paper trades
2026-10-03 09:10:30,511 [WARNING] run_once: Circuit breaker already tripped: 3 consecutive losing paper trades
2026-10-03 09:15:29,480 [WARNING] run_once: Circuit breaker already tripped: 3 consecutive losing paper trades
2026-10-03 09:20:30,287 [WARNING] run_once: Circuit breaker already tripped: 3 consecutive losing paper trades
2026-10-03 09:25:26,462 [WARNING] run_once: Circuit breaker already tripped: 3 consecutive losing paper trades
2026-10-03 09:30:33,367 [WARNING] run_once: Circuit breaker already tripped: 3 consecutive losing paper trades
2026-10-03 09:35:26,890 [WARNING] run_once: Circuit breaker already tripped: 3 consecutive losing paper trades
2026-10-03 09:40:23,770 [WARNING] run_once: Circuit breaker already tripped: 3 consecutive losing paper trades
2026-10-03 09:45:30,056 [WARNING] run_once: Circuit breaker already tripped: 3 consecutive losing paper trades
2026-10-03 09:50:30,509 [WARNING] run_once: Circuit breaker already tripped: 3 consecutive losing paper trades
2026-10-03 09:55:26,684 [WARNING] run_once: Circuit breaker already tripped: 3 consecutive losing paper trades
2026-10-03 10:00:33,204 [WARNING] run_once: Circuit breaker already tripped: 3 consecutive losing paper trades
2026-10-03 10:05:28,814 [WARNING] run_once: Circuit breaker already tripped: 3 consecutive losing paper trades
2026-10-03 10:10:36,544 [WARNING] run_once: Circuit breaker already tripped: 3 consecutive losing paper trades
2026-10-03 10:15:31,038 [WARNING] run_once: Circuit breaker already tripped: 3 consecutive losing paper trades
2026-10-03 10:20:34,483 [WARNING] run_once: Circuit breaker already tripped: 3 consecutive losing paper trades
2026-10-03 10:25:24,190 [WARNING] run_once: Circuit breaker already tripped: 3 consecutive losing paper trades
2026-10-03 10:30:32,535 [WARNING] run_once: Circuit breaker already tripped: 3 consecutive losing paper trades
2026-10-03 10:35:30,682 [WARNING] run_once: Circuit breaker already tripped: 3 consecutive losing paper trades
2026-10-03 10:40:27,360 [WARNING] run_once: Circuit breaker already tripped: 3 consecutive losing paper trades
2026-10-03 10:45:31,280 [WARNING] run_once: Circuit breaker already tripped: 3 consecutive losing paper trades
2026-10-03 10:50:25,533 [WARNING] run_once: Circuit breaker already tripped: 3 consecutive losing paper trades
2026-10-03 10:55:31,646 [WARNING] run_once: Circuit breaker already tripped: 3 consecutive losing paper trades
2026-10-03 11:00:34,923 [WARNING] run_once: Circuit breaker already tripped: 3 consecutive losing paper trades
2026-10-03 11:05:27,390 [WARNING] run_once: Circuit breaker already tripped: 3 consecutive losing paper trades
2026-10-03 11:10:29,420 [WARNING] run_once: Circuit breaker already tripped: 3 consecutive losing paper trades
2026-10-03 11:15:30,507 [WARNING] run_once: Circuit breaker already tripped: 3 consecutive losing paper trades
2026-10-03 11:20:30,267 [WARNING] run_once: Circuit breaker already tripped: 3 consecutive losing paper trades
2026-10-03 11:25:27,294 [WARNING] run_once: Circuit breaker already tripped: 3 consecutive losing paper trades
2026-10-03 11:30:31,675 [WARNING] run_once: Circuit breaker already tripped: 3 consecutive losing paper trades
2026-10-03 11:35:26,323 [WARNING] run_once: Circuit breaker already tripped: 3 consecutive losing paper trades
2026-10-03 11:40:41,282 [WARNING] run_once: Circuit breaker already tripped: 3 consecutive losing paper trades
2026-10-03 11:45:31,069 [WARNING] run_once: Circuit breaker already tripped: 3 consecutive losing paper trades
2026-10-03 11:50:32,978 [WARNING] run_once: Circuit breaker already tripped: 3 consecutive losing paper trades
2026-10-03 11:55:27,466 [WARNING] run_once: Circuit breaker already tripped: 3 consecutive losing paper trades
2026-10-03 12:00:32,568 [WARNING] run_once: Circuit breaker already tripped: 3 consecutive losing paper trades
2026-10-03 12:05:27,705 [WARNING] run_once: Circuit breaker already tripped: 3 consecutive losing paper trades
2026-10-03 12:10:31,457 [WARNING] run_once: Circuit breaker already tripped: 3 consecutive losing paper trades
2026-10-03 12:15:28,944 [WARNING] run_once: Circuit breaker already tripped: 3 consecutive losing paper trades
2026-10-03 12:20:36,574 [WARNING] run_once: Circuit breaker already tripped: 3 consecutive losing paper trades
2026-10-03 12:25:27,750 [WARNING] run_once: Circuit breaker already tripped: 3 consecutive losing paper trades
2026-10-03 12:30:33,156 [WARNING] run_once: Circuit breaker already tripped: 3 consecutive losing paper trades
2026-10-03 12:35:27,710 [WARNING] run_once: Circuit breaker already tripped: 3 consecutive losing paper trades
2026-10-03 12:40:27,904 [WARNING] run_once: Circuit breaker already tripped: 3 consecutive losing paper trades
2026-10-03 12:45:31,817 [WARNING] run_once: Circuit breaker already tripped: 3 consecutive losing paper trades
2026-10-03 12:50:32,323 [WARNING] run_once: Circuit breaker already tripped: 3 consecutive losing paper trades
2026-10-03 12:55:29,421 [WARNING] run_once: Circuit breaker already tripped: 3 consecutive losing paper trades
2026-10-03 13:00:34,676 [WARNING] run_once: Circuit breaker already tripped: 3 consecutive losing paper trades
2026-10-03 13:05:29,420 [WARNING] run_once: Circuit breaker already tripped: 3 consecutive losing paper trades
2026-10-03 13:10:26,963 [WARNING] run_once: Circuit breaker already tripped: 3 consecutive losing paper trades
2026-10-03 13:15:38,332 [WARNING] run_once: Circuit breaker already tripped: 3 consecutive losing paper trades
2026-10-03 13:20:32,594 [WARNING] run_once: Circuit breaker already tripped: 3 consecutive losing paper trades
2026-10-03 13:25:23,034 [WARNING] run_once: Circuit breaker already tripped: 3 consecutive losing paper trades
2026-10-03 13:30:30,734 [WARNING] run_once: Circuit breaker already tripped: 3 consecutive losing paper trades
2026-10-03 13:35:28,628 [WARNING] run_once: Circuit breaker already tripped: 3 consecutive losing paper trades
2026-10-03 13:40:29,785 [WARNING] run_once: Circuit breaker already tripped: 3 consecutive losing paper trades
2026-10-03 13:45:22,283 [WARNING] run_once: Circuit breaker already tripped: 3 consecutive losing paper trades
2026-10-03 13:50:25,149 [WARNING] run_once: Circuit breaker already tripped: 3 consecutive losing paper trades
2026-10-03 13:55:26,860 [WARNING] run_once: Circuit breaker already tripped: 3 consecutive losing paper trades
2026-10-03 14:00:28,065 [WARNING] run_once: Circuit breaker already tripped: 3 consecutive losing paper trades
2026-10-03 14:05:29,562 [WARNING] run_once: Circuit breaker already tripped: 3 consecutive losing paper trades
2026-10-03 14:10:32,260 [WARNING] run_once: Circuit breaker already tripped: 3 consecutive losing paper trades
2026-10-03 14:15:32,806 [WARNING] run_once: Circuit breaker already tripped: 3 consecutive losing paper trades
2026-10-03 14:25:06,606 [WARNING] run_once: Circuit breaker already tripped: 3 consecutive losing paper trades
2026-10-03 14:25:59,442 [WARNING] run_once: Circuit breaker already tripped: 3 consecutive losing paper trades
2026-10-03 14:30:32,758 [WARNING] run_once: Circuit breaker already tripped: 3 consecutive losing paper trades
2026-10-03 14:35:26,985 [WARNING] run_once: Circuit breaker already tripped: 3 consecutive losing paper trades
2026-10-03 14:40:30,545 [WARNING] run_once: Circuit breaker already tripped: 3 consecutive losing paper trades
2026-10-03 14:45:28,696 [WARNING] run_once: Circuit breaker already tripped: 3 consecutive losing paper trades
2026-10-03 14:50:36,306 [WARNING] run_once: Circuit breaker already tripped: 3 consecutive losing paper trades
2026-10-03 14:55:32,084 [WARNING] run_once: Circuit breaker already tripped: 3 consecutive losing paper trades
2026-10-03 15:00:32,424 [WARNING] run_once: Circuit breaker already tripped: 3 consecutive losing paper trades
2026-10-03 15:05:27,826 [WARNING] run_once: Circuit breaker already tripped: 3 consecutive losing paper trades
2026-10-03 15:10:28,913 [WARNING] run_once: Circuit breaker already tripped: 3 consecutive losing paper trades
2026-10-03 15:15:29,983 [WARNING] run_once: Circuit breaker already tripped: 3 consecutive losing paper trades
2026-10-03 15:20:31,813 [WARNING] run_once: Circuit breaker already tripped: 3 consecutive losing paper trades
2026-10-03 15:25:26,175 [WARNING] run_once: Circuit breaker already tripped: 3 consecutive losing paper trades
2026-10-03 15:30:32,254 [WARNING] run_once: Circuit breaker already tripped: 3 consecutive losing paper trades
2026-10-03 15:35:29,839 [WARNING] run_once: Circuit breaker already tripped: 3 consecutive losing paper trades
2026-10-03 15:40:30,654 [WARNING] run_once: Circuit breaker already tripped: 3 consecutive losing paper trades
2026-10-03 15:45:30,979 [WARNING] run_once: Circuit breaker already tripped: 3 consecutive losing paper trades
2026-10-03 15:50:29,351 [WARNING] run_once: Circuit breaker already tripped: 3 consecutive losing paper trades
2026-10-03 15:55:24,781 [WARNING] run_once: Circuit breaker already tripped: 3 consecutive losing paper trades
2026-10-03 16:00:31,318 [WARNING] run_once: Circuit breaker already tripped: 3 consecutive losing paper trades
2026-10-03 16:05:24,927 [WARNING] run_once: Circuit breaker already tripped: 3 consecutive losing paper trades
2026-10-03 16:10:26,314 [WARNING] run_once: Circuit breaker already tripped: 3 consecutive losing paper trades
2026-10-03 16:15:24,719 [WARNING] run_once: Circuit breaker already tripped: 3 consecutive losing paper trades
2026-10-03 16:20:31,014 [WARNING] run_once: Circuit breaker already tripped: 3 consecutive losing paper trades
2026-10-03 16:25:26,456 [WARNING] run_once: Circuit breaker already tripped: 3 consecutive losing paper trades
2026-10-03 16:30:33,184 [WARNING] run_once: Circuit breaker already tripped: 3 consecutive losing paper trades
2026-10-03 16:35:24,980 [WARNING] run_once: Circuit breaker already tripped: 3 consecutive losing paper trades
2026-10-03 16:40:28,846 [WARNING] run_once: Circuit breaker already tripped: 3 consecutive losing paper trades
2026-10-03 16:45:26,108 [WARNING] run_once: Circuit breaker already tripped: 3 consecutive losing paper trades
2026-10-03 16:50:30,109 [WARNING] run_once: Circuit breaker already tripped: 3 consecutive losing paper trades
2026-10-03 16:55:29,363 [WARNING] run_once: Circuit breaker already tripped: 3 consecutive losing paper trades
2026-10-03 17:00:36,702 [WARNING] run_once: Circuit breaker already tripped: 3 consecutive losing paper trades
2026-10-03 17:05:24,420 [WARNING] run_once: Circuit breaker already tripped: 3 consecutive losing paper trades
2026-10-03 17:10:29,602 [WARNING] run_once: Circuit breaker already tripped: 3 consecutive losing paper trades
2026-10-03 17:15:31,423 [WARNING] run_once: Circuit breaker already tripped: 3 consecutive losing paper trades
2026-10-03 17:20:33,547 [WARNING] run_once: Circuit breaker already tripped: 3 consecutive losing paper trades
2026-10-03 17:25:25,571 [WARNING] run_once: Circuit breaker already tripped: 3 consecutive losing paper trades
2026-10-03 17:30:30,725 [WARNING] run_once: Circuit breaker already tripped: 3 consecutive losing paper trades
2026-10-03 17:35:23,509 [WARNING] run_once: Circuit breaker already tripped: 3 consecutive losing paper trades
2026-10-03 17:40:26,957 [WARNING] run_once: Circuit breaker already tripped: 3 consecutive losing paper trades
2026-10-03 17:45:32,544 [WARNING] run_once: Circuit breaker already tripped: 3 consecutive losing paper trades
2026-10-03 17:50:26,433 [WARNING] run_once: Circuit breaker already tripped: 3 consecutive losing paper trades
2026-10-03 17:55:26,739 [WARNING] run_once: Circuit breaker already tripped: 3 consecutive losing paper trades
2026-10-03 18:00:32,206 [WARNING] run_once: Circuit breaker already tripped: 3 consecutive losing paper trades
2026-10-03 18:05:29,073 [WARNING] run_once: Circuit breaker already tripped: 3 consecutive losing paper trades
2026-10-03 18:10:31,602 [WARNING] run_once: Circuit breaker already tripped: 3 consecutive losing paper trades
2026-10-03 18:15:31,203 [WARNING] run_once: Circuit breaker already tripped: 3 consecutive losing paper trades
2026-10-03 18:20:33,231 [WARNING] run_once: Circuit breaker already tripped: 3 consecutive losing paper trades
2026-10-03 18:25:40,295 [WARNING] run_once: Circuit breaker already tripped: 3 consecutive losing paper trades
2026-10-03 18:31:07,822 [WARNING] run_once: Circuit breaker already tripped: 3 consecutive losing paper trades
2026-10-03 18:35:27,295 [WARNING] run_once: Circuit breaker already tripped: 3 consecutive losing paper trades
2026-10-03 18:40:30,217 [WARNING] run_once: Circuit breaker already tripped: 3 consecutive losing paper trades
2026-10-03 18:45:30,295 [WARNING] run_once: Circuit breaker already tripped: 3 consecutive losing paper trades
2026-10-03 18:50:30,598 [WARNING] run_once: Circuit breaker already tripped: 3 consecutive losing paper trades
2026-10-03 18:55:22,699 [WARNING] run_once: Circuit breaker already tripped: 3 consecutive losing paper trades
2026-10-03 19:00:36,650 [WARNING] run_once: Circuit breaker already tripped: 3 consecutive losing paper trades
2026-10-03 19:05:27,083 [WARNING] run_once: Circuit breaker already tripped: 3 consecutive losing paper trades
2026-10-03 19:10:31,937 [WARNING] run_once: Circuit breaker already tripped: 3 consecutive losing paper trades
2026-10-03 19:15:29,866 [WARNING] run_once: Circuit breaker already tripped: 3 consecutive losing paper trades
2026-10-03 19:20:30,008 [WARNING] run_once: Circuit breaker already tripped: 3 consecutive losing paper trades
2026-10-03 19:25:29,075 [WARNING] run_once: Circuit breaker already tripped: 3 consecutive losing paper trades
2026-10-03 19:30:31,547 [WARNING] run_once: Circuit breaker already tripped: 3 consecutive losing paper trades
2026-10-03 19:35:27,602 [WARNING] run_once: Circuit breaker already tripped: 3 consecutive losing paper trades
2026-10-03 19:40:30,216 [WARNING] run_once: Circuit breaker already tripped: 3 consecutive losing paper trades
2026-10-03 19:45:30,836 [WARNING] run_once: Circuit breaker already tripped: 3 consecutive losing paper trades
2026-10-03 19:50:30,224 [WARNING] run_once: Circuit breaker already tripped: 3 consecutive losing paper trades
2026-10-03 19:55:27,653 [WARNING] run_once: Circuit breaker already tripped: 3 consecutive losing paper trades
2026-10-03 20:00:36,422 [WARNING] run_once: Circuit breaker already tripped: 3 consecutive losing paper trades
2026-10-03 20:05:34,838 [WARNING] run_once: Circuit breaker already tripped: 3 consecutive losing paper trades
2026-10-03 20:10:29,145 [WARNING] run_once: Circuit breaker already tripped: 3 consecutive losing paper trades
2026-10-03 20:15:24,773 [WARNING] run_once: Circuit breaker already tripped: 3 consecutive losing paper trades
2026-10-03 20:20:26,320 [WARNING] run_once: Circuit breaker already tripped: 3 consecutive losing paper trades
2026-10-03 20:25:29,074 [WARNING] run_once: Circuit breaker already tripped: 3 consecutive losing paper trades
2026-10-03 20:30:30,613 [WARNING] run_once: Circuit breaker already tripped: 3 consecutive losing paper trades
2026-10-03 20:35:27,335 [WARNING] run_once: Circuit breaker already tripped: 3 consecutive losing paper trades
2026-10-03 20:40:32,484 [WARNING] run_once: Circuit breaker already tripped: 3 consecutive losing paper trades
2026-10-03 20:45:27,496 [WARNING] run_once: Circuit breaker already tripped: 3 consecutive losing paper trades
2026-10-03 20:50:30,337 [WARNING] run_once: Circuit breaker already tripped: 3 consecutive losing paper trades
2026-10-03 20:55:30,930 [WARNING] run_once: Circuit breaker already tripped: 3 consecutive losing paper trades
2026-10-03 21:00:32,880 [WARNING] run_once: Circuit breaker already tripped: 3 consecutive losing paper trades
2026-10-03 21:05:31,274 [WARNING] run_once: Circuit breaker already tripped: 3 consecutive losing paper trades
2026-10-03 21:10:31,549 [WARNING] run_once: Circuit breaker already tripped: 3 consecutive losing paper trades
2026-10-03 21:15:30,814 [WARNING] run_once: Circuit breaker already tripped: 3 consecutive losing paper trades
2026-10-03 21:20:29,989 [WARNING] run_once: Circuit breaker already tripped: 3 consecutive losing paper trades
2026-10-03 21:25:23,051 [WARNING] run_once: Circuit breaker already tripped: 3 consecutive losing paper trades
2026-10-03 21:30:31,800 [WARNING] run_once: Circuit breaker already tripped: 3 consecutive losing paper trades
2026-10-03 21:35:29,350 [WARNING] run_once: Circuit breaker already tripped: 3 consecutive losing paper trades
2026-10-03 21:40:30,084 [WARNING] run_once: Circuit breaker already tripped: 3 consecutive losing paper trades
2026-10-03 21:53:42,498 [WARNING] run_once: Circuit breaker already tripped: 3 consecutive losing paper trades
2026-10-03 21:56:54,012 [WARNING] run_once: Circuit breaker already tripped: 3 consecutive losing paper trades
2026-10-03 21:58:27,836 [WARNING] run_once: Circuit breaker already tripped: 3 consecutive losing paper trades
2026-10-03 22:05:22,396 [WARNING] run_once: Circuit breaker already tripped: 3 consecutive losing paper trades
2026-10-03 22:10:25,605 [WARNING] run_once: Circuit breaker already tripped: 3 consecutive losing paper trades
2026-10-03 22:15:24,639 [WARNING] run_once: Circuit breaker already tripped: 3 consecutive losing paper trades
2026-10-03 22:20:32,919 [WARNING] run_once: Circuit breaker already tripped: 3 consecutive losing paper trades
2026-10-03 22:25:25,768 [WARNING] run_once: Circuit breaker already tripped: 3 consecutive losing paper trades
2026-10-03 22:30:35,935 [WARNING] run_once: Circuit breaker already tripped: 3 consecutive losing paper trades
2026-10-03 22:35:32,251 [WARNING] run_once: Circuit breaker already tripped: 3 consecutive losing paper trades
2026-10-03 22:40:31,934 [WARNING] run_once: Circuit breaker already tripped: 3 consecutive losing paper trades
2026-10-03 22:45:29,070 [WARNING] run_once: Circuit breaker already tripped: 3 consecutive losing paper trades
2026-10-03 22:50:32,672 [WARNING] run_once: Circuit breaker already tripped: 3 consecutive losing paper trades
2026-10-03 22:55:30,432 [WARNING] run_once: Circuit breaker already tripped: 3 consecutive losing paper trades
2026-10-03 23:01:08,419 [WARNING] run_once: Circuit breaker already tripped: 3 consecutive losing paper trades
2026-10-03 23:05:24,117 [WARNING] run_once: Circuit breaker already tripped: 3 consecutive losing paper trades
2026-10-03 23:10:23,636 [WARNING] run_once: Circuit breaker already tripped: 3 consecutive losing paper trades
2026-10-03 23:15:25,909 [WARNING] run_once: Circuit breaker already tripped: 3 consecutive losing paper trades
2026-10-03 23:20:28,455 [WARNING] run_once: Circuit breaker already tripped: 3 consecutive losing paper trades
2026-10-03 23:25:34,185 [WARNING] run_once: Circuit breaker already tripped: 3 consecutive losing paper trades
2026-10-03 23:30:25,579 [WARNING] run_once: Circuit breaker already tripped: 3 consecutive losing paper trades
2026-10-03 23:35:24,532 [WARNING] run_once: Circuit breaker already tripped: 3 consecutive losing paper trades
2026-10-03 23:40:29,467 [WARNING] run_once: Circuit breaker already tripped: 3 consecutive losing paper trades
2026-10-03 23:45:28,743 [WARNING] run_once: Circuit breaker already tripped: 3 consecutive losing paper trades
2026-10-03 23:50:33,802 [WARNING] run_once: Circuit breaker already tripped: 3 consecutive losing paper trades
2026-10-03 23:55:26,289 [WARNING] run_once: Circuit breaker already tripped: 3 consecutive losing paper trades
2026-10-04 00:00:40,021 [WARNING] run_once: Circuit breaker already tripped: 3 consecutive losing paper trades
2026-10-04 00:05:30,368 [WARNING] run_once: Circuit breaker already tripped: 3 consecutive losing paper trades
2026-10-04 00:10:36,780 [WARNING] run_once: Circuit breaker already tripped: 3 consecutive losing paper trades
2026-10-04 00:15:31,658 [WARNING] run_once: Circuit breaker already tripped: 3 consecutive losing paper trades
2026-10-04 00:20:32,149 [WARNING] run_once: Circuit breaker already tripped: 3 consecutive losing paper trades
2026-10-04 00:25:26,142 [WARNING] run_once: Circuit breaker already tripped: 3 consecutive losing paper trades
2026-10-04 00:30:25,786 [WARNING] run_once: Circuit breaker already tripped: 3 consecutive losing paper trades
2026-10-04 00:35:23,703 [WARNING] run_once: Circuit breaker already tripped: 3 consecutive losing paper trades
2026-10-04 00:40:27,870 [WARNING] run_once: Circuit breaker already tripped: 3 consecutive losing paper trades
2026-10-04 00:45:30,879 [WARNING] run_once: Circuit breaker already tripped: 3 consecutive losing paper trades
2026-10-04 00:50:28,975 [WARNING] run_once: Circuit breaker already tripped: 3 consecutive losing paper trades
2026-10-04 00:55:29,307 [WARNING] run_once: Circuit breaker already tripped: 3 consecutive losing paper trades
2026-10-04 01:00:32,543 [WARNING] run_once: Circuit breaker already tripped: 3 consecutive losing paper trades
2026-10-04 01:05:23,173 [WARNING] run_once: Circuit breaker already tripped: 3 consecutive losing paper trades
2026-10-04 01:10:27,098 [WARNING] run_once: Circuit breaker already tripped: 3 consecutive losing paper trades
2026-10-04 01:15:30,370 [WARNING] run_once: Circuit breaker already tripped: 3 consecutive losing paper trades
2026-10-04 01:20:38,192 [WARNING] run_once: Circuit breaker already tripped: 3 consecutive losing paper trades
2026-10-04 01:25:30,670 [WARNING] run_once: Circuit breaker already tripped: 3 consecutive losing paper trades
2026-10-04 01:30:28,086 [WARNING] run_once: Circuit breaker already tripped: 3 consecutive losing paper trades
2026-10-04 01:35:28,029 [WARNING] run_once: Circuit breaker already tripped: 3 consecutive losing paper trades
2026-10-04 01:40:30,184 [WARNING] run_once: Circuit breaker already tripped: 3 consecutive losing paper trades
2026-10-04 01:45:32,835 [WARNING] run_once: Circuit breaker already tripped: 3 consecutive losing paper trades
2026-10-04 01:50:32,090 [WARNING] run_once: Circuit breaker already tripped: 3 consecutive losing paper trades
2026-10-04 01:55:28,875 [WARNING] run_once: Circuit breaker already tripped: 3 consecutive losing paper trades
2026-10-04 02:00:32,015 [WARNING] run_once: Circuit breaker already tripped: 3 consecutive losing paper trades
2026-10-04 02:05:28,514 [WARNING] run_once: Circuit breaker already tripped: 3 consecutive losing paper trades
2026-10-04 02:10:31,292 [WARNING] run_once: Circuit breaker already tripped: 3 consecutive losing paper trades
2026-10-04 02:15:23,925 [WARNING] run_once: Circuit breaker already tripped: 3 consecutive losing paper trades
2026-10-04 02:20:29,167 [WARNING] run_once: Circuit breaker already tripped: 3 consecutive losing paper trades
2026-10-04 02:25:29,022 [WARNING] run_once: Circuit breaker already tripped: 3 consecutive losing paper trades
2026-10-04 02:30:33,737 [WARNING] run_once: Circuit breaker already tripped: 3 consecutive losing paper trades
2026-10-04 02:35:24,590 [WARNING] run_once: Circuit breaker already tripped: 3 consecutive losing paper trades
2026-10-04 02:40:31,421 [WARNING] run_once: Circuit breaker already tripped: 3 consecutive losing paper trades
2026-10-04 02:45:30,496 [WARNING] run_once: Circuit breaker already tripped: 3 consecutive losing paper trades
2026-10-04 02:50:31,464 [WARNING] run_once: Circuit breaker already tripped: 3 consecutive losing paper trades
2026-10-04 02:55:28,874 [WARNING] run_once: Circuit breaker already tripped: 3 consecutive losing paper trades
2026-10-04 03:00:32,845 [WARNING] run_once: Circuit breaker already tripped: 3 consecutive losing paper trades
2026-10-04 03:05:26,623 [WARNING] run_once: Circuit breaker already tripped: 3 consecutive losing paper trades
2026-10-04 03:10:27,973 [WARNING] run_once: Circuit breaker already tripped: 3 consecutive losing paper trades
2026-10-04 03:15:30,626 [WARNING] run_once: Circuit breaker already tripped: 3 consecutive losing paper trades
2026-10-04 03:20:26,051 [WARNING] run_once: Circuit breaker already tripped: 3 consecutive losing paper trades
2026-10-04 03:25:27,289 [WARNING] run_once: Circuit breaker already tripped: 3 consecutive losing paper trades
2026-10-04 03:31:08,017 [WARNING] run_once: Circuit breaker already tripped: 3 consecutive losing paper trades
2026-10-04 03:35:24,673 [WARNING] run_once: Circuit breaker already tripped: 3 consecutive losing paper trades
2026-10-04 03:40:32,237 [WARNING] run_once: Circuit breaker already tripped: 3 consecutive losing paper trades
2026-10-04 03:45:30,192 [WARNING] run_once: Circuit breaker already tripped: 3 consecutive losing paper trades
2026-10-04 03:50:32,259 [WARNING] run_once: Circuit breaker already tripped: 3 consecutive losing paper trades
2026-10-04 03:55:26,385 [WARNING] run_once: Circuit breaker already tripped: 3 consecutive losing paper trades
2026-10-04 04:00:30,933 [WARNING] run_once: Circuit breaker already tripped: 3 consecutive losing paper trades
2026-10-04 04:05:33,543 [WARNING] run_once: Circuit breaker already tripped: 3 consecutive losing paper trades
2026-10-04 04:10:24,839 [WARNING] run_once: Circuit breaker already tripped: 3 consecutive losing paper trades
2026-10-04 04:15:30,147 [WARNING] run_once: Circuit breaker already tripped: 3 consecutive losing paper trades
2026-10-04 04:20:25,152 [WARNING] run_once: Circuit breaker already tripped: 3 consecutive losing paper trades
2026-10-04 04:25:29,629 [WARNING] run_once: Circuit breaker already tripped: 3 consecutive losing paper trades
2026-10-04 04:30:37,717 [WARNING] run_once: Circuit breaker already tripped: 3 consecutive losing paper trades
2026-10-04 04:35:30,549 [WARNING] run_once: Circuit breaker already tripped: 3 consecutive losing paper trades
2026-10-04 04:40:24,168 [WARNING] run_once: Circuit breaker already tripped: 3 consecutive losing paper trades
2026-10-04 04:45:33,331 [WARNING] run_once: Circuit breaker already tripped: 3 consecutive losing paper trades
2026-10-04 04:50:29,919 [WARNING] run_once: Circuit breaker already tripped: 3 consecutive losing paper trades
2026-10-04 04:55:26,973 [WARNING] run_once: Circuit breaker already tripped: 3 consecutive losing paper trades
2026-10-04 05:00:36,266 [WARNING] run_once: Circuit breaker already tripped: 3 consecutive losing paper trades
2026-10-04 05:05:30,092 [WARNING] run_once: Circuit breaker already tripped: 3 consecutive losing paper trades
2026-10-04 05:10:29,478 [WARNING] run_once: Circuit breaker already tripped: 3 consecutive losing paper trades
2026-10-04 05:15:27,701 [WARNING] run_once: Circuit breaker already tripped: 3 consecutive losing paper trades
2026-10-04 05:20:29,950 [WARNING] run_once: Circuit breaker already tripped: 3 consecutive losing paper trades
2026-10-04 05:25:24,060 [WARNING] run_once: Circuit breaker already tripped: 3 consecutive losing paper trades
2026-10-04 05:30:35,907 [WARNING] run_once: Circuit breaker already tripped: 3 consecutive losing paper trades
2026-10-04 05:35:34,417 [WARNING] run_once: Circuit breaker already tripped: 3 consecutive losing paper trades
2026-10-04 05:40:34,606 [WARNING] run_once: Circuit breaker already tripped: 3 consecutive losing paper trades
2026-10-04 05:45:30,199 [WARNING] run_once: Circuit breaker already tripped: 3 consecutive losing paper trades
2026-10-04 05:50:30,930 [WARNING] run_once: Circuit breaker already tripped: 3 consecutive losing paper trades
2026-10-04 05:55:22,878 [WARNING] run_once: Circuit breaker already tripped: 3 consecutive losing paper trades
2026-10-04 06:00:37,915 [WARNING] run_once: Circuit breaker already tripped: 3 consecutive losing paper trades
2026-10-04 06:05:27,579 [WARNING] run_once: Circuit breaker already tripped: 3 consecutive losing paper trades
2026-10-04 06:10:33,489 [WARNING] run_once: Circuit breaker already tripped: 3 consecutive losing paper trades
2026-10-04 06:15:32,257 [WARNING] run_once: Circuit breaker already tripped: 3 consecutive losing paper trades
2026-10-04 06:20:25,734 [WARNING] run_once: Circuit breaker already tripped: 3 consecutive losing paper trades
2026-10-04 06:25:26,929 [WARNING] run_once: Circuit breaker already tripped: 3 consecutive losing paper trades
2026-10-04 06:30:27,285 [WARNING] run_once: Circuit breaker already tripped: 3 consecutive losing paper trades
2026-10-04 06:35:20,389 [WARNING] run_once: Circuit breaker already tripped: 3 consecutive losing paper trades
2026-10-04 06:40:26,675 [WARNING] run_once: Circuit breaker already tripped: 3 consecutive losing paper trades
2026-10-04 06:45:30,668 [WARNING] run_once: Circuit breaker already tripped: 3 consecutive losing paper trades
2026-10-04 06:50:31,161 [WARNING] run_once: Circuit breaker already tripped: 3 consecutive losing paper trades
2026-10-04 06:55:26,469 [WARNING] run_once: Circuit breaker already tripped: 3 consecutive losing paper trades
2026-10-04 07:00:36,744 [WARNING] run_once: Circuit breaker already tripped: 3 consecutive losing paper trades
2026-10-04 07:05:27,122 [WARNING] run_once: Circuit breaker already tripped: 3 consecutive losing paper trades
2026-10-04 07:10:31,540 [WARNING] run_once: Circuit breaker already tripped: 3 consecutive losing paper trades
2026-10-04 07:15:29,115 [WARNING] run_once: Circuit breaker already tripped: 3 consecutive losing paper trades
2026-10-04 07:20:28,858 [WARNING] run_once: Circuit breaker already tripped: 3 consecutive losing paper trades
2026-10-04 07:25:22,300 [WARNING] run_once: Circuit breaker already tripped: 3 consecutive losing paper trades
2026-10-04 07:30:26,959 [WARNING] run_once: Circuit breaker already tripped: 3 consecutive losing paper trades
2026-10-04 07:35:23,521 [WARNING] run_once: Circuit breaker already tripped: 3 consecutive losing paper trades
2026-10-04 07:40:28,015 [WARNING] run_once: Circuit breaker already tripped: 3 consecutive losing paper trades
2026-10-04 07:45:28,493 [WARNING] run_once: Circuit breaker already tripped: 3 consecutive losing paper trades
2026-10-04 07:50:32,049 [WARNING] run_once: Circuit breaker already tripped: 3 consecutive losing paper trades
2026-10-04 07:55:30,545 [WARNING] run_once: Circuit breaker already tripped: 3 consecutive losing paper trades
2026-10-04 08:00:31,833 [WARNING] run_once: Circuit breaker already tripped: 3 consecutive losing paper trades
2026-10-04 08:05:27,626 [WARNING] run_once: Circuit breaker already tripped: 3 consecutive losing paper trades
2026-10-04 08:10:29,314 [WARNING] run_once: Circuit breaker already tripped: 3 consecutive losing paper trades
2026-10-04 08:15:28,974 [WARNING] run_once: Circuit breaker already tripped: 3 consecutive losing paper trades
2026-10-04 08:20:28,666 [WARNING] run_once: Circuit breaker already tripped: 3 consecutive losing paper trades
2026-10-04 08:25:22,581 [WARNING] run_once: Circuit breaker already tripped: 3 consecutive losing paper trades
2026-10-04 08:30:31,149 [WARNING] run_once: Circuit breaker already tripped: 3 consecutive losing paper trades
2026-10-04 08:35:26,783 [WARNING] run_once: Circuit breaker already tripped: 3 consecutive losing paper trades
2026-10-04 08:40:33,126 [WARNING] run_once: Circuit breaker already tripped: 3 consecutive losing paper trades
2026-10-04 08:45:28,591 [WARNING] run_once: Circuit breaker already tripped: 3 consecutive losing paper trades
2026-10-04 08:50:34,973 [WARNING] run_once: Circuit breaker already tripped: 3 consecutive losing paper trades
2026-10-04 08:55:26,672 [WARNING] run_once: Circuit breaker already tripped: 3 consecutive losing paper trades
2026-10-04 09:00:37,794 [WARNING] run_once: Circuit breaker already tripped: 3 consecutive losing paper trades
2026-10-04 09:05:34,546 [WARNING] run_once: Circuit breaker already tripped: 3 consecutive losing paper trades
2026-10-04 09:10:29,088 [WARNING] run_once: Circuit breaker already tripped: 3 consecutive losing paper trades
2026-10-04 09:15:24,216 [WARNING] run_once: Circuit breaker already tripped: 3 consecutive losing paper trades
2026-10-04 09:20:32,008 [WARNING] run_once: Circuit breaker already tripped: 3 consecutive losing paper trades
2026-10-04 09:25:29,361 [WARNING] run_once: Circuit breaker already tripped: 3 consecutive losing paper trades
2026-10-04 09:30:32,022 [WARNING] run_once: Circuit breaker already tripped: 3 consecutive losing paper trades
2026-10-04 09:35:27,916 [WARNING] run_once: Circuit breaker already tripped: 3 consecutive losing paper trades
2026-10-04 09:41:04,539 [WARNING] run_once: Circuit breaker already tripped: 3 consecutive losing paper trades
2026-10-04 09:45:28,855 [WARNING] run_once: Circuit breaker already tripped: 3 consecutive losing paper trades
2026-10-04 09:51:04,140 [WARNING] run_once: Circuit breaker already tripped: 3 consecutive losing paper trades
2026-10-04 09:55:26,946 [WARNING] run_once: Circuit breaker already tripped: 3 consecutive losing paper trades
2026-10-04 10:00:33,681 [WARNING] run_once: Circuit breaker already tripped: 3 consecutive losing paper trades
2026-10-04 10:05:23,791 [WARNING] run_once: Circuit breaker already tripped: 3 consecutive losing paper trades
2026-10-04 10:10:22,577 [WARNING] run_once: Circuit breaker already tripped: 3 consecutive losing paper trades
2026-10-04 10:15:26,699 [WARNING] run_once: Circuit breaker already tripped: 3 consecutive losing paper trades
2026-10-04 10:20:23,889 [WARNING] run_once: Circuit breaker already tripped: 3 consecutive losing paper trades
2026-10-04 10:25:27,913 [WARNING] run_once: Circuit breaker already tripped: 3 consecutive losing paper trades
2026-10-04 10:30:31,622 [WARNING] run_once: Circuit breaker already tripped: 3 consecutive losing paper trades
2026-10-04 10:35:26,605 [WARNING] run_once: Circuit breaker already tripped: 3 consecutive losing paper trades
2026-10-04 10:40:31,777 [WARNING] run_once: Circuit breaker already tripped: 3 consecutive losing paper trades
2026-10-04 10:45:33,278 [WARNING] run_once: Circuit breaker already tripped: 3 consecutive losing paper trades
2026-10-04 10:50:34,280 [WARNING] run_once: Circuit breaker already tripped: 3 consecutive losing paper trades
2026-10-04 10:55:28,224 [WARNING] run_once: Circuit breaker already tripped: 3 consecutive losing paper trades
2026-10-04 11:00:35,855 [WARNING] run_once: Circuit breaker already tripped: 3 consecutive losing paper trades
2026-10-04 11:05:23,989 [WARNING] run_once: Circuit breaker already tripped: 3 consecutive losing paper trades
2026-10-04 11:10:31,412 [WARNING] run_once: Circuit breaker already tripped: 3 consecutive losing paper trades
2026-10-04 11:15:30,068 [WARNING] run_once: Circuit breaker already tripped: 3 consecutive losing paper trades
2026-10-04 11:20:32,636 [WARNING] run_once: Circuit breaker already tripped: 3 consecutive losing paper trades
2026-10-04 11:25:26,970 [WARNING] run_once: Circuit breaker already tripped: 3 consecutive losing paper trades
2026-10-04 11:30:32,064 [WARNING] run_once: Circuit breaker already tripped: 3 consecutive losing paper trades
2026-10-04 11:35:27,946 [WARNING] run_once: Circuit breaker already tripped: 3 consecutive losing paper trades
2026-10-04 11:40:29,917 [WARNING] run_once: Circuit breaker already tripped: 3 consecutive losing paper trades
2026-10-04 11:45:25,245 [WARNING] run_once: Circuit breaker already tripped: 3 consecutive losing paper trades
2026-10-04 11:50:24,629 [WARNING] run_once: Circuit breaker already tripped: 3 consecutive losing paper trades
2026-10-04 11:55:27,595 [WARNING] run_once: Circuit breaker already tripped: 3 consecutive losing paper trades
2026-10-04 12:00:35,853 [WARNING] run_once: Circuit breaker already tripped: 3 consecutive losing paper trades
2026-10-04 12:06:02,522 [WARNING] run_once: Circuit breaker already tripped: 3 consecutive losing paper trades
2026-10-04 12:10:34,452 [WARNING] run_once: Circuit breaker already tripped: 3 consecutive losing paper trades
2026-10-04 12:15:30,289 [WARNING] run_once: Circuit breaker already tripped: 3 consecutive losing paper trades
2026-10-04 12:20:32,715 [WARNING] run_once: Circuit breaker already tripped: 3 consecutive losing paper trades
2026-10-04 12:25:30,609 [WARNING] run_once: Circuit breaker already tripped: 3 consecutive losing paper trades
2026-10-04 12:30:31,480 [WARNING] run_once: Circuit breaker already tripped: 3 consecutive losing paper trades
2026-10-04 12:35:26,663 [WARNING] run_once: Circuit breaker already tripped: 3 consecutive losing paper trades
2026-10-04 12:40:30,271 [WARNING] run_once: Circuit breaker already tripped: 3 consecutive losing paper trades
2026-10-04 12:45:30,220 [WARNING] run_once: Circuit breaker already tripped: 3 consecutive losing paper trades
2026-10-04 12:50:29,534 [WARNING] run_once: Circuit breaker already tripped: 3 consecutive losing paper trades
2026-10-04 12:55:22,523 [WARNING] run_once: Circuit breaker already tripped: 3 consecutive losing paper trades
2026-10-04 13:00:37,231 [WARNING] run_once: Circuit breaker already tripped: 3 consecutive losing paper trades
2026-10-04 13:05:30,361 [WARNING] run_once: Circuit breaker already tripped: 3 consecutive losing paper trades
2026-10-04 13:10:30,564 [WARNING] run_once: Circuit breaker already tripped: 3 consecutive losing paper trades
2026-10-04 13:15:29,858 [WARNING] run_once: Circuit breaker already tripped: 3 consecutive losing paper trades
2026-10-04 13:20:31,486 [WARNING] run_once: Circuit breaker already tripped: 3 consecutive losing paper trades
2026-10-04 13:25:25,824 [WARNING] run_once: Circuit breaker already tripped: 3 consecutive losing paper trades
2026-10-04 13:30:35,461 [WARNING] run_once: Circuit breaker already tripped: 3 consecutive losing paper trades
2026-10-04 13:35:27,097 [WARNING] run_once: Circuit breaker already tripped: 3 consecutive losing paper trades
2026-10-04 13:40:31,278 [WARNING] run_once: Circuit breaker already tripped: 3 consecutive losing paper trades
2026-10-04 13:45:30,305 [WARNING] run_once: Circuit breaker already tripped: 3 consecutive losing paper trades
2026-10-04 13:50:30,558 [WARNING] run_once: Circuit breaker already tripped: 3 consecutive losing paper trades
2026-10-04 13:55:26,815 [WARNING] run_once: Circuit breaker already tripped: 3 consecutive losing paper trades
2026-10-04 14:00:33,595 [WARNING] run_once: Circuit breaker already tripped: 3 consecutive losing paper trades
2026-10-04 14:05:22,441 [WARNING] run_once: Circuit breaker already tripped: 3 consecutive losing paper trades
2026-10-04 14:10:30,092 [WARNING] run_once: Circuit breaker already tripped: 3 consecutive losing paper trades
2026-10-04 14:15:30,341 [WARNING] run_once: Circuit breaker already tripped: 3 consecutive losing paper trades
2026-10-04 14:20:31,284 [WARNING] run_once: Circuit breaker already tripped: 3 consecutive losing paper trades
2026-10-04 14:25:32,565 [WARNING] run_once: Circuit breaker already tripped: 3 consecutive losing paper trades
2026-10-04 14:30:29,151 [WARNING] run_once: Circuit breaker already tripped: 3 consecutive losing paper trades
2026-10-04 14:35:28,866 [WARNING] run_once: Circuit breaker already tripped: 3 consecutive losing paper trades
2026-10-04 14:40:26,762 [WARNING] run_once: Circuit breaker already tripped: 3 consecutive losing paper trades
2026-10-04 14:45:31,116 [WARNING] run_once: Circuit breaker already tripped: 3 consecutive losing paper trades
2026-10-04 14:50:31,006 [WARNING] run_once: Circuit breaker already tripped: 3 consecutive losing paper trades
2026-10-04 14:55:29,533 [WARNING] run_once: Circuit breaker already tripped: 3 consecutive losing paper trades
2026-10-04 15:00:32,211 [WARNING] run_once: Circuit breaker already tripped: 3 consecutive losing paper trades
2026-10-04 15:05:29,934 [WARNING] run_once: Circuit breaker already tripped: 3 consecutive losing paper trades
2026-10-04 15:10:33,336 [WARNING] run_once: Circuit breaker already tripped: 3 consecutive losing paper trades
2026-10-04 15:15:29,511 [WARNING] run_once: Circuit breaker already tripped: 3 consecutive losing paper trades
2026-10-04 15:20:25,942 [WARNING] run_once: Circuit breaker already tripped: 3 consecutive losing paper trades
2026-10-04 15:25:31,177 [WARNING] run_once: Circuit breaker already tripped: 3 consecutive losing paper trades
2026-10-04 15:30:32,316 [WARNING] run_once: Circuit breaker already tripped: 3 consecutive losing paper trades
2026-10-04 15:35:26,390 [WARNING] run_once: Circuit breaker already tripped: 3 consecutive losing paper trades
2026-10-04 15:40:26,923 [WARNING] run_once: Circuit breaker already tripped: 3 consecutive losing paper trades
2026-10-04 15:45:30,796 [WARNING] run_once: Circuit breaker already tripped: 3 consecutive losing paper trades
2026-10-04 15:50:30,500 [WARNING] run_once: Circuit breaker already tripped: 3 consecutive losing paper trades
2026-10-04 15:55:29,791 [WARNING] run_once: Circuit breaker already tripped: 3 consecutive losing paper trades
2026-10-04 16:00:33,877 [WARNING] run_once: Circuit breaker already tripped: 3 consecutive losing paper trades
2026-10-04 16:05:27,576 [WARNING] run_once: Circuit breaker already tripped: 3 consecutive losing paper trades
2026-10-04 16:10:27,229 [WARNING] run_once: Circuit breaker already tripped: 3 consecutive losing paper trades
2026-10-04 16:15:29,498 [WARNING] run_once: Circuit breaker already tripped: 3 consecutive losing paper trades
2026-10-04 16:20:33,761 [WARNING] run_once: Circuit breaker already tripped: 3 consecutive losing paper trades
2026-10-04 16:25:27,503 [WARNING] run_once: Circuit breaker already tripped: 3 consecutive losing paper trades
2026-10-04 16:30:32,689 [WARNING] run_once: Circuit breaker already tripped: 3 consecutive losing paper trades
2026-10-04 16:35:30,891 [WARNING] run_once: Circuit breaker already tripped: 3 consecutive losing paper trades
2026-10-04 16:40:32,701 [WARNING] run_once: Circuit breaker already tripped: 3 consecutive losing paper trades
2026-10-04 16:45:35,334 [WARNING] run_once: Circuit breaker already tripped: 3 consecutive losing paper trades
2026-10-04 16:50:31,449 [WARNING] run_once: Circuit breaker already tripped: 3 consecutive losing paper trades
2026-10-04 16:55:28,150 [WARNING] run_once: Circuit breaker already tripped: 3 consecutive losing paper trades
2026-10-04 17:00:37,615 [WARNING] run_once: Circuit breaker already tripped: 3 consecutive losing paper trades
2026-10-04 17:05:29,296 [WARNING] run_once: Circuit breaker already tripped: 3 consecutive losing paper trades
2026-10-04 17:10:24,175 [WARNING] run_once: Circuit breaker already tripped: 3 consecutive losing paper trades
2026-10-04 17:15:30,711 [WARNING] run_once: Circuit breaker already tripped: 3 consecutive losing paper trades
2026-10-04 17:20:27,507 [WARNING] run_once: Circuit breaker already tripped: 3 consecutive losing paper trades
2026-10-04 17:25:28,134 [WARNING] run_once: Circuit breaker already tripped: 3 consecutive losing paper trades
2026-10-04 17:30:26,827 [WARNING] run_once: Circuit breaker already tripped: 3 consecutive losing paper trades
2026-10-04 17:35:29,184 [WARNING] run_once: Circuit breaker already tripped: 3 consecutive losing paper trades
2026-10-04 17:40:25,346 [WARNING] run_once: Circuit breaker already tripped: 3 consecutive losing paper trades
2026-10-04 17:45:30,049 [WARNING] run_once: Circuit breaker already tripped: 3 consecutive losing paper trades
2026-10-04 17:50:32,957 [WARNING] run_once: Circuit breaker already tripped: 3 consecutive losing paper trades
2026-10-04 17:55:27,322 [WARNING] run_once: Circuit breaker already tripped: 3 consecutive losing paper trades
2026-10-04 18:00:28,929 [WARNING] run_once: Circuit breaker already tripped: 3 consecutive losing paper trades
2026-10-04 18:05:33,959 [WARNING] run_once: Circuit breaker already tripped: 3 consecutive losing paper trades
2026-10-04 18:10:32,426 [WARNING] run_once: Circuit breaker already tripped: 3 consecutive losing paper trades
2026-10-04 18:15:29,811 [WARNING] run_once: Circuit breaker already tripped: 3 consecutive losing paper trades
2026-10-04 18:20:31,081 [WARNING] run_once: Circuit breaker already tripped: 3 consecutive losing paper trades
2026-10-04 18:25:25,700 [WARNING] run_once: Circuit breaker already tripped: 3 consecutive losing paper trades
2026-10-04 18:30:35,875 [WARNING] run_once: Circuit breaker already tripped: 3 consecutive losing paper trades
2026-10-04 18:35:27,586 [WARNING] run_once: Circuit breaker already tripped: 3 consecutive losing paper trades
2026-10-04 18:40:33,217 [WARNING] run_once: Circuit breaker already tripped: 3 consecutive losing paper trades
2026-10-04 18:45:29,052 [WARNING] run_once: Circuit breaker already tripped: 3 consecutive losing paper trades
2026-10-04 18:50:31,408 [WARNING] run_once: Circuit breaker already tripped: 3 consecutive losing paper trades
2026-10-04 18:55:30,315 [WARNING] run_once: Circuit breaker already tripped: 3 consecutive losing paper trades
2026-10-04 19:00:28,512 [WARNING] run_once: Circuit breaker already tripped: 3 consecutive losing paper trades
2026-10-04 19:05:29,758 [WARNING] run_once: Circuit breaker already tripped: 3 consecutive losing paper trades
2026-10-04 19:10:27,113 [WARNING] run_once: Circuit breaker already tripped: 3 consecutive losing paper trades
2026-10-04 19:15:30,241 [WARNING] run_once: Circuit breaker already tripped: 3 consecutive losing paper trades
2026-10-04 19:20:30,738 [WARNING] run_once: Circuit breaker already tripped: 3 consecutive losing paper trades
2026-10-04 19:25:32,057 [WARNING] run_once: Circuit breaker already tripped: 3 consecutive losing paper trades
2026-10-04 19:30:32,449 [WARNING] run_once: Circuit breaker already tripped: 3 consecutive losing paper trades
2026-10-04 19:35:27,628 [WARNING] run_once: Circuit breaker already tripped: 3 consecutive losing paper trades
2026-10-04 19:40:31,274 [WARNING] run_once: Circuit breaker already tripped: 3 consecutive losing paper trades
2026-10-04 19:45:24,523 [WARNING] run_once: Circuit breaker already tripped: 3 consecutive losing paper trades
2026-10-04 19:50:30,095 [WARNING] run_once: Circuit breaker already tripped: 3 consecutive losing paper trades
2026-10-04 19:55:26,196 [WARNING] run_once: Circuit breaker already tripped: 3 consecutive losing paper trades
2026-10-04 20:00:33,280 [WARNING] run_once: Circuit breaker already tripped: 3 consecutive losing paper trades
2026-10-04 20:05:29,307 [WARNING] run_once: Circuit breaker already tripped: 3 consecutive losing paper trades
2026-10-04 20:10:29,662 [WARNING] run_once: Circuit breaker already tripped: 3 consecutive losing paper trades
2026-10-04 20:15:28,257 [WARNING] run_once: Circuit breaker already tripped: 3 consecutive losing paper trades
2026-10-04 20:20:31,403 [WARNING] run_once: Circuit breaker already tripped: 3 consecutive losing paper trades
2026-10-04 20:25:27,091 [WARNING] run_once: Circuit breaker already tripped: 3 consecutive losing paper trades
2026-10-04 20:30:25,388 [WARNING] run_once: Circuit breaker already tripped: 3 consecutive losing paper trades
2026-10-04 20:35:30,019 [WARNING] run_once: Circuit breaker already tripped: 3 consecutive losing paper trades
2026-10-04 20:40:26,853 [WARNING] run_once: Circuit breaker already tripped: 3 consecutive losing paper trades
2026-10-04 20:45:29,344 [WARNING] run_once: Circuit breaker already tripped: 3 consecutive losing paper trades
2026-10-04 20:50:25,033 [WARNING] run_once: Circuit breaker already tripped: 3 consecutive losing paper trades
2026-10-04 20:55:28,098 [WARNING] run_once: Circuit breaker already tripped: 3 consecutive losing paper trades
2026-10-04 21:00:34,082 [WARNING] run_once: Circuit breaker already tripped: 3 consecutive losing paper trades
2026-10-04 21:05:28,679 [WARNING] run_once: Circuit breaker already tripped: 3 consecutive losing paper trades
2026-10-04 21:10:33,772 [WARNING] run_once: Circuit breaker already tripped: 3 consecutive losing paper trades
2026-10-04 21:15:31,313 [WARNING] run_once: Circuit breaker already tripped: 3 consecutive losing paper trades
2026-10-04 21:20:28,302 [WARNING] run_once: Circuit breaker already tripped: 3 consecutive losing paper trades
2026-10-04 21:25:28,097 [WARNING] run_once: Circuit breaker already tripped: 3 consecutive losing paper trades
2026-10-04 21:30:31,948 [WARNING] run_once: Circuit breaker already tripped: 3 consecutive losing paper trades
2026-10-04 21:35:28,971 [WARNING] run_once: Circuit breaker already tripped: 3 consecutive losing paper trades
2026-10-04 21:40:30,070 [WARNING] run_once: Circuit breaker already tripped: 3 consecutive losing paper trades
2026-10-04 21:45:25,827 [WARNING] run_once: Circuit breaker already tripped: 3 consecutive losing paper trades
2026-10-04 21:50:28,608 [WARNING] run_once: Circuit breaker already tripped: 3 consecutive losing paper trades
2026-10-04 21:55:26,628 [WARNING] run_once: Circuit breaker already tripped: 3 consecutive losing paper trades
2026-10-04 22:00:34,838 [WARNING] run_once: Circuit breaker already tripped: 3 consecutive losing paper trades
2026-10-04 22:05:21,981 [WARNING] run_once: Circuit breaker already tripped: 3 consecutive losing paper trades
2026-10-04 22:10:31,177 [WARNING] run_once: Circuit breaker already tripped: 3 consecutive losing paper trades
2026-10-04 22:15:26,746 [WARNING] run_once: Circuit breaker already tripped: 3 consecutive losing paper trades
2026-10-04 22:20:28,487 [WARNING] run_once: Circuit breaker already tripped: 3 consecutive losing paper trades
2026-10-04 22:25:23,647 [WARNING] run_once: Circuit breaker already tripped: 3 consecutive losing paper trades
2026-10-04 22:30:32,930 [WARNING] run_once: Circuit breaker already tripped: 3 consecutive losing paper trades
2026-10-04 22:35:29,487 [WARNING] run_once: Circuit breaker already tripped: 3 consecutive losing paper trades
2026-10-04 22:40:27,802 [WARNING] run_once: Circuit breaker already tripped: 3 consecutive losing paper trades
2026-10-04 22:45:28,561 [WARNING] run_once: Circuit breaker already tripped: 3 consecutive losing paper trades
2026-10-04 22:50:29,030 [WARNING] run_once: Circuit breaker already tripped: 3 consecutive losing paper trades
2026-10-04 22:55:27,454 [WARNING] run_once: Circuit breaker already tripped: 3 consecutive losing paper trades
2026-10-04 23:00:35,688 [WARNING] run_once: Circuit breaker already tripped: 3 consecutive losing paper trades
2026-10-04 23:05:21,457 [WARNING] run_once: Circuit breaker already tripped: 3 consecutive losing paper trades
2026-10-04 23:10:29,249 [WARNING] run_once: Circuit breaker already tripped: 3 consecutive losing paper trades
2026-10-04 23:15:29,087 [WARNING] run_once: Circuit breaker already tripped: 3 consecutive losing paper trades
2026-10-04 23:20:33,403 [WARNING] run_once: Circuit breaker already tripped: 3 consecutive losing paper trades
2026-10-04 23:25:30,959 [WARNING] run_once: Circuit breaker already tripped: 3 consecutive losing paper trades
2026-10-04 23:30:32,325 [WARNING] run_once: Circuit breaker already tripped: 3 consecutive losing paper trades
2026-10-04 23:35:26,740 [WARNING] run_once: Circuit breaker already tripped: 3 consecutive losing paper trades
2026-10-04 23:40:28,180 [WARNING] run_once: Circuit breaker already tripped: 3 consecutive losing paper trades
2026-10-04 23:45:29,337 [WARNING] run_once: Circuit breaker already tripped: 3 consecutive losing paper trades
2026-10-04 23:50:32,071 [WARNING] run_once: Circuit breaker already tripped: 3 consecutive losing paper trades
2026-10-04 23:55:27,819 [WARNING] run_once: Circuit breaker already tripped: 3 consecutive losing paper trades
2026-10-05 00:00:33,800 [WARNING] run_once: Circuit breaker already tripped: 3 consecutive losing paper trades
2026-10-05 00:05:27,267 [WARNING] run_once: Circuit breaker already tripped: 3 consecutive losing paper trades
2026-10-05 00:10:30,829 [WARNING] run_once: Circuit breaker already tripped: 3 consecutive losing paper trades
2026-10-05 00:15:27,108 [WARNING] run_once: Circuit breaker already tripped: 3 consecutive losing paper trades
2026-10-05 00:20:27,318 [WARNING] run_once: Circuit breaker already tripped: 3 consecutive losing paper trades
2026-10-05 00:25:27,709 [WARNING] run_once: Circuit breaker already tripped: 3 consecutive losing paper trades
2026-10-05 00:30:33,188 [WARNING] run_once: Circuit breaker already tripped: 3 consecutive losing paper trades
2026-10-05 00:35:26,987 [WARNING] run_once: Circuit breaker already tripped: 3 consecutive losing paper trades
2026-10-05 00:40:26,080 [WARNING] run_once: Circuit breaker already tripped: 3 consecutive losing paper trades
2026-10-05 00:45:23,415 [WARNING] run_once: Circuit breaker already tripped: 3 consecutive losing paper trades
2026-10-05 00:50:28,214 [WARNING] run_once: Circuit breaker already tripped: 3 consecutive losing paper trades
2026-10-05 00:55:24,035 [WARNING] run_once: Circuit breaker already tripped: 3 consecutive losing paper trades
2026-10-05 01:00:37,593 [WARNING] run_once: Circuit breaker already tripped: 3 consecutive losing paper trades
2026-10-05 01:05:29,985 [WARNING] run_once: Circuit breaker already tripped: 3 consecutive losing paper trades
2026-10-05 01:10:39,993 [WARNING] run_once: Circuit breaker already tripped: 3 consecutive losing paper trades
2026-10-05 01:15:32,837 [WARNING] run_once: Circuit breaker already tripped: 3 consecutive losing paper trades
2026-10-05 01:20:34,536 [WARNING] run_once: Circuit breaker already tripped: 3 consecutive losing paper trades
2026-10-05 01:25:28,605 [WARNING] run_once: Circuit breaker already tripped: 3 consecutive losing paper trades
2026-10-05 01:30:33,159 [WARNING] run_once: Circuit breaker already tripped: 3 consecutive losing paper trades
2026-10-05 01:35:30,225 [WARNING] run_once: Circuit breaker already tripped: 3 consecutive losing paper trades
2026-10-05 01:40:32,436 [WARNING] run_once: Circuit breaker already tripped: 3 consecutive losing paper trades
2026-10-05 01:45:31,026 [WARNING] run_once: Circuit breaker already tripped: 3 consecutive losing paper trades
2026-10-05 01:50:31,766 [WARNING] run_once: Circuit breaker already tripped: 3 consecutive losing paper trades
2026-10-05 01:55:28,487 [WARNING] run_once: Circuit breaker already tripped: 3 consecutive losing paper trades
2026-10-05 02:00:32,054 [WARNING] run_once: Circuit breaker already tripped: 3 consecutive losing paper trades
2026-10-05 02:05:26,759 [WARNING] run_once: Circuit breaker already tripped: 3 consecutive losing paper trades
2026-10-05 02:10:30,004 [WARNING] run_once: Circuit breaker already tripped: 3 consecutive losing paper trades
2026-10-05 02:15:35,089 [WARNING] run_once: Circuit breaker already tripped: 3 consecutive losing paper trades
2026-10-05 02:20:32,598 [WARNING] run_once: Circuit breaker already tripped: 3 consecutive losing paper trades
2026-10-05 02:25:29,159 [WARNING] run_once: Circuit breaker already tripped: 3 consecutive losing paper trades
2026-10-05 02:30:33,824 [WARNING] run_once: Circuit breaker already tripped: 3 consecutive losing paper trades
2026-10-05 02:35:32,254 [WARNING] run_once: Circuit breaker already tripped: 3 consecutive losing paper trades
2026-10-05 02:40:31,813 [WARNING] run_once: Circuit breaker already tripped: 3 consecutive losing paper trades
2026-10-05 02:45:31,231 [WARNING] run_once: Circuit breaker already tripped: 3 consecutive losing paper trades
2026-10-05 02:50:31,291 [WARNING] run_once: Circuit breaker already tripped: 3 consecutive losing paper trades
2026-10-05 02:55:31,797 [WARNING] run_once: Circuit breaker already tripped: 3 consecutive losing paper trades
2026-10-05 03:00:33,145 [WARNING] run_once: Circuit breaker already tripped: 3 consecutive losing paper trades
2026-10-05 03:05:27,971 [WARNING] run_once: Circuit breaker already tripped: 3 consecutive losing paper trades
2026-10-05 03:10:33,623 [WARNING] run_once: Circuit breaker already tripped: 3 consecutive losing paper trades
2026-10-05 03:15:35,107 [WARNING] run_once: Circuit breaker already tripped: 3 consecutive losing paper trades
2026-10-05 03:20:27,212 [WARNING] run_once: Circuit breaker already tripped: 3 consecutive losing paper trades
2026-10-05 03:25:21,547 [WARNING] run_once: Circuit breaker already tripped: 3 consecutive losing paper trades
2026-10-05 03:30:31,480 [WARNING] run_once: Circuit breaker already tripped: 3 consecutive losing paper trades
2026-10-05 03:35:32,881 [WARNING] run_once: Circuit breaker already tripped: 3 consecutive losing paper trades
2026-10-05 03:41:04,826 [WARNING] run_once: Circuit breaker already tripped: 3 consecutive losing paper trades
2026-10-05 03:45:29,423 [WARNING] run_once: Circuit breaker already tripped: 3 consecutive losing paper trades
2026-10-05 03:50:31,261 [WARNING] run_once: Circuit breaker already tripped: 3 consecutive losing paper trades
2026-10-05 03:55:29,729 [WARNING] run_once: Circuit breaker already tripped: 3 consecutive losing paper trades
2026-10-05 04:00:27,939 [WARNING] run_once: Circuit breaker already tripped: 3 consecutive losing paper trades
2026-10-05 04:05:27,394 [WARNING] run_once: Circuit breaker already tripped: 3 consecutive losing paper trades
2026-10-05 04:10:35,971 [WARNING] run_once: Circuit breaker already tripped: 3 consecutive losing paper trades
2026-10-05 04:15:29,259 [WARNING] run_once: Circuit breaker already tripped: 3 consecutive losing paper trades
2026-10-05 04:20:26,383 [WARNING] run_once: Circuit breaker already tripped: 3 consecutive losing paper trades
2026-10-05 04:25:23,861 [WARNING] run_once: Circuit breaker already tripped: 3 consecutive losing paper trades
2026-10-05 04:30:40,290 [WARNING] run_once: Circuit breaker already tripped: 3 consecutive losing paper trades
2026-10-05 04:35:22,703 [WARNING] run_once: Circuit breaker already tripped: 3 consecutive losing paper trades
2026-10-05 04:40:34,170 [WARNING] run_once: Circuit breaker already tripped: 3 consecutive losing paper trades
2026-10-05 04:45:31,945 [WARNING] run_once: Circuit breaker already tripped: 3 consecutive losing paper trades
2026-10-05 04:50:29,945 [WARNING] run_once: Circuit breaker already tripped: 3 consecutive losing paper trades
2026-10-05 04:55:28,494 [WARNING] run_once: Circuit breaker already tripped: 3 consecutive losing paper trades
2026-10-05 05:00:31,897 [WARNING] run_once: Circuit breaker already tripped: 3 consecutive losing paper trades
2026-10-05 05:05:28,592 [WARNING] run_once: Circuit breaker already tripped: 3 consecutive losing paper trades
2026-10-05 05:10:32,363 [WARNING] run_once: Circuit breaker already tripped: 3 consecutive losing paper trades
2026-10-05 05:15:31,298 [WARNING] run_once: Circuit breaker already tripped: 3 consecutive losing paper trades
2026-10-05 05:20:30,304 [WARNING] run_once: Circuit breaker already tripped: 3 consecutive losing paper trades
2026-10-05 05:25:26,812 [WARNING] run_once: Circuit breaker already tripped: 3 consecutive losing paper trades
2026-10-05 05:30:28,848 [WARNING] run_once: Circuit breaker already tripped: 3 consecutive losing paper trades
2026-10-05 05:35:29,081 [WARNING] run_once: Circuit breaker already tripped: 3 consecutive losing paper trades
2026-10-05 05:40:25,053 [WARNING] run_once: Circuit breaker already tripped: 3 consecutive losing paper trades
2026-10-05 05:45:37,576 [WARNING] run_once: Circuit breaker already tripped: 3 consecutive losing paper trades
2026-10-05 05:50:30,387 [WARNING] run_once: Circuit breaker already tripped: 3 consecutive losing paper trades
2026-10-05 05:55:31,110 [WARNING] run_once: Circuit breaker already tripped: 3 consecutive losing paper trades
2026-10-05 06:00:36,189 [WARNING] run_once: Circuit breaker already tripped: 3 consecutive losing paper trades
2026-10-05 06:05:28,024 [WARNING] run_once: Circuit breaker already tripped: 3 consecutive losing paper trades
2026-10-05 06:10:31,010 [WARNING] run_once: Circuit breaker already tripped: 3 consecutive losing paper trades
2026-10-05 06:15:30,316 [WARNING] run_once: Circuit breaker already tripped: 3 consecutive losing paper trades
2026-10-05 06:20:31,243 [WARNING] run_once: Circuit breaker already tripped: 3 consecutive losing paper trades
2026-10-05 06:25:23,052 [WARNING] run_once: Circuit breaker already tripped: 3 consecutive losing paper trades
2026-10-05 06:30:27,080 [WARNING] run_once: Circuit breaker already tripped: 3 consecutive losing paper trades
2026-10-05 06:35:26,980 [WARNING] run_once: Circuit breaker already tripped: 3 consecutive losing paper trades
2026-10-05 06:40:30,979 [WARNING] run_once: Circuit breaker already tripped: 3 consecutive losing paper trades
2026-10-05 06:46:06,107 [WARNING] run_once: Circuit breaker already tripped: 3 consecutive losing paper trades
2026-10-05 06:50:26,590 [WARNING] run_once: Circuit breaker already tripped: 3 consecutive losing paper trades
2026-10-05 06:55:34,291 [WARNING] run_once: Circuit breaker already tripped: 3 consecutive losing paper trades
2026-10-05 07:00:37,777 [WARNING] run_once: Circuit breaker already tripped: 3 consecutive losing paper trades
2026-10-05 07:05:28,847 [WARNING] run_once: Circuit breaker already tripped: 3 consecutive losing paper trades
2026-10-05 07:10:30,183 [WARNING] run_once: Circuit breaker already tripped: 3 consecutive losing paper trades
2026-10-05 07:15:32,644 [WARNING] run_once: Circuit breaker already tripped: 3 consecutive losing paper trades
2026-10-05 07:20:34,126 [WARNING] run_once: Circuit breaker already tripped: 3 consecutive losing paper trades
2026-10-05 07:25:30,605 [WARNING] run_once: Circuit breaker already tripped: 3 consecutive losing paper trades
2026-10-05 07:30:35,363 [WARNING] run_once: Circuit breaker already tripped: 3 consecutive losing paper trades
2026-10-05 07:35:21,923 [WARNING] run_once: Circuit breaker already tripped: 3 consecutive losing paper trades
2026-10-05 07:40:29,619 [WARNING] run_once: Circuit breaker already tripped: 3 consecutive losing paper trades
2026-10-05 07:45:26,693 [WARNING] run_once: Circuit breaker already tripped: 3 consecutive losing paper trades
2026-10-05 07:50:30,048 [WARNING] run_once: Circuit breaker already tripped: 3 consecutive losing paper trades
2026-10-05 07:55:29,729 [WARNING] run_once: Circuit breaker already tripped: 3 consecutive losing paper trades
2026-10-05 08:00:34,895 [WARNING] run_once: Circuit breaker already tripped: 3 consecutive losing paper trades
2026-10-05 08:05:28,776 [WARNING] run_once: Circuit breaker already tripped: 3 consecutive losing paper trades
2026-10-05 08:10:32,696 [WARNING] run_once: Circuit breaker already tripped: 3 consecutive losing paper trades
2026-10-05 08:15:31,569 [WARNING] run_once: Circuit breaker already tripped: 3 consecutive losing paper trades
2026-10-05 08:21:10,387 [WARNING] run_once: Circuit breaker already tripped: 3 consecutive losing paper trades
2026-10-05 08:25:28,369 [WARNING] run_once: Circuit breaker already tripped: 3 consecutive losing paper trades
2026-10-05 08:30:34,135 [WARNING] run_once: Circuit breaker already tripped: 3 consecutive losing paper trades
2026-10-05 08:35:28,052 [WARNING] run_once: Circuit breaker already tripped: 3 consecutive losing paper trades
2026-10-05 08:40:31,255 [WARNING] run_once: Circuit breaker already tripped: 3 consecutive losing paper trades
2026-10-05 08:45:30,562 [WARNING] run_once: Circuit breaker already tripped: 3 consecutive losing paper trades
2026-10-05 08:50:33,185 [WARNING] run_once: Circuit breaker already tripped: 3 consecutive losing paper trades
2026-10-05 08:55:29,383 [WARNING] run_once: Circuit breaker already tripped: 3 consecutive losing paper trades
2026-10-05 09:00:30,599 [WARNING] run_once: Circuit breaker already tripped: 3 consecutive losing paper trades
2026-10-05 09:05:21,410 [WARNING] run_once: Circuit breaker already tripped: 3 consecutive losing paper trades
2026-10-05 09:11:42,529 [WARNING] run_once: Circuit breaker already tripped: 3 consecutive losing paper trades
2026-10-05 09:15:31,650 [WARNING] run_once: Circuit breaker already tripped: 3 consecutive losing paper trades
2026-10-05 09:20:33,043 [WARNING] run_once: Circuit breaker already tripped: 3 consecutive losing paper trades
2026-10-05 09:25:26,709 [WARNING] run_once: Circuit breaker already tripped: 3 consecutive losing paper trades
2026-10-05 09:30:32,806 [WARNING] run_once: Circuit breaker already tripped: 3 consecutive losing paper trades
2026-10-05 09:35:28,456 [WARNING] run_once: Circuit breaker already tripped: 3 consecutive losing paper trades
2026-10-05 09:40:32,250 [WARNING] run_once: Circuit breaker already tripped: 3 consecutive losing paper trades
2026-10-05 09:45:30,245 [WARNING] run_once: Circuit breaker already tripped: 3 consecutive losing paper trades
2026-10-05 09:50:26,862 [WARNING] run_once: Circuit breaker already tripped: 3 consecutive losing paper trades
2026-10-05 09:55:29,908 [WARNING] run_once: Circuit breaker already tripped: 3 consecutive losing paper trades
2026-10-05 10:00:34,949 [WARNING] run_once: Circuit breaker already tripped: 3 consecutive losing paper trades
2026-10-05 10:05:28,070 [WARNING] run_once: Circuit breaker already tripped: 3 consecutive losing paper trades
2026-10-05 10:10:28,804 [WARNING] run_once: Circuit breaker already tripped: 3 consecutive losing paper trades
2026-10-05 10:15:28,961 [WARNING] run_once: Circuit breaker already tripped: 3 consecutive losing paper trades
2026-10-05 10:20:28,779 [WARNING] run_once: Circuit breaker already tripped: 3 consecutive losing paper trades
2026-10-05 10:25:23,648 [WARNING] run_once: Circuit breaker already tripped: 3 consecutive losing paper trades
2026-10-05 10:30:32,628 [WARNING] run_once: Circuit breaker already tripped: 3 consecutive losing paper trades
2026-10-05 10:35:28,070 [WARNING] run_once: Circuit breaker already tripped: 3 consecutive losing paper trades
2026-10-05 10:40:31,989 [WARNING] run_once: Circuit breaker already tripped: 3 consecutive losing paper trades
2026-10-05 10:45:31,699 [WARNING] run_once: Circuit breaker already tripped: 3 consecutive losing paper trades
2026-10-05 10:50:25,895 [WARNING] run_once: Circuit breaker already tripped: 3 consecutive losing paper trades
2026-10-05 10:55:28,892 [WARNING] run_once: Circuit breaker already tripped: 3 consecutive losing paper trades
2026-10-05 11:00:30,570 [WARNING] run_once: Circuit breaker already tripped: 3 consecutive losing paper trades
2026-10-05 11:05:32,485 [WARNING] run_once: Circuit breaker already tripped: 3 consecutive losing paper trades
2026-10-05 11:10:30,916 [WARNING] run_once: Circuit breaker already tripped: 3 consecutive losing paper trades
2026-10-05 11:15:28,575 [WARNING] run_once: Circuit breaker already tripped: 3 consecutive losing paper trades
2026-10-05 11:20:31,974 [WARNING] run_once: Circuit breaker already tripped: 3 consecutive losing paper trades
2026-10-05 11:25:28,993 [WARNING] run_once: Circuit breaker already tripped: 3 consecutive losing paper trades
2026-10-05 11:30:35,128 [WARNING] run_once: Circuit breaker already tripped: 3 consecutive losing paper trades
2026-10-05 11:35:25,331 [WARNING] run_once: Circuit breaker already tripped: 3 consecutive losing paper trades
2026-10-05 11:40:30,864 [WARNING] run_once: Circuit breaker already tripped: 3 consecutive losing paper trades
2026-10-05 11:45:32,094 [WARNING] run_once: Circuit breaker already tripped: 3 consecutive losing paper trades
2026-10-05 11:50:31,736 [WARNING] run_once: Circuit breaker already tripped: 3 consecutive losing paper trades
2026-10-05 11:55:25,548 [WARNING] run_once: Circuit breaker already tripped: 3 consecutive losing paper trades
2026-10-05 12:00:33,849 [WARNING] run_once: Circuit breaker already tripped: 3 consecutive losing paper trades
2026-10-05 12:05:28,768 [WARNING] run_once: Circuit breaker already tripped: 3 consecutive losing paper trades
2026-10-05 12:10:35,318 [WARNING] run_once: Circuit breaker already tripped: 3 consecutive losing paper trades
2026-10-05 12:15:31,521 [WARNING] run_once: Circuit breaker already tripped: 3 consecutive losing paper trades
2026-10-05 12:20:30,721 [WARNING] run_once: Circuit breaker already tripped: 3 consecutive losing paper trades
2026-10-05 12:25:27,768 [WARNING] run_once: Circuit breaker already tripped: 3 consecutive losing paper trades
2026-10-05 12:30:34,979 [WARNING] run_once: Circuit breaker already tripped: 3 consecutive losing paper trades
2026-10-05 12:35:31,972 [WARNING] run_once: Circuit breaker already tripped: 3 consecutive losing paper trades
2026-10-05 12:40:27,085 [WARNING] run_once: Circuit breaker already tripped: 3 consecutive losing paper trades
2026-10-05 12:45:32,023 [WARNING] run_once: Circuit breaker already tripped: 3 consecutive losing paper trades
2026-10-05 12:50:33,584 [WARNING] run_once: Circuit breaker already tripped: 3 consecutive losing paper trades
2026-10-05 12:55:32,662 [WARNING] run_once: Circuit breaker already tripped: 3 consecutive losing paper trades
2026-10-05 13:00:37,544 [WARNING] run_once: Circuit breaker already tripped: 3 consecutive losing paper trades
2026-10-05 13:05:29,342 [WARNING] run_once: Circuit breaker already tripped: 3 consecutive losing paper trades
2026-10-05 13:10:27,843 [WARNING] run_once: Circuit breaker already tripped: 3 consecutive losing paper trades
2026-10-05 13:15:27,337 [WARNING] run_once: Circuit breaker already tripped: 3 consecutive losing paper trades
2026-10-05 13:20:29,766 [WARNING] run_once: Circuit breaker already tripped: 3 consecutive losing paper trades
2026-10-05 13:25:35,910 [WARNING] run_once: Circuit breaker already tripped: 3 consecutive losing paper trades
2026-10-05 13:30:31,089 [WARNING] run_once: Circuit breaker already tripped: 3 consecutive losing paper trades
2026-10-05 13:35:33,324 [WARNING] run_once: Circuit breaker already tripped: 3 consecutive losing paper trades
2026-10-05 13:40:34,267 [WARNING] run_once: Circuit breaker already tripped: 3 consecutive losing paper trades
2026-10-05 13:45:34,369 [WARNING] run_once: Circuit breaker already tripped: 3 consecutive losing paper trades
2026-10-05 13:50:28,700 [WARNING] run_once: Circuit breaker already tripped: 3 consecutive losing paper trades
2026-10-05 13:55:28,369 [WARNING] run_once: Circuit breaker already tripped: 3 consecutive losing paper trades
2026-10-05 14:00:31,801 [WARNING] run_once: Circuit breaker already tripped: 3 consecutive losing paper trades
2026-10-05 14:05:25,316 [WARNING] run_once: Circuit breaker already tripped: 3 consecutive losing paper trades
2026-10-05 14:10:27,158 [WARNING] run_once: Circuit breaker already tripped: 3 consecutive losing paper trades
2026-10-05 14:15:36,914 [WARNING] run_once: Circuit breaker already tripped: 3 consecutive losing paper trades
2026-10-05 14:20:37,191 [WARNING] run_once: Circuit breaker already tripped: 3 consecutive losing paper trades
2026-10-05 14:25:28,056 [WARNING] run_once: Circuit breaker already tripped: 3 consecutive losing paper trades
2026-10-05 14:30:34,661 [WARNING] run_once: Circuit breaker already tripped: 3 consecutive losing paper trades
2026-10-05 14:35:32,487 [WARNING] run_once: Circuit breaker already tripped: 3 consecutive losing paper trades
2026-10-05 14:42:41,948 [WARNING] run_once: Circuit breaker already tripped: 3 consecutive losing paper trades
2026-10-05 14:45:27,814 [WARNING] run_once: Circuit breaker already tripped: 3 consecutive losing paper trades
2026-10-05 14:50:36,198 [WARNING] run_once: Circuit breaker already tripped: 3 consecutive losing paper trades
2026-10-05 14:55:23,591 [WARNING] run_once: Circuit breaker already tripped: 3 consecutive losing paper trades
2026-10-05 15:01:06,519 [WARNING] run_once: Circuit breaker already tripped: 3 consecutive losing paper trades
2026-10-05 15:05:32,843 [WARNING] run_once: Circuit breaker already tripped: 3 consecutive losing paper trades
2026-10-05 15:10:34,901 [WARNING] run_once: Circuit breaker already tripped: 3 consecutive losing paper trades
2026-10-05 15:15:32,384 [WARNING] run_once: Circuit breaker already tripped: 3 consecutive losing paper trades
2026-10-05 15:20:37,861 [WARNING] run_once: Circuit breaker already tripped: 3 consecutive losing paper trades
2026-10-05 15:25:30,624 [WARNING] run_once: Circuit breaker already tripped: 3 consecutive losing paper trades
2026-10-05 15:30:30,392 [WARNING] run_once: Circuit breaker already tripped: 3 consecutive losing paper trades
2026-10-05 15:35:31,262 [WARNING] run_once: Circuit breaker already tripped: 3 consecutive losing paper trades
2026-10-05 15:40:33,116 [WARNING] run_once: Circuit breaker already tripped: 3 consecutive losing paper trades
2026-10-05 15:45:32,177 [WARNING] run_once: Circuit breaker already tripped: 3 consecutive losing paper trades
2026-10-05 15:50:41,890 [WARNING] run_once: Circuit breaker already tripped: 3 consecutive losing paper trades
2026-10-05 15:55:28,676 [WARNING] run_once: Circuit breaker already tripped: 3 consecutive losing paper trades
2026-10-05 16:00:38,176 [WARNING] run_once: Circuit breaker already tripped: 3 consecutive losing paper trades
2026-10-05 16:05:33,201 [WARNING] run_once: Circuit breaker already tripped: 3 consecutive losing paper trades
2026-10-05 16:10:39,350 [WARNING] run_once: Circuit breaker already tripped: 3 consecutive losing paper trades
2026-10-05 16:15:31,182 [WARNING] run_once: Circuit breaker already tripped: 3 consecutive losing paper trades
2026-10-05 16:20:34,257 [WARNING] run_once: Circuit breaker already tripped: 3 consecutive losing paper trades
2026-10-05 16:25:38,137 [WARNING] run_once: Circuit breaker already tripped: 3 consecutive losing paper trades
2026-10-05 16:30:45,087 [WARNING] run_once: Circuit breaker already tripped: 3 consecutive losing paper trades
2026-10-05 16:35:30,004 [WARNING] run_once: Circuit breaker already tripped: 3 consecutive losing paper trades
2026-10-05 16:40:34,653 [WARNING] run_once: Circuit breaker already tripped: 3 consecutive losing paper trades
2026-10-05 16:45:30,342 [WARNING] run_once: Circuit breaker already tripped: 3 consecutive losing paper trades
2026-10-05 16:50:32,793 [WARNING] run_once: Circuit breaker already tripped: 3 consecutive losing paper trades
2026-10-05 16:55:32,336 [WARNING] run_once: Circuit breaker already tripped: 3 consecutive losing paper trades
2026-10-05 17:00:37,814 [WARNING] run_once: Circuit breaker already tripped: 3 consecutive losing paper trades
2026-10-05 17:05:32,213 [WARNING] run_once: Circuit breaker already tripped: 3 consecutive losing paper trades
2026-10-05 17:10:32,056 [WARNING] run_once: Circuit breaker already tripped: 3 consecutive losing paper trades
2026-10-05 17:15:31,148 [WARNING] run_once: Circuit breaker already tripped: 3 consecutive losing paper trades
2026-10-05 17:20:26,709 [WARNING] run_once: Circuit breaker already tripped: 3 consecutive losing paper trades
2026-10-05 17:25:30,486 [WARNING] run_once: Circuit breaker already tripped: 3 consecutive losing paper trades
2026-10-05 17:30:36,406 [WARNING] run_once: Circuit breaker already tripped: 3 consecutive losing paper trades
2026-10-05 17:35:27,195 [WARNING] run_once: Circuit breaker already tripped: 3 consecutive losing paper trades
2026-10-05 17:40:27,305 [WARNING] run_once: Circuit breaker already tripped: 3 consecutive losing paper trades
2026-10-05 17:45:31,548 [WARNING] run_once: Circuit breaker already tripped: 3 consecutive losing paper trades
2026-10-05 17:50:32,489 [WARNING] run_once: Circuit breaker already tripped: 3 consecutive losing paper trades
2026-10-05 17:55:32,481 [WARNING] run_once: Circuit breaker already tripped: 3 consecutive losing paper trades
2026-10-05 18:00:39,019 [WARNING] run_once: Circuit breaker already tripped: 3 consecutive losing paper trades
2026-10-05 18:05:29,480 [WARNING] run_once: Circuit breaker already tripped: 3 consecutive losing paper trades
2026-10-05 18:10:34,312 [WARNING] run_once: Circuit breaker already tripped: 3 consecutive losing paper trades
2026-10-05 18:15:42,012 [WARNING] run_once: Circuit breaker already tripped: 3 consecutive losing paper trades
2026-10-05 18:20:27,189 [WARNING] run_once: Circuit breaker already tripped: 3 consecutive losing paper trades
2026-10-05 18:25:26,170 [WARNING] run_once: Circuit breaker already tripped: 3 consecutive losing paper trades
2026-10-05 18:30:33,752 [WARNING] run_once: Circuit breaker already tripped: 3 consecutive losing paper trades
2026-10-05 18:35:31,886 [WARNING] run_once: Circuit breaker already tripped: 3 consecutive losing paper trades
2026-10-05 18:40:40,063 [WARNING] run_once: Circuit breaker already tripped: 3 consecutive losing paper trades
2026-10-05 18:45:32,906 [WARNING] run_once: Circuit breaker already tripped: 3 consecutive losing paper trades
2026-10-05 18:50:33,097 [WARNING] run_once: Circuit breaker already tripped: 3 consecutive losing paper trades
2026-10-05 18:55:30,900 [WARNING] run_once: Circuit breaker already tripped: 3 consecutive losing paper trades
2026-10-05 19:00:32,434 [WARNING] run_once: Circuit breaker already tripped: 3 consecutive losing paper trades
2026-10-05 19:05:31,979 [WARNING] run_once: Circuit breaker already tripped: 3 consecutive losing paper trades
2026-10-05 19:10:47,634 [WARNING] run_once: Circuit breaker already tripped: 3 consecutive losing paper trades
2026-10-05 19:17:00,525 [WARNING] run_once: Circuit breaker already tripped: 3 consecutive losing paper trades
2026-10-05 19:45:51,409 [WARNING] run_once: Circuit breaker already tripped: 3 consecutive losing paper trades
2026-10-05 20:06:39,661 [WARNING] run_once: Circuit breaker already tripped: 3 consecutive losing paper trades
2026-10-05 20:22:26,976 [WARNING] run_once: Circuit breaker already tripped: 3 consecutive losing paper trades
2026-10-05 21:00:51,352 [WARNING] run_once: Circuit breaker already tripped: 3 consecutive losing paper trades
2026-10-05 21:16:40,193 [WARNING] run_once: Circuit breaker already tripped: 3 consecutive losing paper trades
2026-10-05 21:25:36,280 [WARNING] run_once: Circuit breaker already tripped: 3 consecutive losing paper trades
2026-10-05 21:30:48,348 [WARNING] run_once: Circuit breaker already tripped: 3 consecutive losing paper trades
2026-10-05 21:35:25,390 [WARNING] run_once: Circuit breaker already tripped: 3 consecutive losing paper trades
2026-10-05 21:40:33,903 [WARNING] run_once: Circuit breaker already tripped: 3 consecutive losing paper trades
2026-10-05 21:45:31,295 [WARNING] run_once: Circuit breaker already tripped: 3 consecutive losing paper trades
2026-10-05 21:50:27,435 [WARNING] run_once: Circuit breaker already tripped: 3 consecutive losing paper trades
2026-10-05 21:55:31,661 [WARNING] run_once: Circuit breaker already tripped: 3 consecutive losing paper trades
2026-10-05 22:00:36,227 [WARNING] run_once: Circuit breaker already tripped: 3 consecutive losing paper trades
2026-10-05 22:05:33,107 [WARNING] run_once: Circuit breaker already tripped: 3 consecutive losing paper trades
2026-10-05 22:10:25,970 [WARNING] run_once: Circuit breaker already tripped: 3 consecutive losing paper trades
2026-10-05 22:15:28,053 [WARNING] run_once: Circuit breaker already tripped: 3 consecutive losing paper trades
2026-10-05 22:20:32,781 [WARNING] run_once: Circuit breaker already tripped: 3 consecutive losing paper trades
2026-10-05 22:25:28,957 [WARNING] run_once: Circuit breaker already tripped: 3 consecutive losing paper trades
2026-10-05 22:30:37,212 [WARNING] run_once: Circuit breaker already tripped: 3 consecutive losing paper trades
2026-10-05 22:35:30,279 [WARNING] run_once: Circuit breaker already tripped: 3 consecutive losing paper trades
2026-10-05 22:40:27,903 [WARNING] run_once: Circuit breaker already tripped: 3 consecutive losing paper trades
2026-10-05 22:45:33,530 [WARNING] run_once: Circuit breaker already tripped: 3 consecutive losing paper trades
2026-10-05 22:50:55,344 [WARNING] run_once: Circuit breaker already tripped: 3 consecutive losing paper trades
2026-10-05 22:55:32,819 [WARNING] run_once: Circuit breaker already tripped: 3 consecutive losing paper trades
2026-10-05 23:00:38,646 [WARNING] run_once: Circuit breaker already tripped: 3 consecutive losing paper trades
2026-10-05 23:05:30,047 [WARNING] run_once: Circuit breaker already tripped: 3 consecutive losing paper trades
2026-10-05 23:10:31,889 [WARNING] run_once: Circuit breaker already tripped: 3 consecutive losing paper trades
2026-10-05 23:15:30,283 [WARNING] run_once: Circuit breaker already tripped: 3 consecutive losing paper trades
2026-10-05 23:20:30,334 [WARNING] run_once: Circuit breaker already tripped: 3 consecutive losing paper trades
2026-10-05 23:25:30,224 [WARNING] run_once: Circuit breaker already tripped: 3 consecutive losing paper trades
2026-10-05 23:30:32,313 [WARNING] run_once: Circuit breaker already tripped: 3 consecutive losing paper trades
2026-10-05 23:35:43,356 [WARNING] run_once: Circuit breaker already tripped: 3 consecutive losing paper trades
2026-10-05 23:40:31,963 [WARNING] run_once: Circuit breaker already tripped: 3 consecutive losing paper trades
2026-10-05 23:45:26,569 [WARNING] run_once: Circuit breaker already tripped: 3 consecutive losing paper trades
2026-10-05 23:50:33,142 [WARNING] run_once: Circuit breaker already tripped: 3 consecutive losing paper trades
2026-10-05 23:55:28,507 [WARNING] run_once: Circuit breaker already tripped: 3 consecutive losing paper trades
2026-10-06 00:00:30,569 [WARNING] run_once: Circuit breaker already tripped: 3 consecutive losing paper trades
2026-10-06 00:05:24,309 [WARNING] run_once: Circuit breaker already tripped: 3 consecutive losing paper trades
2026-10-06 00:10:27,541 [WARNING] run_once: Circuit breaker already tripped: 3 consecutive losing paper trades
2026-10-06 00:15:33,575 [WARNING] run_once: Circuit breaker already tripped: 3 consecutive losing paper trades
2026-10-06 00:20:31,896 [WARNING] run_once: Circuit breaker already tripped: 3 consecutive losing paper trades
2026-10-06 00:25:28,314 [WARNING] run_once: Circuit breaker already tripped: 3 consecutive losing paper trades
2026-10-06 00:30:25,333 [WARNING] run_once: Circuit breaker already tripped: 3 consecutive losing paper trades
2026-10-06 00:35:30,571 [WARNING] run_once: Circuit breaker already tripped: 3 consecutive losing paper trades
2026-10-06 00:41:06,956 [WARNING] run_once: Circuit breaker already tripped: 3 consecutive losing paper trades
2026-10-06 00:45:36,282 [WARNING] run_once: Circuit breaker already tripped: 3 consecutive losing paper trades
2026-10-06 00:50:31,285 [WARNING] run_once: Circuit breaker already tripped: 3 consecutive losing paper trades
2026-10-06 00:55:32,847 [WARNING] run_once: Circuit breaker already tripped: 3 consecutive losing paper trades
2026-10-06 01:00:33,531 [WARNING] run_once: Circuit breaker already tripped: 3 consecutive losing paper trades
2026-10-06 01:05:29,633 [WARNING] run_once: Circuit breaker already tripped: 3 consecutive losing paper trades
2026-10-06 01:10:34,834 [WARNING] run_once: Circuit breaker already tripped: 3 consecutive losing paper trades
2026-10-06 01:15:33,229 [WARNING] run_once: Circuit breaker already tripped: 3 consecutive losing paper trades
2026-10-06 01:20:31,180 [WARNING] run_once: Circuit breaker already tripped: 3 consecutive losing paper trades
2026-10-06 01:25:29,211 [WARNING] run_once: Circuit breaker already tripped: 3 consecutive losing paper trades
2026-10-06 01:30:34,910 [WARNING] run_once: Circuit breaker already tripped: 3 consecutive losing paper trades
2026-10-06 01:35:28,035 [WARNING] run_once: Circuit breaker already tripped: 3 consecutive losing paper trades
2026-10-06 01:40:30,068 [WARNING] run_once: Circuit breaker already tripped: 3 consecutive losing paper trades
2026-10-06 01:45:32,065 [WARNING] run_once: Circuit breaker already tripped: 3 consecutive losing paper trades
2026-10-06 01:50:35,181 [WARNING] run_once: Circuit breaker already tripped: 3 consecutive losing paper trades
2026-10-06 01:55:26,390 [WARNING] run_once: Circuit breaker already tripped: 3 consecutive losing paper trades
2026-10-06 02:00:38,620 [WARNING] run_once: Circuit breaker already tripped: 3 consecutive losing paper trades
2026-10-06 02:05:27,513 [WARNING] run_once: Circuit breaker already tripped: 3 consecutive losing paper trades
2026-10-06 02:10:32,244 [WARNING] run_once: Circuit breaker already tripped: 3 consecutive losing paper trades
2026-10-06 02:15:30,872 [WARNING] run_once: Circuit breaker already tripped: 3 consecutive losing paper trades
2026-10-06 02:20:31,022 [WARNING] run_once: Circuit breaker already tripped: 3 consecutive losing paper trades
2026-10-06 02:25:33,551 [WARNING] run_once: Circuit breaker already tripped: 3 consecutive losing paper trades
2026-10-06 02:31:11,148 [WARNING] run_once: Circuit breaker already tripped: 3 consecutive losing paper trades
2026-10-06 02:35:29,406 [WARNING] run_once: Circuit breaker already tripped: 3 consecutive losing paper trades
2026-10-06 02:40:30,528 [WARNING] run_once: Circuit breaker already tripped: 3 consecutive losing paper trades
2026-10-06 02:45:31,820 [WARNING] run_once: Circuit breaker already tripped: 3 consecutive losing paper trades
2026-10-06 02:50:30,077 [WARNING] run_once: Circuit breaker already tripped: 3 consecutive losing paper trades
2026-10-06 02:55:27,657 [WARNING] run_once: Circuit breaker already tripped: 3 consecutive losing paper trades
2026-10-06 03:00:33,639 [WARNING] run_once: Circuit breaker already tripped: 3 consecutive losing paper trades
2026-10-06 03:05:32,187 [WARNING] run_once: Circuit breaker already tripped: 3 consecutive losing paper trades
2026-10-06 03:10:35,140 [WARNING] run_once: Circuit breaker already tripped: 3 consecutive losing paper trades
2026-10-06 03:15:36,887 [WARNING] run_once: Circuit breaker already tripped: 3 consecutive losing paper trades
2026-10-06 03:20:33,564 [WARNING] run_once: Circuit breaker already tripped: 3 consecutive losing paper trades
2026-10-06 03:25:27,762 [WARNING] run_once: Circuit breaker already tripped: 3 consecutive losing paper trades
2026-10-06 03:30:33,860 [WARNING] run_once: Circuit breaker already tripped: 3 consecutive losing paper trades
2026-10-06 03:35:27,682 [WARNING] run_once: Circuit breaker already tripped: 3 consecutive losing paper trades
